#! /usr/bin/vvp
:ivl_version "12.0 (stable)";
:ivl_delay_selection "TYPICAL";
:vpi_time_precision + 0;
:vpi_module "/usr/lib/x86_64-linux-gnu/ivl/system.vpi";
:vpi_module "/usr/lib/x86_64-linux-gnu/ivl/vhdl_sys.vpi";
:vpi_module "/usr/lib/x86_64-linux-gnu/ivl/vhdl_textio.vpi";
:vpi_module "/usr/lib/x86_64-linux-gnu/ivl/v2005_math.vpi";
:vpi_module "/usr/lib/x86_64-linux-gnu/ivl/va_math.vpi";
S_0x5bc1f07dfa60 .scope module, "amba_axi_m2s2" "amba_axi_m2s2" 2 5;
 .timescale 0 0;
    .port_info 0 /INPUT 1 "ARESETn";
    .port_info 1 /INPUT 1 "ACLK";
    .port_info 2 /INPUT 4 "M0_AWID";
    .port_info 3 /INPUT 32 "M0_AWADDR";
    .port_info 4 /INPUT 8 "M0_AWLEN";
    .port_info 5 /INPUT 1 "M0_AWLOCK";
    .port_info 6 /INPUT 3 "M0_AWSIZE";
    .port_info 7 /INPUT 2 "M0_AWBURST";
    .port_info 8 /INPUT 1 "M0_AWVALID";
    .port_info 9 /OUTPUT 1 "M0_AWREADY";
    .port_info 10 /INPUT 32 "M0_WDATA";
    .port_info 11 /INPUT 4 "M0_WSTRB";
    .port_info 12 /INPUT 1 "M0_WLAST";
    .port_info 13 /INPUT 1 "M0_WVALID";
    .port_info 14 /OUTPUT 1 "M0_WREADY";
    .port_info 15 /OUTPUT 4 "M0_BID";
    .port_info 16 /OUTPUT 2 "M0_BRESP";
    .port_info 17 /OUTPUT 1 "M0_BVALID";
    .port_info 18 /INPUT 1 "M0_BREADY";
    .port_info 19 /INPUT 4 "M0_ARID";
    .port_info 20 /INPUT 32 "M0_ARADDR";
    .port_info 21 /INPUT 8 "M0_ARLEN";
    .port_info 22 /INPUT 1 "M0_ARLOCK";
    .port_info 23 /INPUT 3 "M0_ARSIZE";
    .port_info 24 /INPUT 2 "M0_ARBURST";
    .port_info 25 /INPUT 1 "M0_ARVALID";
    .port_info 26 /OUTPUT 1 "M0_ARREADY";
    .port_info 27 /OUTPUT 4 "M0_RID";
    .port_info 28 /OUTPUT 32 "M0_RDATA";
    .port_info 29 /OUTPUT 2 "M0_RRESP";
    .port_info 30 /OUTPUT 1 "M0_RLAST";
    .port_info 31 /OUTPUT 1 "M0_RVALID";
    .port_info 32 /INPUT 1 "M0_RREADY";
    .port_info 33 /INPUT 4 "M1_AWID";
    .port_info 34 /INPUT 32 "M1_AWADDR";
    .port_info 35 /INPUT 8 "M1_AWLEN";
    .port_info 36 /INPUT 1 "M1_AWLOCK";
    .port_info 37 /INPUT 3 "M1_AWSIZE";
    .port_info 38 /INPUT 2 "M1_AWBURST";
    .port_info 39 /INPUT 1 "M1_AWVALID";
    .port_info 40 /OUTPUT 1 "M1_AWREADY";
    .port_info 41 /INPUT 32 "M1_WDATA";
    .port_info 42 /INPUT 4 "M1_WSTRB";
    .port_info 43 /INPUT 1 "M1_WLAST";
    .port_info 44 /INPUT 1 "M1_WVALID";
    .port_info 45 /OUTPUT 1 "M1_WREADY";
    .port_info 46 /OUTPUT 4 "M1_BID";
    .port_info 47 /OUTPUT 2 "M1_BRESP";
    .port_info 48 /OUTPUT 1 "M1_BVALID";
    .port_info 49 /INPUT 1 "M1_BREADY";
    .port_info 50 /INPUT 4 "M1_ARID";
    .port_info 51 /INPUT 32 "M1_ARADDR";
    .port_info 52 /INPUT 8 "M1_ARLEN";
    .port_info 53 /INPUT 1 "M1_ARLOCK";
    .port_info 54 /INPUT 3 "M1_ARSIZE";
    .port_info 55 /INPUT 2 "M1_ARBURST";
    .port_info 56 /INPUT 1 "M1_ARVALID";
    .port_info 57 /OUTPUT 1 "M1_ARREADY";
    .port_info 58 /OUTPUT 4 "M1_RID";
    .port_info 59 /OUTPUT 32 "M1_RDATA";
    .port_info 60 /OUTPUT 2 "M1_RRESP";
    .port_info 61 /OUTPUT 1 "M1_RLAST";
    .port_info 62 /OUTPUT 1 "M1_RVALID";
    .port_info 63 /INPUT 1 "M1_RREADY";
    .port_info 64 /OUTPUT 5 "S0_AWID";
    .port_info 65 /OUTPUT 32 "S0_AWADDR";
    .port_info 66 /OUTPUT 8 "S0_AWLEN";
    .port_info 67 /OUTPUT 1 "S0_AWLOCK";
    .port_info 68 /OUTPUT 3 "S0_AWSIZE";
    .port_info 69 /OUTPUT 2 "S0_AWBURST";
    .port_info 70 /OUTPUT 1 "S0_AWVALID";
    .port_info 71 /INPUT 1 "S0_AWREADY";
    .port_info 72 /OUTPUT 32 "S0_WDATA";
    .port_info 73 /OUTPUT 4 "S0_WSTRB";
    .port_info 74 /OUTPUT 1 "S0_WLAST";
    .port_info 75 /OUTPUT 1 "S0_WVALID";
    .port_info 76 /INPUT 1 "S0_WREADY";
    .port_info 77 /INPUT 5 "S0_BID";
    .port_info 78 /INPUT 2 "S0_BRESP";
    .port_info 79 /INPUT 1 "S0_BVALID";
    .port_info 80 /OUTPUT 1 "S0_BREADY";
    .port_info 81 /OUTPUT 5 "S0_ARID";
    .port_info 82 /OUTPUT 32 "S0_ARADDR";
    .port_info 83 /OUTPUT 8 "S0_ARLEN";
    .port_info 84 /OUTPUT 1 "S0_ARLOCK";
    .port_info 85 /OUTPUT 3 "S0_ARSIZE";
    .port_info 86 /OUTPUT 2 "S0_ARBURST";
    .port_info 87 /OUTPUT 1 "S0_ARVALID";
    .port_info 88 /INPUT 1 "S0_ARREADY";
    .port_info 89 /INPUT 5 "S0_RID";
    .port_info 90 /INPUT 32 "S0_RDATA";
    .port_info 91 /INPUT 2 "S0_RRESP";
    .port_info 92 /INPUT 1 "S0_RLAST";
    .port_info 93 /INPUT 1 "S0_RVALID";
    .port_info 94 /OUTPUT 1 "S0_RREADY";
    .port_info 95 /OUTPUT 5 "S1_AWID";
    .port_info 96 /OUTPUT 32 "S1_AWADDR";
    .port_info 97 /OUTPUT 8 "S1_AWLEN";
    .port_info 98 /OUTPUT 1 "S1_AWLOCK";
    .port_info 99 /OUTPUT 3 "S1_AWSIZE";
    .port_info 100 /OUTPUT 2 "S1_AWBURST";
    .port_info 101 /OUTPUT 1 "S1_AWVALID";
    .port_info 102 /INPUT 1 "S1_AWREADY";
    .port_info 103 /OUTPUT 32 "S1_WDATA";
    .port_info 104 /OUTPUT 4 "S1_WSTRB";
    .port_info 105 /OUTPUT 1 "S1_WLAST";
    .port_info 106 /OUTPUT 1 "S1_WVALID";
    .port_info 107 /INPUT 1 "S1_WREADY";
    .port_info 108 /INPUT 5 "S1_BID";
    .port_info 109 /INPUT 2 "S1_BRESP";
    .port_info 110 /INPUT 1 "S1_BVALID";
    .port_info 111 /OUTPUT 1 "S1_BREADY";
    .port_info 112 /OUTPUT 5 "S1_ARID";
    .port_info 113 /OUTPUT 32 "S1_ARADDR";
    .port_info 114 /OUTPUT 8 "S1_ARLEN";
    .port_info 115 /OUTPUT 1 "S1_ARLOCK";
    .port_info 116 /OUTPUT 3 "S1_ARSIZE";
    .port_info 117 /OUTPUT 2 "S1_ARBURST";
    .port_info 118 /OUTPUT 1 "S1_ARVALID";
    .port_info 119 /INPUT 1 "S1_ARREADY";
    .port_info 120 /INPUT 5 "S1_RID";
    .port_info 121 /INPUT 32 "S1_RDATA";
    .port_info 122 /INPUT 2 "S1_RRESP";
    .port_info 123 /INPUT 1 "S1_RLAST";
    .port_info 124 /INPUT 1 "S1_RVALID";
    .port_info 125 /OUTPUT 1 "S1_RREADY";
P_0x5bc1f0608580 .param/l "ADDR_BASE0" 0 2 31, C4<00000000000000000000000000000000>;
P_0x5bc1f06085c0 .param/l "ADDR_BASE1" 0 2 32, C4<00000000000000000010000000000000>;
P_0x5bc1f0608600 .param/l "ADDR_END0" 1 2 1239, C4<0000000000000000000000000000000000111111111111>;
P_0x5bc1f0608640 .param/l "ADDR_END1" 1 2 1240, C4<0000000000000000000000000000000010111111111111>;
P_0x5bc1f0608680 .param/l "ADDR_LENGTH0" 0 2 29, +C4<00000000000000000000000000001100>;
P_0x5bc1f06086c0 .param/l "ADDR_LENGTH1" 0 2 30, +C4<00000000000000000000000000001100>;
P_0x5bc1f0608700 .param/l "NUM_MASTER" 0 2 6, +C4<00000000000000000000000000000010>;
P_0x5bc1f0608740 .param/l "NUM_SLAVE" 0 2 7, +C4<00000000000000000000000000000010>;
P_0x5bc1f0608780 .param/l "SLAVE_EN0" 0 2 29, +C4<00000000000000000000000000000001>;
P_0x5bc1f06087c0 .param/l "SLAVE_EN1" 0 2 30, +C4<00000000000000000000000000000001>;
P_0x5bc1f0608800 .param/l "WIDTH_AD" 0 2 10, +C4<00000000000000000000000000100000>;
P_0x5bc1f0608840 .param/l "WIDTH_CID" 0 2 8, +C4<00000000000000000000000000000001>;
P_0x5bc1f0608880 .param/l "WIDTH_DA" 0 2 11, +C4<00000000000000000000000000100000>;
P_0x5bc1f06088c0 .param/l "WIDTH_DS" 0 2 12, +C4<00000000000000000000000000000100>;
P_0x5bc1f0608900 .param/l "WIDTH_ID" 0 2 9, +C4<00000000000000000000000000000100>;
P_0x5bc1f0608940 .param/l "WIDTH_SID" 0 2 13, +C4<000000000000000000000000000000101>;
L_0x5bc1f07f3400 .functor OR 1, L_0x5bc1f08871c0, L_0x5bc1f088d3e0, C4<0>, C4<0>;
L_0x5bc1f0815c30 .functor OR 1, L_0x5bc1f07f3400, L_0x5bc1f0893710, C4<0>, C4<0>;
L_0x5bc1f0816b60 .functor OR 1, L_0x5bc1f0887aa0, L_0x5bc1f088dee0, C4<0>, C4<0>;
L_0x5bc1f0817e50 .functor OR 1, L_0x5bc1f0816b60, L_0x5bc1f0894020, C4<0>, C4<0>;
L_0x5bc1f0818920 .functor OR 1, L_0x5bc1f0887e40, L_0x5bc1f088e280, C4<0>, C4<0>;
L_0x5bc1f07fc2d0 .functor OR 1, L_0x5bc1f0818920, L_0x5bc1f0894450, C4<0>, C4<0>;
L_0x5bc1f07fd200 .functor OR 1, L_0x5bc1f08877d0, L_0x5bc1f088dc10, C4<0>, C4<0>;
L_0x5bc1f0870b10 .functor OR 1, L_0x5bc1f07fd200, L_0x5bc1f0893e70, C4<0>, C4<0>;
L_0x5bc1f0870cc0 .functor OR 1, L_0x5bc1f0887bb0, L_0x5bc1f088dff0, C4<0>, C4<0>;
L_0x5bc1f0870df0 .functor OR 1, L_0x5bc1f0870cc0, L_0x5bc1f0894130, C4<0>, C4<0>;
L_0x5bc1f0870fb0 .functor OR 1, L_0x5bc1f0887f90, L_0x5bc1f088e3d0, C4<0>, C4<0>;
L_0x5bc1f0871070 .functor OR 1, L_0x5bc1f0870fb0, L_0x5bc1f0894550, C4<0>, C4<0>;
L_0x5bc1f08711f0 .functor OR 1, L_0x5bc1f08968d0, L_0x5bc1f089a2e0, C4<0>, C4<0>;
L_0x5bc1f0871300 .functor OR 1, L_0x5bc1f08982e0, L_0x5bc1f089ba50, C4<0>, C4<0>;
L_0x5bc1f0871180 .functor OR 1, L_0x5bc1f0897e20, L_0x5bc1f089b540, C4<0>, C4<0>;
L_0x5bc1f0871530 .functor OR 1, L_0x5bc1f0898610, L_0x5bc1f089bd80, C4<0>, C4<0>;
L_0x5bc1f08716d0 .functor OR 1, L_0x5bc1f08980b0, L_0x5bc1f089b820, C4<0>, C4<0>;
L_0x5bc1f0871830 .functor OR 1, L_0x5bc1f08987b0, L_0x5bc1f089bf20, C4<0>, C4<0>;
L_0x5bc1f0871b70 .functor OR 1, L_0x5bc1f0871a30, L_0x5bc1f0871ad0, C4<0>, C4<0>;
L_0x5bc1f0871f00 .functor OR 1, L_0x5bc1f0871dc0, L_0x5bc1f0871e60, C4<0>, C4<0>;
L_0x5bc1f0872150 .functor OR 1, L_0x5bc1f0871990, L_0x5bc1f08720b0, C4<0>, C4<0>;
L_0x5bc1f0872620 .functor OR 1, L_0x5bc1f08723f0, L_0x5bc1f0872490, C4<0>, C4<0>;
o0x7eb6514bc3d8 .functor BUFZ 1, C4<z>; HiZ drive
v0x5bc1f0863f80_0 .net "ACLK", 0 0, o0x7eb6514bc3d8;  0 drivers
o0x7eb6514bc6d8 .functor BUFZ 1, C4<z>; HiZ drive
v0x5bc1f0864040_0 .net "ARESETn", 0 0, o0x7eb6514bc6d8;  0 drivers
v0x5bc1f0864100_0 .net "ARSELECT", 1 0, L_0x5bc1f0872260;  1 drivers
v0x5bc1f08641a0 .array "ARSELECT_OUT", 1 0;
v0x5bc1f08641a0_0 .net v0x5bc1f08641a0 0, 1 0, L_0x5bc1f0872810; 1 drivers
v0x5bc1f08641a0_1 .net v0x5bc1f08641a0 1, 1 0, L_0x5bc1f0889150; 1 drivers
v0x5bc1f08642e0_0 .net "AWSELECT", 1 0, L_0x5bc1f0871c80;  1 drivers
v0x5bc1f08643f0 .array "AWSELECT_OUT", 1 0;
v0x5bc1f08643f0_0 .net v0x5bc1f08643f0 0, 1 0, L_0x5bc1f0872750; 1 drivers
v0x5bc1f08643f0_1 .net v0x5bc1f08643f0 1, 1 0, L_0x5bc1f08890e0; 1 drivers
o0x7eb6514c1a48 .functor BUFZ 32, C4<zzzzzzzzzzzzzzzzzzzzzzzzzzzzzzzz>; HiZ drive
v0x5bc1f0864550_0 .net "M0_ARADDR", 31 0, o0x7eb6514c1a48;  0 drivers
o0x7eb6514c1a78 .functor BUFZ 2, C4<zz>; HiZ drive
v0x5bc1f0864610_0 .net "M0_ARBURST", 1 0, o0x7eb6514c1a78;  0 drivers
o0x7eb6514c1aa8 .functor BUFZ 4, C4<zzzz>; HiZ drive
v0x5bc1f08646d0_0 .net "M0_ARID", 3 0, o0x7eb6514c1aa8;  0 drivers
o0x7eb6514c1ad8 .functor BUFZ 8, C4<zzzzzzzz>; HiZ drive
v0x5bc1f0864790_0 .net "M0_ARLEN", 7 0, o0x7eb6514c1ad8;  0 drivers
o0x7eb6514c1b08 .functor BUFZ 1, C4<z>; HiZ drive
v0x5bc1f0864850_0 .net "M0_ARLOCK", 0 0, o0x7eb6514c1b08;  0 drivers
v0x5bc1f08648f0_0 .net "M0_ARREADY", 0 0, L_0x5bc1f07fc2d0;  1 drivers
v0x5bc1f08649b0_0 .net "M0_ARREADY_S0", 0 0, L_0x5bc1f0887e40;  1 drivers
v0x5bc1f0864a50_0 .net "M0_ARREADY_S1", 0 0, L_0x5bc1f088e280;  1 drivers
v0x5bc1f0864af0_0 .net "M0_ARREADY_SD", 0 0, L_0x5bc1f0894450;  1 drivers
o0x7eb6514c1b68 .functor BUFZ 3, C4<zzz>; HiZ drive
v0x5bc1f0864b90_0 .net "M0_ARSIZE", 2 0, o0x7eb6514c1b68;  0 drivers
o0x7eb6514c1b98 .functor BUFZ 1, C4<z>; HiZ drive
v0x5bc1f0864c30_0 .net "M0_ARVALID", 0 0, o0x7eb6514c1b98;  0 drivers
o0x7eb6514c1bc8 .functor BUFZ 32, C4<zzzzzzzzzzzzzzzzzzzzzzzzzzzzzzzz>; HiZ drive
v0x5bc1f0864cd0_0 .net "M0_AWADDR", 31 0, o0x7eb6514c1bc8;  0 drivers
o0x7eb6514c1bf8 .functor BUFZ 2, C4<zz>; HiZ drive
v0x5bc1f0864d70_0 .net "M0_AWBURST", 1 0, o0x7eb6514c1bf8;  0 drivers
o0x7eb6514bca68 .functor BUFZ 4, C4<zzzz>; HiZ drive
v0x5bc1f0864e10_0 .net "M0_AWID", 3 0, o0x7eb6514bca68;  0 drivers
o0x7eb6514bca98 .functor BUFZ 8, C4<zzzzzzzz>; HiZ drive
v0x5bc1f0864ed0_0 .net "M0_AWLEN", 7 0, o0x7eb6514bca98;  0 drivers
o0x7eb6514c1c28 .functor BUFZ 1, C4<z>; HiZ drive
v0x5bc1f0864f90_0 .net "M0_AWLOCK", 0 0, o0x7eb6514c1c28;  0 drivers
v0x5bc1f0865030_0 .net "M0_AWREADY", 0 0, L_0x5bc1f0815c30;  1 drivers
v0x5bc1f08650d0_0 .net "M0_AWREADY_S0", 0 0, L_0x5bc1f08871c0;  1 drivers
v0x5bc1f0865170_0 .net "M0_AWREADY_S1", 0 0, L_0x5bc1f088d3e0;  1 drivers
v0x5bc1f0865210_0 .net "M0_AWREADY_SD", 0 0, L_0x5bc1f0893710;  1 drivers
o0x7eb6514c1c88 .functor BUFZ 3, C4<zzz>; HiZ drive
v0x5bc1f08652b0_0 .net "M0_AWSIZE", 2 0, o0x7eb6514c1c88;  0 drivers
o0x7eb6514bcaf8 .functor BUFZ 1, C4<z>; HiZ drive
v0x5bc1f0865350_0 .net "M0_AWVALID", 0 0, o0x7eb6514bcaf8;  0 drivers
v0x5bc1f08653f0_0 .net "M0_BID", 3 0, v0x5bc1f08580a0_0;  1 drivers
o0x7eb6514c9938 .functor BUFZ 1, C4<z>; HiZ drive
v0x5bc1f0865490_0 .net "M0_BREADY", 0 0, o0x7eb6514c9938;  0 drivers
v0x5bc1f0865530_0 .net "M0_BRESP", 1 0, v0x5bc1f0858200_0;  1 drivers
v0x5bc1f0865600_0 .net "M0_BVALID", 0 0, v0x5bc1f08582e0_0;  1 drivers
L_0x7eb6511b7018 .functor BUFT 1, C4<0>, C4<0>, C4<0>, C4<0>;
v0x5bc1f08656d0_0 .net "M0_MID", 0 0, L_0x7eb6511b7018;  1 drivers
v0x5bc1f0865770_0 .net "M0_RDATA", 31 0, v0x5bc1f0858460_0;  1 drivers
v0x5bc1f0865840_0 .net "M0_RID", 3 0, v0x5bc1f0858540_0;  1 drivers
v0x5bc1f0865910_0 .net "M0_RLAST", 0 0, v0x5bc1f0858620_0;  1 drivers
o0x7eb6514c9a58 .functor BUFZ 1, C4<z>; HiZ drive
v0x5bc1f08659e0_0 .net "M0_RREADY", 0 0, o0x7eb6514c9a58;  0 drivers
v0x5bc1f0865ab0_0 .net "M0_RRESP", 1 0, v0x5bc1f08587a0_0;  1 drivers
v0x5bc1f0865b80_0 .net "M0_RVALID", 0 0, v0x5bc1f0858880_0;  1 drivers
o0x7eb6514c1cb8 .functor BUFZ 32, C4<zzzzzzzzzzzzzzzzzzzzzzzzzzzzzzzz>; HiZ drive
v0x5bc1f0865c50_0 .net "M0_WDATA", 31 0, o0x7eb6514c1cb8;  0 drivers
v0x5bc1f0865cf0_0 .net "M0_WID", 3 0, L_0x5bc1f089ea10;  1 drivers
o0x7eb6514bcb58 .functor BUFZ 1, C4<z>; HiZ drive
v0x5bc1f0865d90_0 .net "M0_WLAST", 0 0, o0x7eb6514bcb58;  0 drivers
v0x5bc1f0865e30_0 .net "M0_WREADY", 0 0, L_0x5bc1f0817e50;  1 drivers
v0x5bc1f0865f00_0 .net "M0_WREADY_S0", 0 0, L_0x5bc1f0887aa0;  1 drivers
v0x5bc1f0865fd0_0 .net "M0_WREADY_S1", 0 0, L_0x5bc1f088dee0;  1 drivers
v0x5bc1f08660a0_0 .net "M0_WREADY_SD", 0 0, L_0x5bc1f0894020;  1 drivers
o0x7eb6514c1d18 .functor BUFZ 4, C4<zzzz>; HiZ drive
v0x5bc1f0866170_0 .net "M0_WSTRB", 3 0, o0x7eb6514c1d18;  0 drivers
o0x7eb6514bcbb8 .functor BUFZ 1, C4<z>; HiZ drive
v0x5bc1f0866210_0 .net "M0_WVALID", 0 0, o0x7eb6514bcbb8;  0 drivers
o0x7eb6514c1d48 .functor BUFZ 32, C4<zzzzzzzzzzzzzzzzzzzzzzzzzzzzzzzz>; HiZ drive
v0x5bc1f0866340_0 .net "M1_ARADDR", 31 0, o0x7eb6514c1d48;  0 drivers
o0x7eb6514c1d78 .functor BUFZ 2, C4<zz>; HiZ drive
v0x5bc1f08663e0_0 .net "M1_ARBURST", 1 0, o0x7eb6514c1d78;  0 drivers
o0x7eb6514c1da8 .functor BUFZ 4, C4<zzzz>; HiZ drive
v0x5bc1f0866480_0 .net "M1_ARID", 3 0, o0x7eb6514c1da8;  0 drivers
o0x7eb6514c1dd8 .functor BUFZ 8, C4<zzzzzzzz>; HiZ drive
v0x5bc1f0866520_0 .net "M1_ARLEN", 7 0, o0x7eb6514c1dd8;  0 drivers
o0x7eb6514c1e08 .functor BUFZ 1, C4<z>; HiZ drive
v0x5bc1f08665c0_0 .net "M1_ARLOCK", 0 0, o0x7eb6514c1e08;  0 drivers
v0x5bc1f0866660_0 .net "M1_ARREADY", 0 0, L_0x5bc1f0871070;  1 drivers
v0x5bc1f0866700_0 .net "M1_ARREADY_S0", 0 0, L_0x5bc1f0887f90;  1 drivers
v0x5bc1f08667d0_0 .net "M1_ARREADY_S1", 0 0, L_0x5bc1f088e3d0;  1 drivers
v0x5bc1f08668a0_0 .net "M1_ARREADY_SD", 0 0, L_0x5bc1f0894550;  1 drivers
o0x7eb6514c1e68 .functor BUFZ 3, C4<zzz>; HiZ drive
v0x5bc1f0866970_0 .net "M1_ARSIZE", 2 0, o0x7eb6514c1e68;  0 drivers
o0x7eb6514c1e98 .functor BUFZ 1, C4<z>; HiZ drive
v0x5bc1f0866a10_0 .net "M1_ARVALID", 0 0, o0x7eb6514c1e98;  0 drivers
o0x7eb6514c1ec8 .functor BUFZ 32, C4<zzzzzzzzzzzzzzzzzzzzzzzzzzzzzzzz>; HiZ drive
v0x5bc1f0866ab0_0 .net "M1_AWADDR", 31 0, o0x7eb6514c1ec8;  0 drivers
o0x7eb6514c1ef8 .functor BUFZ 2, C4<zz>; HiZ drive
v0x5bc1f0866b50_0 .net "M1_AWBURST", 1 0, o0x7eb6514c1ef8;  0 drivers
o0x7eb6514be298 .functor BUFZ 4, C4<zzzz>; HiZ drive
v0x5bc1f0866bf0_0 .net "M1_AWID", 3 0, o0x7eb6514be298;  0 drivers
o0x7eb6514be2c8 .functor BUFZ 8, C4<zzzzzzzz>; HiZ drive
v0x5bc1f0866d20_0 .net "M1_AWLEN", 7 0, o0x7eb6514be2c8;  0 drivers
o0x7eb6514c1f28 .functor BUFZ 1, C4<z>; HiZ drive
v0x5bc1f0866e50_0 .net "M1_AWLOCK", 0 0, o0x7eb6514c1f28;  0 drivers
v0x5bc1f0866ef0_0 .net "M1_AWREADY", 0 0, L_0x5bc1f0870b10;  1 drivers
v0x5bc1f08673a0_0 .net "M1_AWREADY_S0", 0 0, L_0x5bc1f08877d0;  1 drivers
v0x5bc1f0867440_0 .net "M1_AWREADY_S1", 0 0, L_0x5bc1f088dc10;  1 drivers
v0x5bc1f0867510_0 .net "M1_AWREADY_SD", 0 0, L_0x5bc1f0893e70;  1 drivers
o0x7eb6514c1f88 .functor BUFZ 3, C4<zzz>; HiZ drive
v0x5bc1f08675e0_0 .net "M1_AWSIZE", 2 0, o0x7eb6514c1f88;  0 drivers
o0x7eb6514be328 .functor BUFZ 1, C4<z>; HiZ drive
v0x5bc1f0867680_0 .net "M1_AWVALID", 0 0, o0x7eb6514be328;  0 drivers
v0x5bc1f08677b0_0 .net "M1_BID", 3 0, v0x5bc1f085f960_0;  1 drivers
o0x7eb6514cb408 .functor BUFZ 1, C4<z>; HiZ drive
v0x5bc1f0867880_0 .net "M1_BREADY", 0 0, o0x7eb6514cb408;  0 drivers
v0x5bc1f0867950_0 .net "M1_BRESP", 1 0, v0x5bc1f085fac0_0;  1 drivers
v0x5bc1f0867a20_0 .net "M1_BVALID", 0 0, v0x5bc1f085fba0_0;  1 drivers
L_0x7eb6511b7060 .functor BUFT 1, C4<1>, C4<0>, C4<0>, C4<0>;
v0x5bc1f0867af0_0 .net "M1_MID", 0 0, L_0x7eb6511b7060;  1 drivers
v0x5bc1f0867b90_0 .net "M1_RDATA", 31 0, v0x5bc1f085fd20_0;  1 drivers
v0x5bc1f0867c60_0 .net "M1_RID", 3 0, v0x5bc1f085fe00_0;  1 drivers
v0x5bc1f0867d30_0 .net "M1_RLAST", 0 0, v0x5bc1f085fee0_0;  1 drivers
o0x7eb6514cb528 .functor BUFZ 1, C4<z>; HiZ drive
v0x5bc1f0867e00_0 .net "M1_RREADY", 0 0, o0x7eb6514cb528;  0 drivers
v0x5bc1f0867ed0_0 .net "M1_RRESP", 1 0, v0x5bc1f0860060_0;  1 drivers
v0x5bc1f0867fa0_0 .net "M1_RVALID", 0 0, v0x5bc1f0860140_0;  1 drivers
o0x7eb6514c1fb8 .functor BUFZ 32, C4<zzzzzzzzzzzzzzzzzzzzzzzzzzzzzzzz>; HiZ drive
v0x5bc1f0868070_0 .net "M1_WDATA", 31 0, o0x7eb6514c1fb8;  0 drivers
v0x5bc1f0868110_0 .net "M1_WID", 3 0, L_0x5bc1f08a2ee0;  1 drivers
o0x7eb6514be388 .functor BUFZ 1, C4<z>; HiZ drive
v0x5bc1f0868240_0 .net "M1_WLAST", 0 0, o0x7eb6514be388;  0 drivers
v0x5bc1f0868370_0 .net "M1_WREADY", 0 0, L_0x5bc1f0870df0;  1 drivers
v0x5bc1f0868440_0 .net "M1_WREADY_S0", 0 0, L_0x5bc1f0887bb0;  1 drivers
v0x5bc1f0868510_0 .net "M1_WREADY_S1", 0 0, L_0x5bc1f088dff0;  1 drivers
v0x5bc1f08685e0_0 .net "M1_WREADY_SD", 0 0, L_0x5bc1f0894130;  1 drivers
o0x7eb6514c2018 .functor BUFZ 4, C4<zzzz>; HiZ drive
v0x5bc1f08686b0_0 .net "M1_WSTRB", 3 0, o0x7eb6514c2018;  0 drivers
o0x7eb6514be3e8 .functor BUFZ 1, C4<z>; HiZ drive
v0x5bc1f0868750_0 .net "M1_WVALID", 0 0, o0x7eb6514be3e8;  0 drivers
v0x5bc1f0868880_0 .net "S0_ARADDR", 31 0, v0x5bc1f0833590_0;  1 drivers
v0x5bc1f0868950_0 .net "S0_ARBURST", 1 0, v0x5bc1f0833650_0;  1 drivers
v0x5bc1f0868a20_0 .net "S0_ARID", 4 0, v0x5bc1f0833730_0;  1 drivers
v0x5bc1f0868af0_0 .net "S0_ARLEN", 7 0, v0x5bc1f0833c20_0;  1 drivers
v0x5bc1f0868bc0_0 .net "S0_ARLOCK", 0 0, v0x5bc1f0833d00_0;  1 drivers
o0x7eb6514c2138 .functor BUFZ 1, C4<z>; HiZ drive
v0x5bc1f0868c90_0 .net "S0_ARREADY", 0 0, o0x7eb6514c2138;  0 drivers
v0x5bc1f0868d60_0 .net "S0_ARSIZE", 2 0, v0x5bc1f0833e80_0;  1 drivers
v0x5bc1f0868e30_0 .net "S0_ARVALID", 0 0, v0x5bc1f0833f60_0;  1 drivers
v0x5bc1f0868f00_0 .net "S0_AWADDR", 31 0, v0x5bc1f0834020_0;  1 drivers
v0x5bc1f0868fd0_0 .net "S0_AWBURST", 1 0, v0x5bc1f0834100_0;  1 drivers
v0x5bc1f08690a0_0 .net "S0_AWID", 4 0, v0x5bc1f08341e0_0;  1 drivers
v0x5bc1f0869170_0 .net "S0_AWLEN", 7 0, v0x5bc1f08342c0_0;  1 drivers
v0x5bc1f0869240_0 .net "S0_AWLOCK", 0 0, v0x5bc1f08343a0_0;  1 drivers
o0x7eb6514c22b8 .functor BUFZ 1, C4<z>; HiZ drive
v0x5bc1f0869310_0 .net "S0_AWREADY", 0 0, o0x7eb6514c22b8;  0 drivers
v0x5bc1f08693e0_0 .net "S0_AWSIZE", 2 0, v0x5bc1f0834520_0;  1 drivers
v0x5bc1f08694b0_0 .net "S0_AWVALID", 0 0, v0x5bc1f0834600_0;  1 drivers
o0x7eb6514c9ae8 .functor BUFZ 5, C4<zzzzz>; HiZ drive
v0x5bc1f0869580_0 .net "S0_BID", 4 0, o0x7eb6514c9ae8;  0 drivers
v0x5bc1f0869620_0 .net "S0_BREADY", 0 0, L_0x5bc1f08711f0;  1 drivers
v0x5bc1f08696c0_0 .net "S0_BREADY_M0", 0 0, L_0x5bc1f08968d0;  1 drivers
v0x5bc1f0869760_0 .net "S0_BREADY_M1", 0 0, L_0x5bc1f089a2e0;  1 drivers
o0x7eb6514c9b48 .functor BUFZ 2, C4<zz>; HiZ drive
v0x5bc1f0869830_0 .net "S0_BRESP", 1 0, o0x7eb6514c9b48;  0 drivers
o0x7eb6514c9b78 .functor BUFZ 1, C4<z>; HiZ drive
v0x5bc1f08698d0_0 .net "S0_BVALID", 0 0, o0x7eb6514c9b78;  0 drivers
o0x7eb6514c9ba8 .functor BUFZ 32, C4<zzzzzzzzzzzzzzzzzzzzzzzzzzzzzzzz>; HiZ drive
v0x5bc1f0869970_0 .net "S0_RDATA", 31 0, o0x7eb6514c9ba8;  0 drivers
o0x7eb6514c9bd8 .functor BUFZ 5, C4<zzzzz>; HiZ drive
v0x5bc1f0869a10_0 .net "S0_RID", 4 0, o0x7eb6514c9bd8;  0 drivers
o0x7eb6514c9c08 .functor BUFZ 1, C4<z>; HiZ drive
v0x5bc1f0869ab0_0 .net "S0_RLAST", 0 0, o0x7eb6514c9c08;  0 drivers
v0x5bc1f0869b50_0 .net "S0_RREADY", 0 0, L_0x5bc1f0871300;  1 drivers
v0x5bc1f0869bf0_0 .net "S0_RREADY_M0", 0 0, L_0x5bc1f08982e0;  1 drivers
v0x5bc1f0869c90_0 .net "S0_RREADY_M1", 0 0, L_0x5bc1f089ba50;  1 drivers
o0x7eb6514c9c68 .functor BUFZ 2, C4<zz>; HiZ drive
v0x5bc1f0869d30_0 .net "S0_RRESP", 1 0, o0x7eb6514c9c68;  0 drivers
o0x7eb6514c9c98 .functor BUFZ 1, C4<z>; HiZ drive
v0x5bc1f0869dd0_0 .net "S0_RVALID", 0 0, o0x7eb6514c9c98;  0 drivers
v0x5bc1f0869e70_0 .net "S0_WDATA", 31 0, v0x5bc1f08346c0_0;  1 drivers
v0x5bc1f0869f10_0 .net "S0_WID", 4 0, v0x5bc1f08347a0_0;  1 drivers
v0x5bc1f0869fb0_0 .net "S0_WLAST", 0 0, v0x5bc1f0834880_0;  1 drivers
o0x7eb6514c23d8 .functor BUFZ 1, C4<z>; HiZ drive
v0x5bc1f086a050_0 .net "S0_WREADY", 0 0, o0x7eb6514c23d8;  0 drivers
v0x5bc1f086a0f0_0 .net "S0_WSTRB", 3 0, v0x5bc1f0834a00_0;  1 drivers
v0x5bc1f086a190_0 .net "S0_WVALID", 0 0, v0x5bc1f0834ae0_0;  1 drivers
v0x5bc1f086a260_0 .net "S1_ARADDR", 31 0, v0x5bc1f08429f0_0;  1 drivers
v0x5bc1f086a330_0 .net "S1_ARBURST", 1 0, v0x5bc1f0842ab0_0;  1 drivers
v0x5bc1f086a400_0 .net "S1_ARID", 4 0, v0x5bc1f0842b90_0;  1 drivers
v0x5bc1f086ace0_0 .net "S1_ARLEN", 7 0, v0x5bc1f0843080_0;  1 drivers
v0x5bc1f086adb0_0 .net "S1_ARLOCK", 0 0, v0x5bc1f0843160_0;  1 drivers
o0x7eb6514c51c8 .functor BUFZ 1, C4<z>; HiZ drive
v0x5bc1f086ae80_0 .net "S1_ARREADY", 0 0, o0x7eb6514c51c8;  0 drivers
v0x5bc1f086af50_0 .net "S1_ARSIZE", 2 0, v0x5bc1f08432e0_0;  1 drivers
v0x5bc1f086b020_0 .net "S1_ARVALID", 0 0, v0x5bc1f08433c0_0;  1 drivers
v0x5bc1f086b0f0_0 .net "S1_AWADDR", 31 0, v0x5bc1f0843480_0;  1 drivers
v0x5bc1f086b1c0_0 .net "S1_AWBURST", 1 0, v0x5bc1f0843560_0;  1 drivers
v0x5bc1f086b290_0 .net "S1_AWID", 4 0, v0x5bc1f0843640_0;  1 drivers
v0x5bc1f086b360_0 .net "S1_AWLEN", 7 0, v0x5bc1f0843720_0;  1 drivers
v0x5bc1f086b430_0 .net "S1_AWLOCK", 0 0, v0x5bc1f0843800_0;  1 drivers
o0x7eb6514c5348 .functor BUFZ 1, C4<z>; HiZ drive
v0x5bc1f086b500_0 .net "S1_AWREADY", 0 0, o0x7eb6514c5348;  0 drivers
v0x5bc1f086b5d0_0 .net "S1_AWSIZE", 2 0, v0x5bc1f0843980_0;  1 drivers
v0x5bc1f086b6a0_0 .net "S1_AWVALID", 0 0, v0x5bc1f0843a60_0;  1 drivers
o0x7eb6514c9cc8 .functor BUFZ 5, C4<zzzzz>; HiZ drive
v0x5bc1f086b770_0 .net "S1_BID", 4 0, o0x7eb6514c9cc8;  0 drivers
v0x5bc1f086b810_0 .net "S1_BREADY", 0 0, L_0x5bc1f0871180;  1 drivers
v0x5bc1f086b8b0_0 .net "S1_BREADY_M0", 0 0, L_0x5bc1f0897e20;  1 drivers
v0x5bc1f086b950_0 .net "S1_BREADY_M1", 0 0, L_0x5bc1f089b540;  1 drivers
o0x7eb6514c9d28 .functor BUFZ 2, C4<zz>; HiZ drive
v0x5bc1f086ba20_0 .net "S1_BRESP", 1 0, o0x7eb6514c9d28;  0 drivers
o0x7eb6514c9d58 .functor BUFZ 1, C4<z>; HiZ drive
v0x5bc1f086bac0_0 .net "S1_BVALID", 0 0, o0x7eb6514c9d58;  0 drivers
o0x7eb6514c9d88 .functor BUFZ 32, C4<zzzzzzzzzzzzzzzzzzzzzzzzzzzzzzzz>; HiZ drive
v0x5bc1f086bb60_0 .net "S1_RDATA", 31 0, o0x7eb6514c9d88;  0 drivers
o0x7eb6514c9db8 .functor BUFZ 5, C4<zzzzz>; HiZ drive
v0x5bc1f086bc50_0 .net "S1_RID", 4 0, o0x7eb6514c9db8;  0 drivers
o0x7eb6514c9de8 .functor BUFZ 1, C4<z>; HiZ drive
v0x5bc1f086bd40_0 .net "S1_RLAST", 0 0, o0x7eb6514c9de8;  0 drivers
v0x5bc1f086be30_0 .net "S1_RREADY", 0 0, L_0x5bc1f0871530;  1 drivers
v0x5bc1f086bed0_0 .net "S1_RREADY_M0", 0 0, L_0x5bc1f0898610;  1 drivers
v0x5bc1f086bf70_0 .net "S1_RREADY_M1", 0 0, L_0x5bc1f089bd80;  1 drivers
o0x7eb6514c9e48 .functor BUFZ 2, C4<zz>; HiZ drive
v0x5bc1f086c010_0 .net "S1_RRESP", 1 0, o0x7eb6514c9e48;  0 drivers
o0x7eb6514c9e78 .functor BUFZ 1, C4<z>; HiZ drive
v0x5bc1f086c100_0 .net "S1_RVALID", 0 0, o0x7eb6514c9e78;  0 drivers
v0x5bc1f086c1f0_0 .net "S1_WDATA", 31 0, v0x5bc1f0843b20_0;  1 drivers
v0x5bc1f086c290_0 .net "S1_WID", 4 0, v0x5bc1f0843c00_0;  1 drivers
v0x5bc1f086c330_0 .net "S1_WLAST", 0 0, v0x5bc1f0843ce0_0;  1 drivers
o0x7eb6514c5468 .functor BUFZ 1, C4<z>; HiZ drive
v0x5bc1f086c3d0_0 .net "S1_WREADY", 0 0, o0x7eb6514c5468;  0 drivers
v0x5bc1f086c470_0 .net "S1_WSTRB", 3 0, v0x5bc1f0843e60_0;  1 drivers
v0x5bc1f086c510_0 .net "S1_WVALID", 0 0, v0x5bc1f0843f40_0;  1 drivers
v0x5bc1f086c5e0_0 .net "SD_ARADDR", 31 0, v0x5bc1f0852450_0;  1 drivers
v0x5bc1f086c6d0_0 .net "SD_ARBURST", 1 0, v0x5bc1f0852510_0;  1 drivers
v0x5bc1f086c7c0_0 .net "SD_ARID", 4 0, v0x5bc1f08525b0_0;  1 drivers
v0x5bc1f086c8b0_0 .net "SD_ARLEN", 7 0, v0x5bc1f0852a60_0;  1 drivers
v0x5bc1f086c9a0_0 .net "SD_ARLOCK", 0 0, v0x5bc1f0852b00_0;  1 drivers
v0x5bc1f086ca90_0 .net "SD_ARREADY", 0 0, v0x5bc1f0783620_0;  1 drivers
v0x5bc1f086cb80_0 .net "SD_ARSIZE", 2 0, v0x5bc1f0852c40_0;  1 drivers
v0x5bc1f086cc70_0 .net "SD_ARVALID", 0 0, v0x5bc1f0852ce0_0;  1 drivers
v0x5bc1f086cd60_0 .net "SD_AWADDR", 31 0, v0x5bc1f0852d80_0;  1 drivers
v0x5bc1f086ce50_0 .net "SD_AWBURST", 1 0, v0x5bc1f0852e20_0;  1 drivers
v0x5bc1f086cf40_0 .net "SD_AWID", 4 0, v0x5bc1f0852ec0_0;  1 drivers
v0x5bc1f086d030_0 .net "SD_AWLEN", 7 0, v0x5bc1f0852f60_0;  1 drivers
v0x5bc1f086d120_0 .net "SD_AWLOCK", 0 0, v0x5bc1f0853000_0;  1 drivers
v0x5bc1f086d210_0 .net "SD_AWREADY", 0 0, v0x5bc1f0781280_0;  1 drivers
v0x5bc1f086d300_0 .net "SD_AWSIZE", 2 0, v0x5bc1f0853140_0;  1 drivers
v0x5bc1f086d3f0_0 .net "SD_AWVALID", 0 0, v0x5bc1f08531e0_0;  1 drivers
v0x5bc1f086d4e0_0 .net "SD_BID", 4 0, v0x5bc1f076a2a0_0;  1 drivers
v0x5bc1f086d580_0 .net "SD_BREADY", 0 0, L_0x5bc1f08716d0;  1 drivers
v0x5bc1f086d620_0 .net "SD_BREADY_M0", 0 0, L_0x5bc1f08980b0;  1 drivers
v0x5bc1f086d6c0_0 .net "SD_BREADY_M1", 0 0, L_0x5bc1f089b820;  1 drivers
L_0x7eb6511b8140 .functor BUFT 1, C4<11>, C4<0>, C4<0>, C4<0>;
v0x5bc1f086d760_0 .net "SD_BRESP", 1 0, L_0x7eb6511b8140;  1 drivers
v0x5bc1f086d800_0 .net "SD_BVALID", 0 0, v0x5bc1f0767670_0;  1 drivers
L_0x7eb6511b81d0 .functor BUFT 1, C4<11111111111111111111111111111111>, C4<0>, C4<0>, C4<0>;
v0x5bc1f086d8a0_0 .net "SD_RDATA", 31 0, L_0x7eb6511b81d0;  1 drivers
v0x5bc1f086d940_0 .net "SD_RID", 4 0, v0x5bc1f07651e0_0;  1 drivers
v0x5bc1f086d9e0_0 .net "SD_RLAST", 0 0, v0x5bc1f0763580_0;  1 drivers
v0x5bc1f086da80_0 .net "SD_RREADY", 0 0, L_0x5bc1f0871830;  1 drivers
v0x5bc1f086db20_0 .net "SD_RREADY_M0", 0 0, L_0x5bc1f08987b0;  1 drivers
v0x5bc1f086dbc0_0 .net "SD_RREADY_M1", 0 0, L_0x5bc1f089bf20;  1 drivers
L_0x7eb6511b8188 .functor BUFT 1, C4<11>, C4<0>, C4<0>, C4<0>;
v0x5bc1f086dc60_0 .net "SD_RRESP", 1 0, L_0x7eb6511b8188;  1 drivers
v0x5bc1f086dd00_0 .net "SD_RVALID", 0 0, v0x5bc1f07530d0_0;  1 drivers
v0x5bc1f086dda0_0 .net "SD_WDATA", 31 0, v0x5bc1f0853280_0;  1 drivers
v0x5bc1f086de90_0 .net "SD_WID", 4 0, v0x5bc1f0853320_0;  1 drivers
v0x5bc1f086df80_0 .net "SD_WLAST", 0 0, v0x5bc1f08533c0_0;  1 drivers
v0x5bc1f086e070_0 .net "SD_WREADY", 0 0, v0x5bc1f0751f00_0;  1 drivers
v0x5bc1f086e160_0 .net "SD_WSTRB", 3 0, v0x5bc1f0853500_0;  1 drivers
v0x5bc1f086e250_0 .net "SD_WVALID", 0 0, v0x5bc1f08535a0_0;  1 drivers
v0x5bc1f086e340_0 .net *"_ivl_12", 0 0, L_0x5bc1f0818920;  1 drivers
v0x5bc1f086e3e0_0 .net *"_ivl_16", 0 0, L_0x5bc1f07fd200;  1 drivers
v0x5bc1f086e480_0 .net *"_ivl_20", 0 0, L_0x5bc1f0870cc0;  1 drivers
v0x5bc1f086e520_0 .net *"_ivl_24", 0 0, L_0x5bc1f0870fb0;  1 drivers
v0x5bc1f086e5c0_0 .net *"_ivl_4", 0 0, L_0x5bc1f07f3400;  1 drivers
v0x5bc1f086e660_0 .net *"_ivl_44", 0 0, L_0x5bc1f0871a30;  1 drivers
v0x5bc1f086e720_0 .net *"_ivl_47", 0 0, L_0x5bc1f0871ad0;  1 drivers
v0x5bc1f086e800_0 .net *"_ivl_48", 0 0, L_0x5bc1f0871b70;  1 drivers
v0x5bc1f086e8e0_0 .net *"_ivl_55", 0 0, L_0x5bc1f0871dc0;  1 drivers
v0x5bc1f086e9c0_0 .net *"_ivl_58", 0 0, L_0x5bc1f0871e60;  1 drivers
v0x5bc1f086eaa0_0 .net *"_ivl_59", 0 0, L_0x5bc1f0871f00;  1 drivers
v0x5bc1f086eb80_0 .net *"_ivl_65", 0 0, L_0x5bc1f0871990;  1 drivers
v0x5bc1f086ec60_0 .net *"_ivl_68", 0 0, L_0x5bc1f08720b0;  1 drivers
v0x5bc1f086ed40_0 .net *"_ivl_69", 0 0, L_0x5bc1f0872150;  1 drivers
v0x5bc1f086ee20_0 .net *"_ivl_76", 0 0, L_0x5bc1f08723f0;  1 drivers
v0x5bc1f086ef00_0 .net *"_ivl_79", 0 0, L_0x5bc1f0872490;  1 drivers
v0x5bc1f086efe0_0 .net *"_ivl_8", 0 0, L_0x5bc1f0816b60;  1 drivers
v0x5bc1f086f0c0_0 .net *"_ivl_80", 0 0, L_0x5bc1f0872620;  1 drivers
E_0x5bc1f08279d0 .event anyedge, v0x5bc1f075ef20_0;
L_0x5bc1f0871a30 .part L_0x5bc1f0872750, 0, 1;
L_0x5bc1f0871ad0 .part L_0x5bc1f08890e0, 0, 1;
L_0x5bc1f0871c80 .concat8 [ 1 1 0 0], L_0x5bc1f0871b70, L_0x5bc1f0871f00;
L_0x5bc1f0871dc0 .part L_0x5bc1f0872750, 1, 1;
L_0x5bc1f0871e60 .part L_0x5bc1f08890e0, 1, 1;
L_0x5bc1f0871990 .part L_0x5bc1f0872810, 0, 1;
L_0x5bc1f08720b0 .part L_0x5bc1f0889150, 0, 1;
L_0x5bc1f0872260 .concat8 [ 1 1 0 0], L_0x5bc1f0872150, L_0x5bc1f0872620;
L_0x5bc1f08723f0 .part L_0x5bc1f0872810, 1, 1;
L_0x5bc1f0872490 .part L_0x5bc1f0889150, 1, 1;
S_0x5bc1f07c8890 .scope module, "u_aix_wid_m0" "axi_wid" 2 1199, 2 2792 0, S_0x5bc1f07dfa60;
 .timescale 0 0;
    .port_info 0 /INPUT 1 "ARESETn";
    .port_info 1 /INPUT 1 "ACLK";
    .port_info 2 /INPUT 4 "M_AWID";
    .port_info 3 /INPUT 8 "M_AWLEN";
    .port_info 4 /INPUT 1 "M_AWVALID";
    .port_info 5 /INPUT 1 "M_AWREADY";
    .port_info 6 /OUTPUT 4 "M_WID";
    .port_info 7 /INPUT 1 "M_WLAST";
    .port_info 8 /INPUT 1 "M_WVALID";
    .port_info 9 /INPUT 1 "M_WREADY";
P_0x5bc1f07f7ac0 .param/l "WIDTH_ID" 0 2 2793, +C4<00000000000000000000000000000100>;
L_0x5bc1f089c120 .functor BUFZ 4, o0x7eb6514bca68, C4<0000>, C4<0000>, C4<0000>;
L_0x5bc1f089d9f0 .functor BUFZ 4, o0x7eb6514bca68, C4<0000>, C4<0000>, C4<0000>;
L_0x7eb6511b84e8 .functor BUFT 1, C4<0>, C4<0>, C4<0>, C4<0>;
L_0x5bc1f089da60 .functor XNOR 1, L_0x5bc1f089cc90, L_0x7eb6511b84e8, C4<0>, C4<0>;
L_0x7eb6511b8530 .functor BUFT 1, C4<1>, C4<0>, C4<0>, C4<0>;
L_0x5bc1f089db60 .functor XNOR 1, o0x7eb6514bcaf8, L_0x7eb6511b8530, C4<0>, C4<0>;
L_0x5bc1f089dc50 .functor AND 1, L_0x5bc1f089da60, L_0x5bc1f089db60, C4<1>, C4<1>;
L_0x7eb6511b8578 .functor BUFT 1, C4<1>, C4<0>, C4<0>, C4<0>;
L_0x5bc1f089dd60 .functor XNOR 1, L_0x5bc1f0815c30, L_0x7eb6511b8578, C4<0>, C4<0>;
L_0x5bc1f089de60 .functor AND 1, L_0x5bc1f089dc50, L_0x5bc1f089dd60, C4<1>, C4<1>;
L_0x7eb6511b85c0 .functor BUFT 1, C4<1>, C4<0>, C4<0>, C4<0>;
L_0x5bc1f089df70 .functor XNOR 1, L_0x5bc1f089cc90, L_0x7eb6511b85c0, C4<0>, C4<0>;
L_0x7eb6511b8608 .functor BUFT 1, C4<1>, C4<0>, C4<0>, C4<0>;
L_0x5bc1f089e080 .functor XNOR 1, o0x7eb6514bcaf8, L_0x7eb6511b8608, C4<0>, C4<0>;
L_0x5bc1f089e140 .functor AND 1, L_0x5bc1f089df70, L_0x5bc1f089e080, C4<1>, C4<1>;
L_0x7eb6511b8650 .functor BUFT 1, C4<1>, C4<0>, C4<0>, C4<0>;
L_0x5bc1f089e250 .functor XNOR 1, L_0x5bc1f0815c30, L_0x7eb6511b8650, C4<0>, C4<0>;
L_0x5bc1f089e350 .functor AND 1, L_0x5bc1f089e140, L_0x5bc1f089e250, C4<1>, C4<1>;
L_0x7eb6511b8698 .functor BUFT 1, C4<0>, C4<0>, C4<0>, C4<0>;
L_0x5bc1f089e480 .functor XNOR 1, o0x7eb6514bcbb8, L_0x7eb6511b8698, C4<0>, C4<0>;
L_0x5bc1f089e540 .functor AND 1, L_0x5bc1f089e350, L_0x5bc1f089e480, C4<1>, C4<1>;
L_0x5bc1f089e410 .functor OR 1, L_0x5bc1f089de60, L_0x5bc1f089e540, C4<0>, C4<0>;
L_0x7eb6511b86e0 .functor BUFT 1, C4<1>, C4<0>, C4<0>, C4<0>;
L_0x5bc1f089e6f0 .functor XNOR 1, L_0x5bc1f089cc90, L_0x7eb6511b86e0, C4<0>, C4<0>;
L_0x7eb6511b8728 .functor BUFT 1, C4<1>, C4<0>, C4<0>, C4<0>;
L_0x5bc1f089e840 .functor XNOR 1, o0x7eb6514bcaf8, L_0x7eb6511b8728, C4<0>, C4<0>;
L_0x5bc1f089e900 .functor AND 1, L_0x5bc1f089e6f0, L_0x5bc1f089e840, C4<1>, C4<1>;
L_0x7eb6511b8770 .functor BUFT 1, C4<1>, C4<0>, C4<0>, C4<0>;
L_0x5bc1f089eab0 .functor XNOR 1, L_0x5bc1f0815c30, L_0x7eb6511b8770, C4<0>, C4<0>;
L_0x5bc1f089eb70 .functor AND 1, L_0x5bc1f089e900, L_0x5bc1f089eab0, C4<1>, C4<1>;
L_0x7eb6511b87b8 .functor BUFT 1, C4<1>, C4<0>, C4<0>, C4<0>;
L_0x5bc1f089ed30 .functor XNOR 1, o0x7eb6514bcbb8, L_0x7eb6511b87b8, C4<0>, C4<0>;
L_0x5bc1f089edf0 .functor AND 1, L_0x5bc1f089eb70, L_0x5bc1f089ed30, C4<1>, C4<1>;
L_0x7eb6511b8800 .functor BUFT 1, C4<0>, C4<0>, C4<0>, C4<0>;
L_0x5bc1f089ec80 .functor XNOR 1, L_0x5bc1f0817e50, L_0x7eb6511b8800, C4<0>, C4<0>;
L_0x7eb6511b8848 .functor BUFT 1, C4<0>, C4<0>, C4<0>, C4<0>;
L_0x5bc1f089f010 .functor XNOR 1, o0x7eb6514bcb58, L_0x7eb6511b8848, C4<0>, C4<0>;
L_0x5bc1f089ef00 .functor OR 1, L_0x5bc1f089ec80, L_0x5bc1f089f010, C4<0>, C4<0>;
L_0x5bc1f089f1f0 .functor AND 1, L_0x5bc1f089edf0, L_0x5bc1f089ef00, C4<1>, C4<1>;
L_0x5bc1f089f3e0 .functor OR 1, L_0x5bc1f089e410, L_0x5bc1f089f1f0, C4<0>, C4<0>;
L_0x7eb6511b8890 .functor BUFT 1, C4<1>, C4<0>, C4<0>, C4<0>;
L_0x5bc1f089f540 .functor XNOR 1, L_0x5bc1f089cc90, L_0x7eb6511b8890, C4<0>, C4<0>;
L_0x7eb6511b88d8 .functor BUFT 1, C4<1>, C4<0>, C4<0>, C4<0>;
L_0x5bc1f089f6f0 .functor XNOR 1, o0x7eb6514bcaf8, L_0x7eb6511b88d8, C4<0>, C4<0>;
L_0x5bc1f089f7b0 .functor AND 1, L_0x5bc1f089f540, L_0x5bc1f089f6f0, C4<1>, C4<1>;
L_0x7eb6511b8920 .functor BUFT 1, C4<1>, C4<0>, C4<0>, C4<0>;
L_0x5bc1f089f9c0 .functor XNOR 1, L_0x5bc1f0815c30, L_0x7eb6511b8920, C4<0>, C4<0>;
L_0x5bc1f089fa80 .functor AND 1, L_0x5bc1f089f7b0, L_0x5bc1f089f9c0, C4<1>, C4<1>;
L_0x7eb6511b8968 .functor BUFT 1, C4<1>, C4<0>, C4<0>, C4<0>;
L_0x5bc1f089fca0 .functor XNOR 1, o0x7eb6514bcbb8, L_0x7eb6511b8968, C4<0>, C4<0>;
L_0x5bc1f089fd60 .functor AND 1, L_0x5bc1f089fa80, L_0x5bc1f089fca0, C4<1>, C4<1>;
L_0x7eb6511b89b0 .functor BUFT 1, C4<0>, C4<0>, C4<0>, C4<0>;
L_0x5bc1f089ffe0 .functor XNOR 1, L_0x5bc1f089cc90, L_0x7eb6511b89b0, C4<0>, C4<0>;
L_0x7eb6511b89f8 .functor BUFT 1, C4<1>, C4<0>, C4<0>, C4<0>;
L_0x5bc1f08a00a0 .functor XNOR 1, o0x7eb6514bcbb8, L_0x7eb6511b89f8, C4<0>, C4<0>;
L_0x5bc1f08a0290 .functor AND 1, L_0x5bc1f089ffe0, L_0x5bc1f08a00a0, C4<1>, C4<1>;
L_0x7eb6511b8a40 .functor BUFT 1, C4<1>, C4<0>, C4<0>, C4<0>;
L_0x5bc1f08a03a0 .functor XNOR 1, L_0x5bc1f0817e50, L_0x7eb6511b8a40, C4<0>, C4<0>;
L_0x5bc1f08a0550 .functor AND 1, L_0x5bc1f08a0290, L_0x5bc1f08a03a0, C4<1>, C4<1>;
L_0x7eb6511b8a88 .functor BUFT 1, C4<1>, C4<0>, C4<0>, C4<0>;
L_0x5bc1f08a0660 .functor XNOR 1, o0x7eb6514bcb58, L_0x7eb6511b8a88, C4<0>, C4<0>;
L_0x5bc1f08a0870 .functor AND 1, L_0x5bc1f08a0550, L_0x5bc1f08a0660, C4<1>, C4<1>;
v0x5bc1f07802b0_0 .net "ACLK", 0 0, o0x7eb6514bc3d8;  alias, 0 drivers
v0x5bc1f0780370_0 .net "ARESETn", 0 0, o0x7eb6514bc6d8;  alias, 0 drivers
v0x5bc1f0780050_0 .net "M_AWID", 3 0, o0x7eb6514bca68;  alias, 0 drivers
v0x5bc1f077fc80_0 .net "M_AWLEN", 7 0, o0x7eb6514bca98;  alias, 0 drivers
v0x5bc1f077fd40_0 .net "M_AWREADY", 0 0, L_0x5bc1f0815c30;  alias, 1 drivers
v0x5bc1f077fa50_0 .net "M_AWVALID", 0 0, o0x7eb6514bcaf8;  alias, 0 drivers
v0x5bc1f077fb10_0 .net "M_WID", 3 0, L_0x5bc1f089ea10;  alias, 1 drivers
v0x5bc1f077f820_0 .net "M_WLAST", 0 0, o0x7eb6514bcb58;  alias, 0 drivers
v0x5bc1f077f8c0_0 .net "M_WREADY", 0 0, L_0x5bc1f0817e50;  alias, 1 drivers
v0x5bc1f0761060_0 .net "M_WVALID", 0 0, o0x7eb6514bcbb8;  alias, 0 drivers
v0x5bc1f0761120_0 .net/2u *"_ivl_10", 0 0, L_0x7eb6511b8530;  1 drivers
v0x5bc1f0760ba0_0 .net *"_ivl_100", 0 0, L_0x5bc1f089fca0;  1 drivers
v0x5bc1f0760c60_0 .net *"_ivl_103", 0 0, L_0x5bc1f089fd60;  1 drivers
v0x5bc1f07606e0_0 .net/2u *"_ivl_106", 0 0, L_0x7eb6511b89b0;  1 drivers
v0x5bc1f07607a0_0 .net *"_ivl_108", 0 0, L_0x5bc1f089ffe0;  1 drivers
v0x5bc1f0760220_0 .net/2u *"_ivl_110", 0 0, L_0x7eb6511b89f8;  1 drivers
v0x5bc1f075fd60_0 .net *"_ivl_112", 0 0, L_0x5bc1f08a00a0;  1 drivers
v0x5bc1f075fe20_0 .net *"_ivl_115", 0 0, L_0x5bc1f08a0290;  1 drivers
v0x5bc1f075f8a0_0 .net/2u *"_ivl_116", 0 0, L_0x7eb6511b8a40;  1 drivers
v0x5bc1f07760a0_0 .net *"_ivl_118", 0 0, L_0x5bc1f08a03a0;  1 drivers
v0x5bc1f0776160_0 .net *"_ivl_12", 0 0, L_0x5bc1f089db60;  1 drivers
v0x5bc1f076b8f0_0 .net *"_ivl_121", 0 0, L_0x5bc1f08a0550;  1 drivers
v0x5bc1f076b990_0 .net/2u *"_ivl_122", 0 0, L_0x7eb6511b8a88;  1 drivers
v0x5bc1f076d2b0_0 .net *"_ivl_124", 0 0, L_0x5bc1f08a0660;  1 drivers
v0x5bc1f076d370_0 .net *"_ivl_15", 0 0, L_0x5bc1f089dc50;  1 drivers
v0x5bc1f076cee0_0 .net/2u *"_ivl_16", 0 0, L_0x7eb6511b8578;  1 drivers
v0x5bc1f072ed90_0 .net *"_ivl_18", 0 0, L_0x5bc1f089dd60;  1 drivers
v0x5bc1f072ee50_0 .net *"_ivl_21", 0 0, L_0x5bc1f089de60;  1 drivers
v0x5bc1f072e8d0_0 .net/2u *"_ivl_22", 0 0, L_0x7eb6511b85c0;  1 drivers
v0x5bc1f072e990_0 .net *"_ivl_24", 0 0, L_0x5bc1f089df70;  1 drivers
v0x5bc1f072e410_0 .net/2u *"_ivl_26", 0 0, L_0x7eb6511b8608;  1 drivers
v0x5bc1f074fd60_0 .net *"_ivl_28", 0 0, L_0x5bc1f089e080;  1 drivers
v0x5bc1f074fe20_0 .net *"_ivl_31", 0 0, L_0x5bc1f089e140;  1 drivers
v0x5bc1f074fb00_0 .net/2u *"_ivl_32", 0 0, L_0x7eb6511b8650;  1 drivers
v0x5bc1f074f730_0 .net *"_ivl_34", 0 0, L_0x5bc1f089e250;  1 drivers
v0x5bc1f074f7f0_0 .net *"_ivl_37", 0 0, L_0x5bc1f089e350;  1 drivers
v0x5bc1f074f500_0 .net/2u *"_ivl_38", 0 0, L_0x7eb6511b8698;  1 drivers
v0x5bc1f074f5c0_0 .net *"_ivl_40", 0 0, L_0x5bc1f089e480;  1 drivers
v0x5bc1f074f2d0_0 .net *"_ivl_43", 0 0, L_0x5bc1f089e540;  1 drivers
v0x5bc1f074f390_0 .net *"_ivl_45", 0 0, L_0x5bc1f089e410;  1 drivers
v0x5bc1f0730a10_0 .net/2u *"_ivl_46", 0 0, L_0x7eb6511b86e0;  1 drivers
v0x5bc1f0730550_0 .net *"_ivl_48", 0 0, L_0x5bc1f089e6f0;  1 drivers
v0x5bc1f0730610_0 .net/2u *"_ivl_50", 0 0, L_0x7eb6511b8728;  1 drivers
v0x5bc1f0730090_0 .net *"_ivl_52", 0 0, L_0x5bc1f089e840;  1 drivers
v0x5bc1f0730150_0 .net *"_ivl_55", 0 0, L_0x5bc1f089e900;  1 drivers
v0x5bc1f072fbd0_0 .net/2u *"_ivl_56", 0 0, L_0x7eb6511b8770;  1 drivers
v0x5bc1f072f710_0 .net *"_ivl_58", 0 0, L_0x5bc1f089eab0;  1 drivers
v0x5bc1f072f7d0_0 .net/2u *"_ivl_6", 0 0, L_0x7eb6511b84e8;  1 drivers
v0x5bc1f072f250_0 .net *"_ivl_61", 0 0, L_0x5bc1f089eb70;  1 drivers
v0x5bc1f072f2f0_0 .net/2u *"_ivl_62", 0 0, L_0x7eb6511b87b8;  1 drivers
v0x5bc1f0745b50_0 .net *"_ivl_64", 0 0, L_0x5bc1f089ed30;  1 drivers
v0x5bc1f0745c10_0 .net *"_ivl_67", 0 0, L_0x5bc1f089edf0;  1 drivers
v0x5bc1f073b3a0_0 .net/2u *"_ivl_68", 0 0, L_0x7eb6511b8800;  1 drivers
v0x5bc1f073cd60_0 .net *"_ivl_70", 0 0, L_0x5bc1f089ec80;  1 drivers
v0x5bc1f073ce20_0 .net/2u *"_ivl_72", 0 0, L_0x7eb6511b8848;  1 drivers
v0x5bc1f073c990_0 .net *"_ivl_74", 0 0, L_0x5bc1f089f010;  1 drivers
v0x5bc1f073ca50_0 .net *"_ivl_77", 0 0, L_0x5bc1f089ef00;  1 drivers
v0x5bc1f07eb5c0_0 .net *"_ivl_79", 0 0, L_0x5bc1f089f1f0;  1 drivers
v0x5bc1f07eb680_0 .net *"_ivl_8", 0 0, L_0x5bc1f089da60;  1 drivers
v0x5bc1f07eb1e0_0 .net/2u *"_ivl_82", 0 0, L_0x7eb6511b8890;  1 drivers
v0x5bc1f0818d10_0 .net *"_ivl_84", 0 0, L_0x5bc1f089f540;  1 drivers
v0x5bc1f0818dd0_0 .net/2u *"_ivl_86", 0 0, L_0x7eb6511b88d8;  1 drivers
v0x5bc1f080e5e0_0 .net *"_ivl_88", 0 0, L_0x5bc1f089f6f0;  1 drivers
v0x5bc1f080e6a0_0 .net *"_ivl_91", 0 0, L_0x5bc1f089f7b0;  1 drivers
v0x5bc1f080ffa0_0 .net/2u *"_ivl_92", 0 0, L_0x7eb6511b8920;  1 drivers
v0x5bc1f0810040_0 .net *"_ivl_94", 0 0, L_0x5bc1f089f9c0;  1 drivers
v0x5bc1f080fbd0_0 .net *"_ivl_97", 0 0, L_0x5bc1f089fa80;  1 drivers
v0x5bc1f080fc70_0 .net/2u *"_ivl_98", 0 0, L_0x7eb6511b8968;  1 drivers
v0x5bc1f07ff3b0_0 .net "fifo_empty", 0 0, L_0x5bc1f089cc90;  1 drivers
v0x5bc1f07ff450_0 .net "fifo_pop_dout", 3 0, L_0x5bc1f089d410;  1 drivers
v0x5bc1f07f4d90_0 .net "fifo_pop_ready", 0 0, L_0x5bc1f08a0870;  1 drivers
v0x5bc1f078dd50_0 .net "fifo_pop_valid", 0 0, L_0x5bc1f089cb10;  1 drivers
RS_0x7eb6514bc708 .resolv tri, L_0x5bc1f089c120, L_0x5bc1f089d9f0;
v0x5bc1f075de20_0 .net8 "fifo_push_din", 3 0, RS_0x7eb6514bc708;  2 drivers
v0x5bc1f072cee0_0 .net "fifo_push_ready", 0 0, L_0x5bc1f089cbd0;  1 drivers
v0x5bc1f072b880_0 .net "fifo_push_valid", 0 0, L_0x5bc1f089f3e0;  1 drivers
L_0x5bc1f089ea10 .functor MUXZ 4, L_0x5bc1f089d410, o0x7eb6514bca68, L_0x5bc1f089fd60, C4<>;
S_0x5bc1f07c92a0 .scope module, "u_axi_wid_fifo_sync" "axi_fifo_sync" 2 2818, 2 1561 0, S_0x5bc1f07c8890;
 .timescale 0 0;
    .port_info 0 /INPUT 1 "rstn";
    .port_info 1 /INPUT 1 "clr";
    .port_info 2 /INPUT 1 "clk";
    .port_info 3 /OUTPUT 1 "wr_rdy";
    .port_info 4 /INPUT 1 "wr_vld";
    .port_info 5 /INPUT 4 "wr_din";
    .port_info 6 /INPUT 1 "rd_rdy";
    .port_info 7 /OUTPUT 1 "rd_vld";
    .port_info 8 /OUTPUT 4 "rd_dout";
    .port_info 9 /OUTPUT 1 "full";
    .port_info 10 /OUTPUT 1 "empty";
    .port_info 11 /OUTPUT 1 "fullN";
    .port_info 12 /OUTPUT 1 "emptyN";
    .port_info 13 /OUTPUT 5 "item_cnt";
    .port_info 14 /OUTPUT 5 "room_cnt";
P_0x5bc1f0753570 .param/l "FAW" 0 2 1563, +C4<00000000000000000000000000000100>;
P_0x5bc1f07535b0 .param/l "FDT" 1 2 1583, +C4<000000000000000000000000000000010000>;
P_0x5bc1f07535f0 .param/l "FDW" 0 2 1562, +C4<00000000000000000000000000000100>;
P_0x5bc1f0753630 .param/l "FULN" 0 2 1564, +C4<00000000000000000000000000000100>;
L_0x5bc1f089c190 .functor AND 1, L_0x5bc1f089cb10, L_0x5bc1f08a0870, C4<1>, C4<1>;
L_0x5bc1f089cb10 .functor NOT 1, L_0x5bc1f089cc90, C4<0>, C4<0>, C4<0>;
L_0x5bc1f089cbd0 .functor NOT 1, L_0x5bc1f089cf10, C4<0>, C4<0>, C4<0>;
L_0x5bc1f089d410 .functor BUFZ 4, L_0x5bc1f089d5c0, C4<0000>, C4<0000>, C4<0000>;
v0x5bc1f08180c0 .array "Mem", 15 0, 3 0;
v0x5bc1f0818a40_0 .net *"_ivl_0", 0 0, L_0x5bc1f089c190;  1 drivers
v0x5bc1f07fc470_0 .net *"_ivl_10", 35 0, L_0x5bc1f089c890;  1 drivers
L_0x7eb6511b8260 .functor BUFT 1, C4<0000000000000000000000000000000>, C4<0>, C4<0>, C4<0>;
v0x5bc1f07fc570_0 .net *"_ivl_13", 30 0, L_0x7eb6511b8260;  1 drivers
v0x5bc1f07fd3a0_0 .net *"_ivl_14", 35 0, L_0x5bc1f089c930;  1 drivers
v0x5bc1f07fd470_0 .net *"_ivl_24", 35 0, L_0x5bc1f089cd80;  1 drivers
L_0x7eb6511b82a8 .functor BUFT 1, C4<0000000000000000000000000000000>, C4<0>, C4<0>, C4<0>;
v0x5bc1f0828230_0 .net *"_ivl_27", 30 0, L_0x7eb6511b82a8;  1 drivers
L_0x7eb6511b82f0 .functor BUFT 1, C4<000000000000000000000000000000010000>, C4<0>, C4<0>, C4<0>;
v0x5bc1f07ca7f0_0 .net/2u *"_ivl_28", 35 0, L_0x7eb6511b82f0;  1 drivers
v0x5bc1f07c7a50_0 .net *"_ivl_3", 3 0, L_0x5bc1f089c200;  1 drivers
v0x5bc1f07c7650_0 .net *"_ivl_32", 35 0, L_0x5bc1f089d0a0;  1 drivers
L_0x7eb6511b8338 .functor BUFT 1, C4<0000000000000000000000000000000>, C4<0>, C4<0>, C4<0>;
v0x5bc1f07c71f0_0 .net *"_ivl_35", 30 0, L_0x7eb6511b8338;  1 drivers
L_0x7eb6511b8380 .functor BUFT 1, C4<000000000000000000000000000000001100>, C4<0>, C4<0>, C4<0>;
v0x5bc1f078f310_0 .net/2u *"_ivl_36", 35 0, L_0x7eb6511b8380;  1 drivers
v0x5bc1f078ee50_0 .net *"_ivl_40", 31 0, L_0x5bc1f089d2e0;  1 drivers
L_0x7eb6511b83c8 .functor BUFT 1, C4<000000000000000000000000000>, C4<0>, C4<0>, C4<0>;
v0x5bc1f078e990_0 .net *"_ivl_43", 26 0, L_0x7eb6511b83c8;  1 drivers
L_0x7eb6511b8410 .functor BUFT 1, C4<00000000000000000000000000000100>, C4<0>, C4<0>, C4<0>;
v0x5bc1f07b01e0_0 .net/2u *"_ivl_44", 31 0, L_0x7eb6511b8410;  1 drivers
v0x5bc1f07aff80_0 .net *"_ivl_48", 3 0, L_0x5bc1f089d5c0;  1 drivers
v0x5bc1f07afbb0_0 .net *"_ivl_5", 3 0, L_0x5bc1f089c2a0;  1 drivers
v0x5bc1f07afc50_0 .net *"_ivl_51", 3 0, L_0x5bc1f089d660;  1 drivers
v0x5bc1f07af750_0 .net *"_ivl_52", 5 0, L_0x5bc1f089d700;  1 drivers
L_0x7eb6511b8458 .functor BUFT 1, C4<00>, C4<0>, C4<0>, C4<0>;
v0x5bc1f0790f90_0 .net *"_ivl_55", 1 0, L_0x7eb6511b8458;  1 drivers
L_0x7eb6511b8218 .functor BUFT 1, C4<000000000000000000000000000000010000>, C4<0>, C4<0>, C4<0>;
v0x5bc1f0790ad0_0 .net/2u *"_ivl_8", 35 0, L_0x7eb6511b8218;  1 drivers
v0x5bc1f0790610_0 .net "clk", 0 0, o0x7eb6514bc3d8;  alias, 0 drivers
L_0x7eb6511b84a0 .functor BUFT 1, C4<0>, C4<0>, C4<0>, C4<0>;
v0x5bc1f07906d0_0 .net "clr", 0 0, L_0x7eb6511b84a0;  1 drivers
v0x5bc1f0790150_0 .net "empty", 0 0, L_0x5bc1f089cc90;  alias, 1 drivers
v0x5bc1f0790210_0 .net "emptyN", 0 0, L_0x5bc1f089d480;  1 drivers
v0x5bc1f078fc90_0 .var "fifo_head", 4 0;
v0x5bc1f078fd50_0 .var "fifo_tail", 4 0;
v0x5bc1f078f7d0_0 .net "full", 0 0, L_0x5bc1f089cf10;  1 drivers
v0x5bc1f078f890_0 .net "fullN", 0 0, L_0x5bc1f089d1a0;  1 drivers
v0x5bc1f07a5fd0_0 .var "item_cnt", 4 0;
v0x5bc1f07a6090_0 .var "next_head", 4 0;
v0x5bc1f079b820_0 .var "next_tail", 4 0;
v0x5bc1f079d1e0_0 .net "rd_dout", 3 0, L_0x5bc1f089d410;  alias, 1 drivers
v0x5bc1f079d280_0 .net "rd_rdy", 0 0, L_0x5bc1f08a0870;  alias, 1 drivers
v0x5bc1f079ce10_0 .net "rd_vld", 0 0, L_0x5bc1f089cb10;  alias, 1 drivers
v0x5bc1f079ced0_0 .net "read_addr", 3 0, L_0x5bc1f089c340;  1 drivers
v0x5bc1f075f3e0_0 .net "room_cnt", 4 0, L_0x5bc1f089ca20;  1 drivers
v0x5bc1f075ef20_0 .net "rstn", 0 0, o0x7eb6514bc6d8;  alias, 0 drivers
v0x5bc1f075efe0_0 .net8 "wr_din", 3 0, RS_0x7eb6514bc708;  alias, 2 drivers
v0x5bc1f075ea60_0 .net "wr_rdy", 0 0, L_0x5bc1f089cbd0;  alias, 1 drivers
v0x5bc1f075eb20_0 .net "wr_vld", 0 0, L_0x5bc1f089f3e0;  alias, 1 drivers
E_0x5bc1f0827a10 .event posedge, v0x5bc1f0790610_0;
E_0x5bc1f0827e90/0 .event negedge, v0x5bc1f075ef20_0;
E_0x5bc1f0827e90/1 .event posedge, v0x5bc1f0790610_0;
E_0x5bc1f0827e90 .event/or E_0x5bc1f0827e90/0, E_0x5bc1f0827e90/1;
L_0x5bc1f089c200 .part v0x5bc1f07a6090_0, 0, 4;
L_0x5bc1f089c2a0 .part v0x5bc1f078fc90_0, 0, 4;
L_0x5bc1f089c340 .functor MUXZ 4, L_0x5bc1f089c2a0, L_0x5bc1f089c200, L_0x5bc1f089c190, C4<>;
L_0x5bc1f089c890 .concat [ 5 31 0 0], v0x5bc1f07a5fd0_0, L_0x7eb6511b8260;
L_0x5bc1f089c930 .arith/sub 36, L_0x7eb6511b8218, L_0x5bc1f089c890;
L_0x5bc1f089ca20 .part L_0x5bc1f089c930, 0, 5;
L_0x5bc1f089cc90 .cmp/eq 5, v0x5bc1f078fc90_0, v0x5bc1f078fd50_0;
L_0x5bc1f089cd80 .concat [ 5 31 0 0], v0x5bc1f07a5fd0_0, L_0x7eb6511b82a8;
L_0x5bc1f089cf10 .cmp/ge 36, L_0x5bc1f089cd80, L_0x7eb6511b82f0;
L_0x5bc1f089d0a0 .concat [ 5 31 0 0], v0x5bc1f07a5fd0_0, L_0x7eb6511b8338;
L_0x5bc1f089d1a0 .cmp/ge 36, L_0x5bc1f089d0a0, L_0x7eb6511b8380;
L_0x5bc1f089d2e0 .concat [ 5 27 0 0], v0x5bc1f07a5fd0_0, L_0x7eb6511b83c8;
L_0x5bc1f089d480 .cmp/ge 32, L_0x7eb6511b8410, L_0x5bc1f089d2e0;
L_0x5bc1f089d5c0 .array/port v0x5bc1f08180c0, L_0x5bc1f089d700;
L_0x5bc1f089d660 .part v0x5bc1f078fc90_0, 0, 4;
L_0x5bc1f089d700 .concat [ 4 2 0 0], L_0x5bc1f089d660, L_0x7eb6511b8458;
S_0x5bc1f07c9cc0 .scope module, "u_aix_wid_m1" "axi_wid" 2 1212, 2 2792 0, S_0x5bc1f07dfa60;
 .timescale 0 0;
    .port_info 0 /INPUT 1 "ARESETn";
    .port_info 1 /INPUT 1 "ACLK";
    .port_info 2 /INPUT 4 "M_AWID";
    .port_info 3 /INPUT 8 "M_AWLEN";
    .port_info 4 /INPUT 1 "M_AWVALID";
    .port_info 5 /INPUT 1 "M_AWREADY";
    .port_info 6 /OUTPUT 4 "M_WID";
    .port_info 7 /INPUT 1 "M_WLAST";
    .port_info 8 /INPUT 1 "M_WVALID";
    .port_info 9 /INPUT 1 "M_WREADY";
P_0x5bc1f074fbe0 .param/l "WIDTH_ID" 0 2 2793, +C4<00000000000000000000000000000100>;
L_0x5bc1f08a0980 .functor BUFZ 4, o0x7eb6514be298, C4<0000>, C4<0000>, C4<0000>;
L_0x5bc1f08a1f00 .functor BUFZ 4, o0x7eb6514be298, C4<0000>, C4<0000>, C4<0000>;
L_0x7eb6511b8da0 .functor BUFT 1, C4<0>, C4<0>, C4<0>, C4<0>;
L_0x5bc1f08a1f70 .functor XNOR 1, L_0x5bc1f08a12c0, L_0x7eb6511b8da0, C4<0>, C4<0>;
L_0x7eb6511b8de8 .functor BUFT 1, C4<1>, C4<0>, C4<0>, C4<0>;
L_0x5bc1f08a2070 .functor XNOR 1, o0x7eb6514be328, L_0x7eb6511b8de8, C4<0>, C4<0>;
L_0x5bc1f08a2160 .functor AND 1, L_0x5bc1f08a1f70, L_0x5bc1f08a2070, C4<1>, C4<1>;
L_0x7eb6511b8e30 .functor BUFT 1, C4<1>, C4<0>, C4<0>, C4<0>;
L_0x5bc1f08a2270 .functor XNOR 1, L_0x5bc1f0870b10, L_0x7eb6511b8e30, C4<0>, C4<0>;
L_0x5bc1f08a2330 .functor AND 1, L_0x5bc1f08a2160, L_0x5bc1f08a2270, C4<1>, C4<1>;
L_0x7eb6511b8e78 .functor BUFT 1, C4<1>, C4<0>, C4<0>, C4<0>;
L_0x5bc1f08a2440 .functor XNOR 1, L_0x5bc1f08a12c0, L_0x7eb6511b8e78, C4<0>, C4<0>;
L_0x7eb6511b8ec0 .functor BUFT 1, C4<1>, C4<0>, C4<0>, C4<0>;
L_0x5bc1f08a2550 .functor XNOR 1, o0x7eb6514be328, L_0x7eb6511b8ec0, C4<0>, C4<0>;
L_0x5bc1f08a2610 .functor AND 1, L_0x5bc1f08a2440, L_0x5bc1f08a2550, C4<1>, C4<1>;
L_0x7eb6511b8f08 .functor BUFT 1, C4<1>, C4<0>, C4<0>, C4<0>;
L_0x5bc1f08a2720 .functor XNOR 1, L_0x5bc1f0870b10, L_0x7eb6511b8f08, C4<0>, C4<0>;
L_0x5bc1f08a2820 .functor AND 1, L_0x5bc1f08a2610, L_0x5bc1f08a2720, C4<1>, C4<1>;
L_0x7eb6511b8f50 .functor BUFT 1, C4<0>, C4<0>, C4<0>, C4<0>;
L_0x5bc1f08a2950 .functor XNOR 1, o0x7eb6514be3e8, L_0x7eb6511b8f50, C4<0>, C4<0>;
L_0x5bc1f08a2a10 .functor AND 1, L_0x5bc1f08a2820, L_0x5bc1f08a2950, C4<1>, C4<1>;
L_0x5bc1f08a28e0 .functor OR 1, L_0x5bc1f08a2330, L_0x5bc1f08a2a10, C4<0>, C4<0>;
L_0x7eb6511b8f98 .functor BUFT 1, C4<1>, C4<0>, C4<0>, C4<0>;
L_0x5bc1f08a2bc0 .functor XNOR 1, L_0x5bc1f08a12c0, L_0x7eb6511b8f98, C4<0>, C4<0>;
L_0x7eb6511b8fe0 .functor BUFT 1, C4<1>, C4<0>, C4<0>, C4<0>;
L_0x5bc1f08a2d10 .functor XNOR 1, o0x7eb6514be328, L_0x7eb6511b8fe0, C4<0>, C4<0>;
L_0x5bc1f08a2dd0 .functor AND 1, L_0x5bc1f08a2bc0, L_0x5bc1f08a2d10, C4<1>, C4<1>;
L_0x7eb6511b9028 .functor BUFT 1, C4<1>, C4<0>, C4<0>, C4<0>;
L_0x5bc1f08a2f80 .functor XNOR 1, L_0x5bc1f0870b10, L_0x7eb6511b9028, C4<0>, C4<0>;
L_0x5bc1f08a3040 .functor AND 1, L_0x5bc1f08a2dd0, L_0x5bc1f08a2f80, C4<1>, C4<1>;
L_0x7eb6511b9070 .functor BUFT 1, C4<1>, C4<0>, C4<0>, C4<0>;
L_0x5bc1f08a3200 .functor XNOR 1, o0x7eb6514be3e8, L_0x7eb6511b9070, C4<0>, C4<0>;
L_0x5bc1f08a32c0 .functor AND 1, L_0x5bc1f08a3040, L_0x5bc1f08a3200, C4<1>, C4<1>;
L_0x7eb6511b90b8 .functor BUFT 1, C4<0>, C4<0>, C4<0>, C4<0>;
L_0x5bc1f08a3150 .functor XNOR 1, L_0x5bc1f0870df0, L_0x7eb6511b90b8, C4<0>, C4<0>;
L_0x7eb6511b9100 .functor BUFT 1, C4<0>, C4<0>, C4<0>, C4<0>;
L_0x5bc1f08a34e0 .functor XNOR 1, o0x7eb6514be388, L_0x7eb6511b9100, C4<0>, C4<0>;
L_0x5bc1f08a33d0 .functor OR 1, L_0x5bc1f08a3150, L_0x5bc1f08a34e0, C4<0>, C4<0>;
L_0x5bc1f08a36c0 .functor AND 1, L_0x5bc1f08a32c0, L_0x5bc1f08a33d0, C4<1>, C4<1>;
L_0x5bc1f08a35a0 .functor OR 1, L_0x5bc1f08a28e0, L_0x5bc1f08a36c0, C4<0>, C4<0>;
L_0x7eb6511b9148 .functor BUFT 1, C4<1>, C4<0>, C4<0>, C4<0>;
L_0x5bc1f08a3950 .functor XNOR 1, L_0x5bc1f08a12c0, L_0x7eb6511b9148, C4<0>, C4<0>;
L_0x7eb6511b9190 .functor BUFT 1, C4<1>, C4<0>, C4<0>, C4<0>;
L_0x5bc1f08a3b00 .functor XNOR 1, o0x7eb6514be328, L_0x7eb6511b9190, C4<0>, C4<0>;
L_0x5bc1f08a3bc0 .functor AND 1, L_0x5bc1f08a3950, L_0x5bc1f08a3b00, C4<1>, C4<1>;
L_0x7eb6511b91d8 .functor BUFT 1, C4<1>, C4<0>, C4<0>, C4<0>;
L_0x5bc1f08a3dd0 .functor XNOR 1, L_0x5bc1f0870b10, L_0x7eb6511b91d8, C4<0>, C4<0>;
L_0x5bc1f08a3e90 .functor AND 1, L_0x5bc1f08a3bc0, L_0x5bc1f08a3dd0, C4<1>, C4<1>;
L_0x7eb6511b9220 .functor BUFT 1, C4<1>, C4<0>, C4<0>, C4<0>;
L_0x5bc1f08a40b0 .functor XNOR 1, o0x7eb6514be3e8, L_0x7eb6511b9220, C4<0>, C4<0>;
L_0x5bc1f08a4170 .functor AND 1, L_0x5bc1f08a3e90, L_0x5bc1f08a40b0, C4<1>, C4<1>;
L_0x7eb6511b9268 .functor BUFT 1, C4<0>, C4<0>, C4<0>, C4<0>;
L_0x5bc1f08a43f0 .functor XNOR 1, L_0x5bc1f08a12c0, L_0x7eb6511b9268, C4<0>, C4<0>;
L_0x7eb6511b92b0 .functor BUFT 1, C4<1>, C4<0>, C4<0>, C4<0>;
L_0x5bc1f08a44b0 .functor XNOR 1, o0x7eb6514be3e8, L_0x7eb6511b92b0, C4<0>, C4<0>;
L_0x5bc1f08a4280 .functor AND 1, L_0x5bc1f08a43f0, L_0x5bc1f08a44b0, C4<1>, C4<1>;
L_0x7eb6511b92f8 .functor BUFT 1, C4<1>, C4<0>, C4<0>, C4<0>;
L_0x5bc1f08a46a0 .functor XNOR 1, L_0x5bc1f0870df0, L_0x7eb6511b92f8, C4<0>, C4<0>;
L_0x5bc1f08a4850 .functor AND 1, L_0x5bc1f08a4280, L_0x5bc1f08a46a0, C4<1>, C4<1>;
L_0x7eb6511b9340 .functor BUFT 1, C4<1>, C4<0>, C4<0>, C4<0>;
L_0x5bc1f08a4960 .functor XNOR 1, o0x7eb6514be388, L_0x7eb6511b9340, C4<0>, C4<0>;
L_0x5bc1f08a4b70 .functor AND 1, L_0x5bc1f08a4850, L_0x5bc1f08a4960, C4<1>, C4<1>;
v0x5bc1f0741730_0 .net "ACLK", 0 0, o0x7eb6514bc3d8;  alias, 0 drivers
v0x5bc1f07417f0_0 .net "ARESETn", 0 0, o0x7eb6514bc6d8;  alias, 0 drivers
v0x5bc1f08148f0_0 .net "M_AWID", 3 0, o0x7eb6514be298;  alias, 0 drivers
v0x5bc1f08149b0_0 .net "M_AWLEN", 7 0, o0x7eb6514be2c8;  alias, 0 drivers
v0x5bc1f07faf90_0 .net "M_AWREADY", 0 0, L_0x5bc1f0870b10;  alias, 1 drivers
v0x5bc1f07a3fc0_0 .net "M_AWVALID", 0 0, o0x7eb6514be328;  alias, 0 drivers
v0x5bc1f07a4080_0 .net "M_WID", 3 0, L_0x5bc1f08a2ee0;  alias, 1 drivers
v0x5bc1f07a52b0_0 .net "M_WLAST", 0 0, o0x7eb6514be388;  alias, 0 drivers
v0x5bc1f07a5350_0 .net "M_WREADY", 0 0, L_0x5bc1f0870df0;  alias, 1 drivers
v0x5bc1f0774090_0 .net "M_WVALID", 0 0, o0x7eb6514be3e8;  alias, 0 drivers
v0x5bc1f0774150_0 .net/2u *"_ivl_10", 0 0, L_0x7eb6511b8de8;  1 drivers
v0x5bc1f0775380_0 .net *"_ivl_100", 0 0, L_0x5bc1f08a40b0;  1 drivers
v0x5bc1f0775440_0 .net *"_ivl_103", 0 0, L_0x5bc1f08a4170;  1 drivers
v0x5bc1f0743b40_0 .net/2u *"_ivl_106", 0 0, L_0x7eb6511b9268;  1 drivers
v0x5bc1f0743c00_0 .net *"_ivl_108", 0 0, L_0x5bc1f08a43f0;  1 drivers
v0x5bc1f0744e30_0 .net/2u *"_ivl_110", 0 0, L_0x7eb6511b92b0;  1 drivers
v0x5bc1f0744ef0_0 .net *"_ivl_112", 0 0, L_0x5bc1f08a44b0;  1 drivers
v0x5bc1f0816d00_0 .net *"_ivl_115", 0 0, L_0x5bc1f08a4280;  1 drivers
v0x5bc1f0816da0_0 .net/2u *"_ivl_116", 0 0, L_0x7eb6511b92f8;  1 drivers
v0x5bc1f0723d80_0 .net *"_ivl_118", 0 0, L_0x5bc1f08a46a0;  1 drivers
v0x5bc1f0723e20_0 .net *"_ivl_12", 0 0, L_0x5bc1f08a2070;  1 drivers
v0x5bc1f072a780_0 .net *"_ivl_121", 0 0, L_0x5bc1f08a4850;  1 drivers
v0x5bc1f072a840_0 .net/2u *"_ivl_122", 0 0, L_0x7eb6511b9340;  1 drivers
v0x5bc1f07266c0_0 .net *"_ivl_124", 0 0, L_0x5bc1f08a4960;  1 drivers
v0x5bc1f0726780_0 .net *"_ivl_15", 0 0, L_0x5bc1f08a2160;  1 drivers
v0x5bc1f0725e00_0 .net/2u *"_ivl_16", 0 0, L_0x7eb6511b8e30;  1 drivers
v0x5bc1f0725ec0_0 .net *"_ivl_18", 0 0, L_0x5bc1f08a2270;  1 drivers
v0x5bc1f0725540_0 .net *"_ivl_21", 0 0, L_0x5bc1f08a2330;  1 drivers
v0x5bc1f07255e0_0 .net/2u *"_ivl_22", 0 0, L_0x7eb6511b8e78;  1 drivers
v0x5bc1f0724c80_0 .net *"_ivl_24", 0 0, L_0x5bc1f08a2440;  1 drivers
v0x5bc1f0724d20_0 .net/2u *"_ivl_26", 0 0, L_0x7eb6511b8ec0;  1 drivers
v0x5bc1f0724500_0 .net *"_ivl_28", 0 0, L_0x5bc1f08a2550;  1 drivers
v0x5bc1f07245a0_0 .net *"_ivl_31", 0 0, L_0x5bc1f08a2610;  1 drivers
v0x5bc1f06895c0_0 .net/2u *"_ivl_32", 0 0, L_0x7eb6511b8f08;  1 drivers
v0x5bc1f06896a0_0 .net *"_ivl_34", 0 0, L_0x5bc1f08a2720;  1 drivers
v0x5bc1f0689760_0 .net *"_ivl_37", 0 0, L_0x5bc1f08a2820;  1 drivers
v0x5bc1f07e5800_0 .net/2u *"_ivl_38", 0 0, L_0x7eb6511b8f50;  1 drivers
v0x5bc1f07e58c0_0 .net *"_ivl_40", 0 0, L_0x5bc1f08a2950;  1 drivers
v0x5bc1f07e4f90_0 .net *"_ivl_43", 0 0, L_0x5bc1f08a2a10;  1 drivers
v0x5bc1f07e5030_0 .net *"_ivl_45", 0 0, L_0x5bc1f08a28e0;  1 drivers
v0x5bc1f07e4750_0 .net/2u *"_ivl_46", 0 0, L_0x7eb6511b8f98;  1 drivers
v0x5bc1f07e4830_0 .net *"_ivl_48", 0 0, L_0x5bc1f08a2bc0;  1 drivers
v0x5bc1f07e3f00_0 .net/2u *"_ivl_50", 0 0, L_0x7eb6511b8fe0;  1 drivers
v0x5bc1f07e3fe0_0 .net *"_ivl_52", 0 0, L_0x5bc1f08a2d10;  1 drivers
v0x5bc1f07e3690_0 .net *"_ivl_55", 0 0, L_0x5bc1f08a2dd0;  1 drivers
v0x5bc1f07e3750_0 .net/2u *"_ivl_56", 0 0, L_0x7eb6511b9028;  1 drivers
v0x5bc1f07e60e0_0 .net *"_ivl_58", 0 0, L_0x5bc1f08a2f80;  1 drivers
v0x5bc1f07e61a0_0 .net/2u *"_ivl_6", 0 0, L_0x7eb6511b8da0;  1 drivers
v0x5bc1f07daa50_0 .net *"_ivl_61", 0 0, L_0x5bc1f08a3040;  1 drivers
v0x5bc1f07dab10_0 .net/2u *"_ivl_62", 0 0, L_0x7eb6511b9070;  1 drivers
v0x5bc1f07d8db0_0 .net *"_ivl_64", 0 0, L_0x5bc1f08a3200;  1 drivers
v0x5bc1f07d8e70_0 .net *"_ivl_67", 0 0, L_0x5bc1f08a32c0;  1 drivers
v0x5bc1f07ce630_0 .net/2u *"_ivl_68", 0 0, L_0x7eb6511b90b8;  1 drivers
v0x5bc1f07ce6f0_0 .net *"_ivl_70", 0 0, L_0x5bc1f08a3150;  1 drivers
v0x5bc1f07cddc0_0 .net/2u *"_ivl_72", 0 0, L_0x7eb6511b9100;  1 drivers
v0x5bc1f07cde80_0 .net *"_ivl_74", 0 0, L_0x5bc1f08a34e0;  1 drivers
v0x5bc1f07cd580_0 .net *"_ivl_77", 0 0, L_0x5bc1f08a33d0;  1 drivers
v0x5bc1f07cd620_0 .net *"_ivl_79", 0 0, L_0x5bc1f08a36c0;  1 drivers
v0x5bc1f07ccd30_0 .net *"_ivl_8", 0 0, L_0x5bc1f08a1f70;  1 drivers
v0x5bc1f07ccdf0_0 .net/2u *"_ivl_82", 0 0, L_0x7eb6511b9148;  1 drivers
v0x5bc1f07cc4c0_0 .net *"_ivl_84", 0 0, L_0x5bc1f08a3950;  1 drivers
v0x5bc1f07cc580_0 .net/2u *"_ivl_86", 0 0, L_0x7eb6511b9190;  1 drivers
v0x5bc1f07cef10_0 .net *"_ivl_88", 0 0, L_0x5bc1f08a3b00;  1 drivers
v0x5bc1f07cefd0_0 .net *"_ivl_91", 0 0, L_0x5bc1f08a3bc0;  1 drivers
v0x5bc1f07c3880_0 .net/2u *"_ivl_92", 0 0, L_0x7eb6511b91d8;  1 drivers
v0x5bc1f07c3920_0 .net *"_ivl_94", 0 0, L_0x5bc1f08a3dd0;  1 drivers
v0x5bc1f07c1be0_0 .net *"_ivl_97", 0 0, L_0x5bc1f08a3e90;  1 drivers
v0x5bc1f07c1ca0_0 .net/2u *"_ivl_98", 0 0, L_0x7eb6511b9220;  1 drivers
v0x5bc1f07b3490_0 .net "fifo_empty", 0 0, L_0x5bc1f08a12c0;  1 drivers
v0x5bc1f07b3530_0 .net "fifo_pop_dout", 3 0, L_0x5bc1f08a1950;  1 drivers
v0x5bc1f07b2b90_0 .net "fifo_pop_ready", 0 0, L_0x5bc1f08a4b70;  1 drivers
v0x5bc1f07b2c30_0 .net "fifo_pop_valid", 0 0, L_0x5bc1f08a0fb0;  1 drivers
RS_0x7eb6514bdf38 .resolv tri, L_0x5bc1f08a0980, L_0x5bc1f08a1f00;
v0x5bc1f07b22c0_0 .net8 "fifo_push_din", 3 0, RS_0x7eb6514bdf38;  2 drivers
v0x5bc1f07b2390_0 .net "fifo_push_ready", 0 0, L_0x5bc1f08a1200;  1 drivers
v0x5bc1f07b19c0_0 .net "fifo_push_valid", 0 0, L_0x5bc1f08a35a0;  1 drivers
L_0x5bc1f08a2ee0 .functor MUXZ 4, L_0x5bc1f08a1950, o0x7eb6514be298, L_0x5bc1f08a4170, C4<>;
S_0x5bc1f07e0e90 .scope module, "u_axi_wid_fifo_sync" "axi_fifo_sync" 2 2818, 2 1561 0, S_0x5bc1f07c9cc0;
 .timescale 0 0;
    .port_info 0 /INPUT 1 "rstn";
    .port_info 1 /INPUT 1 "clr";
    .port_info 2 /INPUT 1 "clk";
    .port_info 3 /OUTPUT 1 "wr_rdy";
    .port_info 4 /INPUT 1 "wr_vld";
    .port_info 5 /INPUT 4 "wr_din";
    .port_info 6 /INPUT 1 "rd_rdy";
    .port_info 7 /OUTPUT 1 "rd_vld";
    .port_info 8 /OUTPUT 4 "rd_dout";
    .port_info 9 /OUTPUT 1 "full";
    .port_info 10 /OUTPUT 1 "empty";
    .port_info 11 /OUTPUT 1 "fullN";
    .port_info 12 /OUTPUT 1 "emptyN";
    .port_info 13 /OUTPUT 5 "item_cnt";
    .port_info 14 /OUTPUT 5 "room_cnt";
P_0x5bc1f07af980 .param/l "FAW" 0 2 1563, +C4<00000000000000000000000000000100>;
P_0x5bc1f07af9c0 .param/l "FDT" 1 2 1583, +C4<000000000000000000000000000000010000>;
P_0x5bc1f07afa00 .param/l "FDW" 0 2 1562, +C4<00000000000000000000000000000100>;
P_0x5bc1f07afa40 .param/l "FULN" 0 2 1564, +C4<00000000000000000000000000000100>;
L_0x5bc1f08a0a40 .functor AND 1, L_0x5bc1f08a0fb0, L_0x5bc1f08a4b70, C4<1>, C4<1>;
L_0x5bc1f08a0fb0 .functor NOT 1, L_0x5bc1f08a12c0, C4<0>, C4<0>, C4<0>;
L_0x5bc1f08a1200 .functor NOT 1, L_0x5bc1f08a1540, C4<0>, C4<0>, C4<0>;
L_0x5bc1f08a1950 .functor BUFZ 4, L_0x5bc1f08a1b00, C4<0000>, C4<0000>, C4<0000>;
v0x5bc1f0728eb0 .array "Mem", 15 0, 3 0;
v0x5bc1f078d7c0_0 .net *"_ivl_0", 0 0, L_0x5bc1f08a0a40;  1 drivers
v0x5bc1f078d8a0_0 .net *"_ivl_10", 35 0, L_0x5bc1f08a0e20;  1 drivers
L_0x7eb6511b8b18 .functor BUFT 1, C4<0000000000000000000000000000000>, C4<0>, C4<0>, C4<0>;
v0x5bc1f07b0810_0 .net *"_ivl_13", 30 0, L_0x7eb6511b8b18;  1 drivers
v0x5bc1f07b08f0_0 .net *"_ivl_14", 35 0, L_0x5bc1f08a0f10;  1 drivers
v0x5bc1f07a05e0_0 .net *"_ivl_24", 35 0, L_0x5bc1f08a13b0;  1 drivers
L_0x7eb6511b8b60 .functor BUFT 1, C4<0000000000000000000000000000000>, C4<0>, C4<0>, C4<0>;
v0x5bc1f07a06c0_0 .net *"_ivl_27", 30 0, L_0x7eb6511b8b60;  1 drivers
L_0x7eb6511b8ba8 .functor BUFT 1, C4<000000000000000000000000000000010000>, C4<0>, C4<0>, C4<0>;
v0x5bc1f079f7c0_0 .net/2u *"_ivl_28", 35 0, L_0x7eb6511b8ba8;  1 drivers
v0x5bc1f079f8a0_0 .net *"_ivl_3", 3 0, L_0x5bc1f08a0b50;  1 drivers
v0x5bc1f079e540_0 .net *"_ivl_32", 35 0, L_0x5bc1f08a16d0;  1 drivers
L_0x7eb6511b8bf0 .functor BUFT 1, C4<0000000000000000000000000000000>, C4<0>, C4<0>, C4<0>;
v0x5bc1f079e620_0 .net *"_ivl_35", 30 0, L_0x7eb6511b8bf0;  1 drivers
L_0x7eb6511b8c38 .functor BUFT 1, C4<000000000000000000000000000000001100>, C4<0>, C4<0>, C4<0>;
v0x5bc1f07808e0_0 .net/2u *"_ivl_36", 35 0, L_0x7eb6511b8c38;  1 drivers
v0x5bc1f07809c0_0 .net *"_ivl_40", 31 0, L_0x5bc1f08a18b0;  1 drivers
L_0x7eb6511b8c80 .functor BUFT 1, C4<000000000000000000000000000>, C4<0>, C4<0>, C4<0>;
v0x5bc1f07706b0_0 .net *"_ivl_43", 26 0, L_0x7eb6511b8c80;  1 drivers
L_0x7eb6511b8cc8 .functor BUFT 1, C4<00000000000000000000000000000100>, C4<0>, C4<0>, C4<0>;
v0x5bc1f0770790_0 .net/2u *"_ivl_44", 31 0, L_0x7eb6511b8cc8;  1 drivers
v0x5bc1f076f890_0 .net *"_ivl_48", 3 0, L_0x5bc1f08a1b00;  1 drivers
v0x5bc1f076f970_0 .net *"_ivl_5", 3 0, L_0x5bc1f08a0bf0;  1 drivers
v0x5bc1f0750390_0 .net *"_ivl_51", 3 0, L_0x5bc1f08a1ba0;  1 drivers
v0x5bc1f0750470_0 .net *"_ivl_52", 5 0, L_0x5bc1f08a1c40;  1 drivers
L_0x7eb6511b8d10 .functor BUFT 1, C4<00>, C4<0>, C4<0>, C4<0>;
v0x5bc1f0740160_0 .net *"_ivl_55", 1 0, L_0x7eb6511b8d10;  1 drivers
L_0x7eb6511b8ad0 .functor BUFT 1, C4<000000000000000000000000000000010000>, C4<0>, C4<0>, C4<0>;
v0x5bc1f0740240_0 .net/2u *"_ivl_8", 35 0, L_0x7eb6511b8ad0;  1 drivers
v0x5bc1f073f340_0 .net "clk", 0 0, o0x7eb6514bc3d8;  alias, 0 drivers
L_0x7eb6511b8d58 .functor BUFT 1, C4<0>, C4<0>, C4<0>, C4<0>;
v0x5bc1f073f3e0_0 .net "clr", 0 0, L_0x7eb6511b8d58;  1 drivers
v0x5bc1f073e0c0_0 .net "empty", 0 0, L_0x5bc1f08a12c0;  alias, 1 drivers
v0x5bc1f073e160_0 .net "emptyN", 0 0, L_0x5bc1f08a19c0;  1 drivers
v0x5bc1f0813320_0 .var "fifo_head", 4 0;
v0x5bc1f08133e0_0 .var "fifo_tail", 4 0;
v0x5bc1f0812580_0 .net "full", 0 0, L_0x5bc1f08a1540;  1 drivers
v0x5bc1f0812640_0 .net "fullN", 0 0, L_0x5bc1f08a1770;  1 drivers
v0x5bc1f0811300_0 .var "item_cnt", 4 0;
v0x5bc1f08113e0_0 .var "next_head", 4 0;
v0x5bc1f07f99e0_0 .var "next_tail", 4 0;
v0x5bc1f07c6c40_0 .net "rd_dout", 3 0, L_0x5bc1f08a1950;  alias, 1 drivers
v0x5bc1f07c6ce0_0 .net "rd_rdy", 0 0, L_0x5bc1f08a4b70;  alias, 1 drivers
v0x5bc1f078e610_0 .net "rd_vld", 0 0, L_0x5bc1f08a0fb0;  alias, 1 drivers
v0x5bc1f078e6d0_0 .net "read_addr", 3 0, L_0x5bc1f08a0c90;  1 drivers
v0x5bc1f07a1bb0_0 .net "room_cnt", 4 0, L_0x5bc1f08a10c0;  1 drivers
v0x5bc1f07a1c90_0 .net "rstn", 0 0, o0x7eb6514bc6d8;  alias, 0 drivers
v0x5bc1f075e6e0_0 .net8 "wr_din", 3 0, RS_0x7eb6514bdf38;  alias, 2 drivers
v0x5bc1f075e7c0_0 .net "wr_rdy", 0 0, L_0x5bc1f08a1200;  alias, 1 drivers
v0x5bc1f0771ca0_0 .net "wr_vld", 0 0, L_0x5bc1f08a35a0;  alias, 1 drivers
L_0x5bc1f08a0b50 .part v0x5bc1f08113e0_0, 0, 4;
L_0x5bc1f08a0bf0 .part v0x5bc1f0813320_0, 0, 4;
L_0x5bc1f08a0c90 .functor MUXZ 4, L_0x5bc1f08a0bf0, L_0x5bc1f08a0b50, L_0x5bc1f08a0a40, C4<>;
L_0x5bc1f08a0e20 .concat [ 5 31 0 0], v0x5bc1f0811300_0, L_0x7eb6511b8b18;
L_0x5bc1f08a0f10 .arith/sub 36, L_0x7eb6511b8ad0, L_0x5bc1f08a0e20;
L_0x5bc1f08a10c0 .part L_0x5bc1f08a0f10, 0, 5;
L_0x5bc1f08a12c0 .cmp/eq 5, v0x5bc1f0813320_0, v0x5bc1f08133e0_0;
L_0x5bc1f08a13b0 .concat [ 5 31 0 0], v0x5bc1f0811300_0, L_0x7eb6511b8b60;
L_0x5bc1f08a1540 .cmp/ge 36, L_0x5bc1f08a13b0, L_0x7eb6511b8ba8;
L_0x5bc1f08a16d0 .concat [ 5 31 0 0], v0x5bc1f0811300_0, L_0x7eb6511b8bf0;
L_0x5bc1f08a1770 .cmp/ge 36, L_0x5bc1f08a16d0, L_0x7eb6511b8c38;
L_0x5bc1f08a18b0 .concat [ 5 27 0 0], v0x5bc1f0811300_0, L_0x7eb6511b8c80;
L_0x5bc1f08a19c0 .cmp/ge 32, L_0x7eb6511b8cc8, L_0x5bc1f08a18b0;
L_0x5bc1f08a1b00 .array/port v0x5bc1f0728eb0, L_0x5bc1f08a1c40;
L_0x5bc1f08a1ba0 .part v0x5bc1f0813320_0, 0, 4;
L_0x5bc1f08a1c40 .concat [ 4 2 0 0], L_0x5bc1f08a1ba0, L_0x7eb6511b8d10;
S_0x5bc1f07e0470 .scope module, "u_axi_default_slave" "axi_default_slave" 2 1141, 2 2561 0, S_0x5bc1f07dfa60;
 .timescale 0 0;
    .port_info 0 /INPUT 1 "ARESETn";
    .port_info 1 /INPUT 1 "ACLK";
    .port_info 2 /INPUT 5 "AWID";
    .port_info 3 /INPUT 32 "AWADDR";
    .port_info 4 /INPUT 8 "AWLEN";
    .port_info 5 /INPUT 1 "AWLOCK";
    .port_info 6 /INPUT 3 "AWSIZE";
    .port_info 7 /INPUT 2 "AWBURST";
    .port_info 8 /INPUT 1 "AWVALID";
    .port_info 9 /OUTPUT 1 "AWREADY";
    .port_info 10 /INPUT 5 "WID";
    .port_info 11 /INPUT 32 "WDATA";
    .port_info 12 /INPUT 4 "WSTRB";
    .port_info 13 /INPUT 1 "WLAST";
    .port_info 14 /INPUT 1 "WVALID";
    .port_info 15 /OUTPUT 1 "WREADY";
    .port_info 16 /OUTPUT 5 "BID";
    .port_info 17 /OUTPUT 2 "BRESP";
    .port_info 18 /OUTPUT 1 "BVALID";
    .port_info 19 /INPUT 1 "BREADY";
    .port_info 20 /INPUT 5 "ARID";
    .port_info 21 /INPUT 32 "ARADDR";
    .port_info 22 /INPUT 8 "ARLEN";
    .port_info 23 /INPUT 1 "ARLOCK";
    .port_info 24 /INPUT 3 "ARSIZE";
    .port_info 25 /INPUT 2 "ARBURST";
    .port_info 26 /INPUT 1 "ARVALID";
    .port_info 27 /OUTPUT 1 "ARREADY";
    .port_info 28 /OUTPUT 5 "RID";
    .port_info 29 /OUTPUT 32 "RDATA";
    .port_info 30 /OUTPUT 2 "RRESP";
    .port_info 31 /OUTPUT 1 "RLAST";
    .port_info 32 /OUTPUT 1 "RVALID";
    .port_info 33 /INPUT 1 "RREADY";
P_0x5bc1f07ede30 .param/l "STR_END" 1 2 2731, C4<00000000000000000000000000000011>;
P_0x5bc1f07ede70 .param/l "STR_IDLE" 1 2 2728, C4<00000000000000000000000000000000>;
P_0x5bc1f07edeb0 .param/l "STR_RUN" 1 2 2729, C4<00000000000000000000000000000001>;
P_0x5bc1f07edef0 .param/l "STR_WAIT" 1 2 2730, C4<00000000000000000000000000000010>;
P_0x5bc1f07edf30 .param/l "STW_IDLE" 1 2 2646, C4<00000000000000000000000000000000>;
P_0x5bc1f07edf70 .param/l "STW_RSP" 1 2 2649, C4<00000000000000000000000000000011>;
P_0x5bc1f07edfb0 .param/l "STW_RUN" 1 2 2647, C4<00000000000000000000000000000001>;
P_0x5bc1f07edff0 .param/l "STW_WAIT" 1 2 2648, C4<00000000000000000000000000000010>;
P_0x5bc1f07ee030 .param/l "WIDTH_AD" 0 2 2564, +C4<00000000000000000000000000100000>;
P_0x5bc1f07ee070 .param/l "WIDTH_CID" 0 2 2562, +C4<00000000000000000000000000000001>;
P_0x5bc1f07ee0b0 .param/l "WIDTH_DA" 0 2 2565, +C4<00000000000000000000000000100000>;
P_0x5bc1f07ee0f0 .param/l "WIDTH_DS" 0 2 2566, +C4<00000000000000000000000000000100>;
P_0x5bc1f07ee130 .param/l "WIDTH_ID" 0 2 2563, +C4<00000000000000000000000000000100>;
P_0x5bc1f07ee170 .param/l "WIDTH_SID" 0 2 2567, +C4<000000000000000000000000000000101>;
v0x5bc1f07975e0_0 .net "ACLK", 0 0, o0x7eb6514bc3d8;  alias, 0 drivers
v0x5bc1f0646500_0 .net "ARADDR", 31 0, v0x5bc1f0852450_0;  alias, 1 drivers
v0x5bc1f06465a0_0 .net "ARBURST", 1 0, v0x5bc1f0852510_0;  alias, 1 drivers
v0x5bc1f07950a0_0 .net "ARESETn", 0 0, o0x7eb6514bc6d8;  alias, 0 drivers
v0x5bc1f0795140_0 .net "ARID", 4 0, v0x5bc1f08525b0_0;  alias, 1 drivers
v0x5bc1f07934f0_0 .net "ARLEN", 7 0, v0x5bc1f0852a60_0;  alias, 1 drivers
v0x5bc1f0783560_0 .net "ARLOCK", 0 0, v0x5bc1f0852b00_0;  alias, 1 drivers
v0x5bc1f0783620_0 .var "ARREADY", 0 0;
v0x5bc1f0782c60_0 .net "ARSIZE", 2 0, v0x5bc1f0852c40_0;  alias, 1 drivers
v0x5bc1f0782d20_0 .net "ARVALID", 0 0, v0x5bc1f0852ce0_0;  alias, 1 drivers
v0x5bc1f0782390_0 .net "AWADDR", 31 0, v0x5bc1f0852d80_0;  alias, 1 drivers
v0x5bc1f0782450_0 .net "AWBURST", 1 0, v0x5bc1f0852e20_0;  alias, 1 drivers
v0x5bc1f0781a90_0 .net "AWID", 4 0, v0x5bc1f0852ec0_0;  alias, 1 drivers
v0x5bc1f0781b70_0 .net "AWLEN", 7 0, v0x5bc1f0852f60_0;  alias, 1 drivers
v0x5bc1f07811c0_0 .net "AWLOCK", 0 0, v0x5bc1f0853000_0;  alias, 1 drivers
v0x5bc1f0781280_0 .var "AWREADY", 0 0;
v0x5bc1f0777b90_0 .net "AWSIZE", 2 0, v0x5bc1f0853140_0;  alias, 1 drivers
v0x5bc1f0777c50_0 .net "AWVALID", 0 0, v0x5bc1f08531e0_0;  alias, 1 drivers
v0x5bc1f076a2a0_0 .var "BID", 4 0;
v0x5bc1f076a360_0 .net "BREADY", 0 0, L_0x5bc1f08716d0;  alias, 1 drivers
v0x5bc1f07675b0_0 .net "BRESP", 1 0, L_0x7eb6511b8140;  alias, 1 drivers
v0x5bc1f0767670_0 .var "BVALID", 0 0;
v0x5bc1f0765120_0 .net "RDATA", 31 0, L_0x7eb6511b81d0;  alias, 1 drivers
v0x5bc1f07651e0_0 .var "RID", 4 0;
v0x5bc1f0763580_0 .var "RLAST", 0 0;
v0x5bc1f0763640_0 .net "RREADY", 0 0, L_0x5bc1f0871830;  alias, 1 drivers
v0x5bc1f0753010_0 .net "RRESP", 1 0, L_0x7eb6511b8188;  alias, 1 drivers
v0x5bc1f07530d0_0 .var "RVALID", 0 0;
v0x5bc1f0752710_0 .net "WDATA", 31 0, v0x5bc1f0853280_0;  alias, 1 drivers
v0x5bc1f07527d0_0 .net "WID", 4 0, v0x5bc1f0853320_0;  alias, 1 drivers
v0x5bc1f0751e40_0 .net "WLAST", 0 0, v0x5bc1f08533c0_0;  alias, 1 drivers
v0x5bc1f0751f00_0 .var "WREADY", 0 0;
v0x5bc1f0751540_0 .net "WSTRB", 3 0, v0x5bc1f0853500_0;  alias, 1 drivers
v0x5bc1f0751600_0 .net "WVALID", 0 0, v0x5bc1f08535a0_0;  alias, 1 drivers
v0x5bc1f0750c70_0 .var "arid_reg", 4 0;
v0x5bc1f0750d30_0 .var "arlen_reg", 8 0;
v0x5bc1f0747640_0 .var "awid_reg", 4 0;
v0x5bc1f0747720_0 .var "awlen_reg", 8 0;
v0x5bc1f0739d50_0 .var "countR", 8 0;
v0x5bc1f0739e30_0 .var "countW", 8 0;
v0x5bc1f0737060_0 .var "stateR", 1 0;
v0x5bc1f0737120_0 .var "stateW", 1 0;
S_0x5bc1f07de110 .scope module, "u_axi_mtos_s0" "axi_mtos_m2" 2 430, 2 1789 0, S_0x5bc1f07dfa60;
 .timescale 0 0;
    .port_info 0 /INPUT 1 "ARESETn";
    .port_info 1 /INPUT 1 "ACLK";
    .port_info 2 /INPUT 1 "M0_MID";
    .port_info 3 /INPUT 4 "M0_AWID";
    .port_info 4 /INPUT 32 "M0_AWADDR";
    .port_info 5 /INPUT 8 "M0_AWLEN";
    .port_info 6 /INPUT 1 "M0_AWLOCK";
    .port_info 7 /INPUT 3 "M0_AWSIZE";
    .port_info 8 /INPUT 2 "M0_AWBURST";
    .port_info 9 /INPUT 1 "M0_AWVALID";
    .port_info 10 /OUTPUT 1 "M0_AWREADY";
    .port_info 11 /INPUT 4 "M0_WID";
    .port_info 12 /INPUT 32 "M0_WDATA";
    .port_info 13 /INPUT 4 "M0_WSTRB";
    .port_info 14 /INPUT 1 "M0_WLAST";
    .port_info 15 /INPUT 1 "M0_WVALID";
    .port_info 16 /OUTPUT 1 "M0_WREADY";
    .port_info 17 /INPUT 4 "M0_ARID";
    .port_info 18 /INPUT 32 "M0_ARADDR";
    .port_info 19 /INPUT 8 "M0_ARLEN";
    .port_info 20 /INPUT 1 "M0_ARLOCK";
    .port_info 21 /INPUT 3 "M0_ARSIZE";
    .port_info 22 /INPUT 2 "M0_ARBURST";
    .port_info 23 /INPUT 1 "M0_ARVALID";
    .port_info 24 /OUTPUT 1 "M0_ARREADY";
    .port_info 25 /INPUT 1 "M1_MID";
    .port_info 26 /INPUT 4 "M1_AWID";
    .port_info 27 /INPUT 32 "M1_AWADDR";
    .port_info 28 /INPUT 8 "M1_AWLEN";
    .port_info 29 /INPUT 1 "M1_AWLOCK";
    .port_info 30 /INPUT 3 "M1_AWSIZE";
    .port_info 31 /INPUT 2 "M1_AWBURST";
    .port_info 32 /INPUT 1 "M1_AWVALID";
    .port_info 33 /OUTPUT 1 "M1_AWREADY";
    .port_info 34 /INPUT 4 "M1_WID";
    .port_info 35 /INPUT 32 "M1_WDATA";
    .port_info 36 /INPUT 4 "M1_WSTRB";
    .port_info 37 /INPUT 1 "M1_WLAST";
    .port_info 38 /INPUT 1 "M1_WVALID";
    .port_info 39 /OUTPUT 1 "M1_WREADY";
    .port_info 40 /INPUT 4 "M1_ARID";
    .port_info 41 /INPUT 32 "M1_ARADDR";
    .port_info 42 /INPUT 8 "M1_ARLEN";
    .port_info 43 /INPUT 1 "M1_ARLOCK";
    .port_info 44 /INPUT 3 "M1_ARSIZE";
    .port_info 45 /INPUT 2 "M1_ARBURST";
    .port_info 46 /INPUT 1 "M1_ARVALID";
    .port_info 47 /OUTPUT 1 "M1_ARREADY";
    .port_info 48 /OUTPUT 5 "S_AWID";
    .port_info 49 /OUTPUT 32 "S_AWADDR";
    .port_info 50 /OUTPUT 8 "S_AWLEN";
    .port_info 51 /OUTPUT 1 "S_AWLOCK";
    .port_info 52 /OUTPUT 3 "S_AWSIZE";
    .port_info 53 /OUTPUT 2 "S_AWBURST";
    .port_info 54 /OUTPUT 1 "S_AWVALID";
    .port_info 55 /INPUT 1 "S_AWREADY";
    .port_info 56 /OUTPUT 5 "S_WID";
    .port_info 57 /OUTPUT 32 "S_WDATA";
    .port_info 58 /OUTPUT 4 "S_WSTRB";
    .port_info 59 /OUTPUT 1 "S_WLAST";
    .port_info 60 /OUTPUT 1 "S_WVALID";
    .port_info 61 /INPUT 1 "S_WREADY";
    .port_info 62 /OUTPUT 5 "S_ARID";
    .port_info 63 /OUTPUT 32 "S_ARADDR";
    .port_info 64 /OUTPUT 8 "S_ARLEN";
    .port_info 65 /OUTPUT 1 "S_ARLOCK";
    .port_info 66 /OUTPUT 3 "S_ARSIZE";
    .port_info 67 /OUTPUT 2 "S_ARBURST";
    .port_info 68 /OUTPUT 1 "S_ARVALID";
    .port_info 69 /INPUT 1 "S_ARREADY";
    .port_info 70 /OUTPUT 2 "AWSELECT_OUT";
    .port_info 71 /OUTPUT 2 "ARSELECT_OUT";
    .port_info 72 /INPUT 2 "AWSELECT_IN";
    .port_info 73 /INPUT 2 "ARSELECT_IN";
P_0x5bc1f06709d0 .param/l "ADDR_BASE" 0 2 1810, C4<00000000000000000000000000000000>;
P_0x5bc1f0670a10 .param/l "ADDR_LENGTH" 0 2 1809, +C4<00000000000000000000000000001100>;
P_0x5bc1f0670a50 .param/l "NUM_AR_WIDTH" 1 2 2072, +C4<0000000000000000000000000000000000110100>;
P_0x5bc1f0670a90 .param/l "NUM_AW_WIDTH" 1 2 2040, +C4<0000000000000000000000000000000000110100>;
P_0x5bc1f0670ad0 .param/l "NUM_MASTER" 0 2 1807, +C4<00000000000000000000000000000010>;
P_0x5bc1f0670b10 .param/l "NUM_W_WIDTH" 1 2 2062, +C4<00000000000000000000000000000000101011>;
P_0x5bc1f0670b50 .param/l "SLAVE_DEFAULT" 0 2 1808, C4<0>;
P_0x5bc1f0670b90 .param/l "SLAVE_EN" 0 2 1791, +C4<00000000000000000000000000000001>;
P_0x5bc1f0670bd0 .param/l "SLAVE_ID" 0 2 1790, +C4<00000000000000000000000000000000>;
P_0x5bc1f0670c10 .param/l "WIDTH_AD" 0 2 1794, +C4<00000000000000000000000000100000>;
P_0x5bc1f0670c50 .param/l "WIDTH_CID" 0 2 1792, +C4<00000000000000000000000000000001>;
P_0x5bc1f0670c90 .param/l "WIDTH_DA" 0 2 1795, +C4<00000000000000000000000000100000>;
P_0x5bc1f0670cd0 .param/l "WIDTH_DS" 0 2 1796, +C4<00000000000000000000000000000100>;
P_0x5bc1f0670d10 .param/l "WIDTH_ID" 0 2 1793, +C4<00000000000000000000000000000100>;
P_0x5bc1f0670d50 .param/l "WIDTH_SID" 0 2 1797, +C4<000000000000000000000000000000101>;
L_0x5bc1f0872750 .functor BUFZ 2, v0x5bc1f0830d20_0, C4<00>, C4<00>, C4<00>;
L_0x5bc1f0872810 .functor BUFZ 2, v0x5bc1f0830780_0, C4<00>, C4<00>, C4<00>;
L_0x5bc1f08871c0 .functor AND 1, L_0x5bc1f0887570, o0x7eb6514c22b8, C4<1>, C4<1>;
L_0x5bc1f08877d0 .functor AND 1, L_0x5bc1f0887730, o0x7eb6514c22b8, C4<1>, C4<1>;
L_0x5bc1f0887aa0 .functor AND 1, L_0x5bc1f08878d0, o0x7eb6514c23d8, C4<1>, C4<1>;
L_0x5bc1f0887bb0 .functor AND 1, L_0x5bc1f0887b10, o0x7eb6514c23d8, C4<1>, C4<1>;
L_0x5bc1f0887e40 .functor AND 1, L_0x5bc1f0887cf0, o0x7eb6514c2138, C4<1>, C4<1>;
L_0x5bc1f0887f90 .functor AND 1, L_0x5bc1f0887a00, o0x7eb6514c2138, C4<1>, C4<1>;
v0x5bc1f0830390_0 .net "ACLK", 0 0, o0x7eb6514bc3d8;  alias, 0 drivers
v0x5bc1f0830450_0 .net "ARESETn", 0 0, o0x7eb6514bc6d8;  alias, 0 drivers
v0x5bc1f0830510_0 .net "ARGRANT", 1 0, L_0x5bc1f0883db0;  1 drivers
v0x5bc1f0830610_0 .net "ARLOCK_ALL", 1 0, L_0x5bc1f0872f20;  1 drivers
v0x5bc1f08306e0_0 .net "ARREADY_ALL", 1 0, L_0x5bc1f0872e80;  1 drivers
v0x5bc1f0830780_0 .var "ARSELECT", 1 0;
v0x5bc1f0830850_0 .net "ARSELECT_IN", 1 0, L_0x5bc1f0872810;  alias, 1 drivers
v0x5bc1f08308f0_0 .net "ARSELECT_OUT", 1 0, L_0x5bc1f0872810;  alias, 1 drivers
v0x5bc1f08309e0_0 .net "ARVALID_ALL", 1 0, L_0x5bc1f0872cc0;  1 drivers
v0x5bc1f0830ab0_0 .net "AWGRANT", 1 0, L_0x5bc1f0884f50;  1 drivers
v0x5bc1f0830b80_0 .net "AWLOCK_ALL", 1 0, L_0x5bc1f0872ab0;  1 drivers
v0x5bc1f0830c50_0 .net "AWREADY_ALL", 1 0, L_0x5bc1f08729c0;  1 drivers
v0x5bc1f0830d20_0 .var "AWSELECT", 1 0;
v0x5bc1f0830df0_0 .net "AWSELECT_IN", 1 0, L_0x5bc1f0872750;  alias, 1 drivers
v0x5bc1f0830eb0_0 .net "AWSELECT_OUT", 1 0, L_0x5bc1f0872750;  alias, 1 drivers
v0x5bc1f0830fa0_0 .net "AWVALID_ALL", 1 0, L_0x5bc1f08728d0;  1 drivers
v0x5bc1f0831070_0 .net "M0_ARADDR", 31 0, o0x7eb6514c1a48;  alias, 0 drivers
v0x5bc1f0831130_0 .net "M0_ARBURST", 1 0, o0x7eb6514c1a78;  alias, 0 drivers
v0x5bc1f0831210_0 .net "M0_ARID", 3 0, o0x7eb6514c1aa8;  alias, 0 drivers
v0x5bc1f08312f0_0 .net "M0_ARLEN", 7 0, o0x7eb6514c1ad8;  alias, 0 drivers
v0x5bc1f08313d0_0 .net "M0_ARLOCK", 0 0, o0x7eb6514c1b08;  alias, 0 drivers
v0x5bc1f0831490_0 .net "M0_ARREADY", 0 0, L_0x5bc1f0887e40;  alias, 1 drivers
v0x5bc1f0831550_0 .net "M0_ARSIZE", 2 0, o0x7eb6514c1b68;  alias, 0 drivers
v0x5bc1f0831630_0 .net "M0_ARVALID", 0 0, o0x7eb6514c1b98;  alias, 0 drivers
v0x5bc1f08316f0_0 .net "M0_AWADDR", 31 0, o0x7eb6514c1bc8;  alias, 0 drivers
v0x5bc1f08317d0_0 .net "M0_AWBURST", 1 0, o0x7eb6514c1bf8;  alias, 0 drivers
v0x5bc1f08318b0_0 .net "M0_AWID", 3 0, o0x7eb6514bca68;  alias, 0 drivers
v0x5bc1f08319a0_0 .net "M0_AWLEN", 7 0, o0x7eb6514bca98;  alias, 0 drivers
v0x5bc1f0831a70_0 .net "M0_AWLOCK", 0 0, o0x7eb6514c1c28;  alias, 0 drivers
v0x5bc1f0831b10_0 .net "M0_AWREADY", 0 0, L_0x5bc1f08871c0;  alias, 1 drivers
v0x5bc1f0831bd0_0 .net "M0_AWSIZE", 2 0, o0x7eb6514c1c88;  alias, 0 drivers
v0x5bc1f0831cb0_0 .net "M0_AWVALID", 0 0, o0x7eb6514bcaf8;  alias, 0 drivers
v0x5bc1f0831d80_0 .net "M0_MID", 0 0, L_0x7eb6511b7018;  alias, 1 drivers
v0x5bc1f0831e50_0 .net "M0_WDATA", 31 0, o0x7eb6514c1cb8;  alias, 0 drivers
v0x5bc1f0831f10_0 .net "M0_WID", 3 0, L_0x5bc1f089ea10;  alias, 1 drivers
v0x5bc1f0832000_0 .net "M0_WLAST", 0 0, o0x7eb6514bcb58;  alias, 0 drivers
v0x5bc1f08320d0_0 .net "M0_WREADY", 0 0, L_0x5bc1f0887aa0;  alias, 1 drivers
v0x5bc1f0832170_0 .net "M0_WSTRB", 3 0, o0x7eb6514c1d18;  alias, 0 drivers
v0x5bc1f0832230_0 .net "M0_WVALID", 0 0, o0x7eb6514bcbb8;  alias, 0 drivers
v0x5bc1f0832300_0 .net "M1_ARADDR", 31 0, o0x7eb6514c1d48;  alias, 0 drivers
v0x5bc1f08323c0_0 .net "M1_ARBURST", 1 0, o0x7eb6514c1d78;  alias, 0 drivers
v0x5bc1f08324a0_0 .net "M1_ARID", 3 0, o0x7eb6514c1da8;  alias, 0 drivers
v0x5bc1f0832580_0 .net "M1_ARLEN", 7 0, o0x7eb6514c1dd8;  alias, 0 drivers
v0x5bc1f0832660_0 .net "M1_ARLOCK", 0 0, o0x7eb6514c1e08;  alias, 0 drivers
v0x5bc1f0832720_0 .net "M1_ARREADY", 0 0, L_0x5bc1f0887f90;  alias, 1 drivers
v0x5bc1f08327e0_0 .net "M1_ARSIZE", 2 0, o0x7eb6514c1e68;  alias, 0 drivers
v0x5bc1f08328c0_0 .net "M1_ARVALID", 0 0, o0x7eb6514c1e98;  alias, 0 drivers
v0x5bc1f0832980_0 .net "M1_AWADDR", 31 0, o0x7eb6514c1ec8;  alias, 0 drivers
v0x5bc1f0832a60_0 .net "M1_AWBURST", 1 0, o0x7eb6514c1ef8;  alias, 0 drivers
v0x5bc1f0832b40_0 .net "M1_AWID", 3 0, o0x7eb6514be298;  alias, 0 drivers
v0x5bc1f0832c30_0 .net "M1_AWLEN", 7 0, o0x7eb6514be2c8;  alias, 0 drivers
v0x5bc1f0832d00_0 .net "M1_AWLOCK", 0 0, o0x7eb6514c1f28;  alias, 0 drivers
v0x5bc1f0832da0_0 .net "M1_AWREADY", 0 0, L_0x5bc1f08877d0;  alias, 1 drivers
v0x5bc1f0832e60_0 .net "M1_AWSIZE", 2 0, o0x7eb6514c1f88;  alias, 0 drivers
v0x5bc1f0832f40_0 .net "M1_AWVALID", 0 0, o0x7eb6514be328;  alias, 0 drivers
v0x5bc1f0833010_0 .net "M1_MID", 0 0, L_0x7eb6511b7060;  alias, 1 drivers
v0x5bc1f08330e0_0 .net "M1_WDATA", 31 0, o0x7eb6514c1fb8;  alias, 0 drivers
v0x5bc1f08331a0_0 .net "M1_WID", 3 0, L_0x5bc1f08a2ee0;  alias, 1 drivers
v0x5bc1f0833290_0 .net "M1_WLAST", 0 0, o0x7eb6514be388;  alias, 0 drivers
v0x5bc1f0833360_0 .net "M1_WREADY", 0 0, L_0x5bc1f0887bb0;  alias, 1 drivers
v0x5bc1f0833400_0 .net "M1_WSTRB", 3 0, o0x7eb6514c2018;  alias, 0 drivers
v0x5bc1f08334c0_0 .net "M1_WVALID", 0 0, o0x7eb6514be3e8;  alias, 0 drivers
v0x5bc1f0833590_0 .var "S_ARADDR", 31 0;
v0x5bc1f0833650_0 .var "S_ARBURST", 1 0;
v0x5bc1f0833730_0 .var "S_ARID", 4 0;
v0x5bc1f0833c20_0 .var "S_ARLEN", 7 0;
v0x5bc1f0833d00_0 .var "S_ARLOCK", 0 0;
v0x5bc1f0833dc0_0 .net "S_ARREADY", 0 0, o0x7eb6514c2138;  alias, 0 drivers
v0x5bc1f0833e80_0 .var "S_ARSIZE", 2 0;
v0x5bc1f0833f60_0 .var "S_ARVALID", 0 0;
v0x5bc1f0834020_0 .var "S_AWADDR", 31 0;
v0x5bc1f0834100_0 .var "S_AWBURST", 1 0;
v0x5bc1f08341e0_0 .var "S_AWID", 4 0;
v0x5bc1f08342c0_0 .var "S_AWLEN", 7 0;
v0x5bc1f08343a0_0 .var "S_AWLOCK", 0 0;
v0x5bc1f0834460_0 .net "S_AWREADY", 0 0, o0x7eb6514c22b8;  alias, 0 drivers
v0x5bc1f0834520_0 .var "S_AWSIZE", 2 0;
v0x5bc1f0834600_0 .var "S_AWVALID", 0 0;
v0x5bc1f08346c0_0 .var "S_WDATA", 31 0;
v0x5bc1f08347a0_0 .var "S_WID", 4 0;
v0x5bc1f0834880_0 .var "S_WLAST", 0 0;
v0x5bc1f0834940_0 .net "S_WREADY", 0 0, o0x7eb6514c23d8;  alias, 0 drivers
v0x5bc1f0834a00_0 .var "S_WSTRB", 3 0;
v0x5bc1f0834ae0_0 .var "S_WVALID", 0 0;
v0x5bc1f0834ba0_0 .net "WGRANT", 1 0, v0x5bc1f082cb80_0;  1 drivers
v0x5bc1f0834c90_0 .net "WLAST_ALL", 1 0, L_0x5bc1f08732b0;  1 drivers
v0x5bc1f0834d60_0 .net "WREADY_ALL", 1 0, L_0x5bc1f08731c0;  1 drivers
v0x5bc1f0834e30_0 .net "WVALID_ALL", 1 0, L_0x5bc1f0873120;  1 drivers
v0x5bc1f0834f00_0 .net *"_ivl_35", 0 0, L_0x5bc1f0887570;  1 drivers
v0x5bc1f0834fc0_0 .net *"_ivl_39", 0 0, L_0x5bc1f0887730;  1 drivers
v0x5bc1f08350a0_0 .net *"_ivl_43", 0 0, L_0x5bc1f08878d0;  1 drivers
v0x5bc1f0835180_0 .net *"_ivl_47", 0 0, L_0x5bc1f0887b10;  1 drivers
v0x5bc1f0835260_0 .net *"_ivl_51", 0 0, L_0x5bc1f0887cf0;  1 drivers
v0x5bc1f0835340_0 .net *"_ivl_55", 0 0, L_0x5bc1f0887a00;  1 drivers
v0x5bc1f0835420 .array "bus_ar", 1 0;
v0x5bc1f0835420_0 .net v0x5bc1f0835420 0, 51 0, L_0x5bc1f0888a40; 1 drivers
v0x5bc1f0835420_1 .net v0x5bc1f0835420 1, 51 0, L_0x5bc1f0888e00; 1 drivers
v0x5bc1f0835540 .array "bus_aw", 1 0;
v0x5bc1f0835540_0 .net v0x5bc1f0835540 0, 51 0, L_0x5bc1f08880e0; 1 drivers
v0x5bc1f0835540_1 .net v0x5bc1f0835540 1, 51 0, L_0x5bc1f0888440; 1 drivers
v0x5bc1f0835660 .array "bus_w", 1 0;
v0x5bc1f0835660_0 .net v0x5bc1f0835660 0, 42 0, L_0x5bc1f0888690; 1 drivers
v0x5bc1f0835660_1 .net v0x5bc1f0835660 1, 42 0, L_0x5bc1f0888380; 1 drivers
E_0x5bc1f0827f60 .event anyedge, v0x5bc1f0835420_1, v0x5bc1f0835420_0, v0x5bc1f082bd90_0;
E_0x5bc1f07770f0 .event anyedge, v0x5bc1f0835660_1, v0x5bc1f0835660_0, v0x5bc1f082cb80_0;
E_0x5bc1f0777150 .event anyedge, v0x5bc1f0835540_1, v0x5bc1f0835540_0, v0x5bc1f082c3a0_0;
E_0x5bc1f07771b0 .event anyedge, v0x5bc1f08316f0_0, v0x5bc1f0832980_0, v0x5bc1f0831070_0, v0x5bc1f0832300_0;
L_0x5bc1f08728d0 .concat [ 1 1 0 0], o0x7eb6514bcaf8, o0x7eb6514be328;
L_0x5bc1f08729c0 .concat [ 1 1 0 0], L_0x5bc1f08871c0, L_0x5bc1f08877d0;
L_0x5bc1f0872ab0 .concat [ 1 1 0 0], o0x7eb6514c1c28, o0x7eb6514c1f28;
L_0x5bc1f0872cc0 .concat [ 1 1 0 0], o0x7eb6514c1b98, o0x7eb6514c1e98;
L_0x5bc1f0872e80 .concat [ 1 1 0 0], L_0x5bc1f0887e40, L_0x5bc1f0887f90;
L_0x5bc1f0872f20 .concat [ 1 1 0 0], o0x7eb6514c1b08, o0x7eb6514c1e08;
L_0x5bc1f0873120 .concat [ 1 1 0 0], o0x7eb6514bcbb8, o0x7eb6514be3e8;
L_0x5bc1f08731c0 .concat [ 1 1 0 0], L_0x5bc1f0887aa0, L_0x5bc1f0887bb0;
L_0x5bc1f08732b0 .concat [ 1 1 0 0], o0x7eb6514bcb58, o0x7eb6514be388;
L_0x5bc1f0886970 .concat [ 4 1 0 0], o0x7eb6514bca68, L_0x7eb6511b7018;
L_0x5bc1f0887080 .concat [ 4 1 0 0], o0x7eb6514be298, L_0x7eb6511b7060;
L_0x5bc1f0887120 .concat [ 4 1 0 0], L_0x5bc1f089ea10, L_0x7eb6511b7018;
L_0x5bc1f0887230 .concat [ 4 1 0 0], L_0x5bc1f08a2ee0, L_0x7eb6511b7060;
L_0x5bc1f08872d0 .concat [ 4 1 0 0], o0x7eb6514c1aa8, L_0x7eb6511b7018;
L_0x5bc1f0887440 .concat [ 4 1 0 0], o0x7eb6514c1da8, L_0x7eb6511b7060;
L_0x5bc1f0887570 .part L_0x5bc1f0884f50, 0, 1;
L_0x5bc1f0887730 .part L_0x5bc1f0884f50, 1, 1;
L_0x5bc1f08878d0 .part v0x5bc1f082cb80_0, 0, 1;
L_0x5bc1f0887b10 .part v0x5bc1f082cb80_0, 1, 1;
L_0x5bc1f0887cf0 .part L_0x5bc1f0883db0, 0, 1;
L_0x5bc1f0887a00 .part L_0x5bc1f0883db0, 1, 1;
LS_0x5bc1f08880e0_0_0 .concat [ 1 2 3 1], o0x7eb6514bcaf8, o0x7eb6514c1bf8, o0x7eb6514c1c88, o0x7eb6514c1c28;
LS_0x5bc1f08880e0_0_4 .concat [ 8 32 4 1], o0x7eb6514bca98, o0x7eb6514c1bc8, o0x7eb6514bca68, L_0x7eb6511b7018;
L_0x5bc1f08880e0 .concat [ 7 45 0 0], LS_0x5bc1f08880e0_0_0, LS_0x5bc1f08880e0_0_4;
LS_0x5bc1f0888440_0_0 .concat [ 1 2 3 1], o0x7eb6514be328, o0x7eb6514c1ef8, o0x7eb6514c1f88, o0x7eb6514c1f28;
LS_0x5bc1f0888440_0_4 .concat [ 8 32 4 1], o0x7eb6514be2c8, o0x7eb6514c1ec8, o0x7eb6514be298, L_0x7eb6511b7060;
L_0x5bc1f0888440 .concat [ 7 45 0 0], LS_0x5bc1f0888440_0_0, LS_0x5bc1f0888440_0_4;
LS_0x5bc1f0888690_0_0 .concat [ 1 1 4 32], o0x7eb6514bcbb8, o0x7eb6514bcb58, o0x7eb6514c1d18, o0x7eb6514c1cb8;
LS_0x5bc1f0888690_0_4 .concat [ 4 1 0 0], L_0x5bc1f089ea10, L_0x7eb6511b7018;
L_0x5bc1f0888690 .concat [ 38 5 0 0], LS_0x5bc1f0888690_0_0, LS_0x5bc1f0888690_0_4;
LS_0x5bc1f0888380_0_0 .concat [ 1 1 4 32], o0x7eb6514be3e8, o0x7eb6514be388, o0x7eb6514c2018, o0x7eb6514c1fb8;
LS_0x5bc1f0888380_0_4 .concat [ 4 1 0 0], L_0x5bc1f08a2ee0, L_0x7eb6511b7060;
L_0x5bc1f0888380 .concat [ 38 5 0 0], LS_0x5bc1f0888380_0_0, LS_0x5bc1f0888380_0_4;
LS_0x5bc1f0888a40_0_0 .concat [ 1 2 3 1], o0x7eb6514c1b98, o0x7eb6514c1a78, o0x7eb6514c1b68, o0x7eb6514c1b08;
LS_0x5bc1f0888a40_0_4 .concat [ 8 32 4 1], o0x7eb6514c1ad8, o0x7eb6514c1a48, o0x7eb6514c1aa8, L_0x7eb6511b7018;
L_0x5bc1f0888a40 .concat [ 7 45 0 0], LS_0x5bc1f0888a40_0_0, LS_0x5bc1f0888a40_0_4;
LS_0x5bc1f0888e00_0_0 .concat [ 1 2 3 1], o0x7eb6514c1e98, o0x7eb6514c1d78, o0x7eb6514c1e68, o0x7eb6514c1e08;
LS_0x5bc1f0888e00_0_4 .concat [ 8 32 4 1], o0x7eb6514c1dd8, o0x7eb6514c1d48, o0x7eb6514c1da8, L_0x7eb6511b7060;
L_0x5bc1f0888e00 .concat [ 7 45 0 0], LS_0x5bc1f0888e00_0_0, LS_0x5bc1f0888e00_0_4;
S_0x5bc1f07dde10 .scope module, "u_axi_arbiter_mtos_m2" "axi_arbiter_mtos_m2" 2 2013, 2 1252 0, S_0x5bc1f07de110;
 .timescale 0 0;
    .port_info 0 /INPUT 1 "ARESETn";
    .port_info 1 /INPUT 1 "ACLK";
    .port_info 2 /INPUT 2 "AWSELECT";
    .port_info 3 /INPUT 2 "AWVALID";
    .port_info 4 /INPUT 2 "AWREADY";
    .port_info 5 /INPUT 2 "AWLOCK";
    .port_info 6 /OUTPUT 2 "AWGRANT";
    .port_info 7 /INPUT 5 "AWSID0";
    .port_info 8 /INPUT 5 "AWSID1";
    .port_info 9 /INPUT 2 "WVALID";
    .port_info 10 /INPUT 2 "WLAST";
    .port_info 11 /INPUT 2 "WREADY";
    .port_info 12 /OUTPUT 2 "WGRANT";
    .port_info 13 /INPUT 5 "WSID0";
    .port_info 14 /INPUT 5 "WSID1";
    .port_info 15 /INPUT 2 "ARSELECT";
    .port_info 16 /INPUT 2 "ARVALID";
    .port_info 17 /INPUT 2 "ARLOCK";
    .port_info 18 /INPUT 2 "ARREADY";
    .port_info 19 /OUTPUT 2 "ARGRANT";
    .port_info 20 /INPUT 5 "ARSID0";
    .port_info 21 /INPUT 5 "ARSID1";
    .port_info 22 /INPUT 1 "MID0";
    .port_info 23 /INPUT 1 "MID1";
P_0x5bc1f06a4e20 .param/l "NUM" 0 2 1256, +C4<00000000000000000000000000000010>;
P_0x5bc1f06a4e60 .param/l "STAR_LOCK" 1 2 1304, C4<00000000000000000000000000000010>;
P_0x5bc1f06a4ea0 .param/l "STAR_RUN" 1 2 1302, C4<00000000000000000000000000000000>;
P_0x5bc1f06a4ee0 .param/l "STAR_WAIT" 1 2 1303, C4<00000000000000000000000000000001>;
P_0x5bc1f06a4f20 .param/l "STAW_LOCK" 1 2 1368, C4<00000000000000000000000000000010>;
P_0x5bc1f06a4f60 .param/l "STAW_RUN" 1 2 1366, C4<00000000000000000000000000000000>;
P_0x5bc1f06a4fa0 .param/l "STAW_WAIT" 1 2 1367, C4<00000000000000000000000000000001>;
P_0x5bc1f06a4fe0 .param/l "WIDTH_CID" 0 2 1253, +C4<00000000000000000000000000000001>;
P_0x5bc1f06a5020 .param/l "WIDTH_ID" 0 2 1254, +C4<00000000000000000000000000000100>;
P_0x5bc1f06a5060 .param/l "WIDTH_SID" 0 2 1255, +C4<000000000000000000000000000000101>;
L_0x5bc1f08735c0 .functor AND 5, L_0x5bc1f0873440, L_0x5bc1f08872d0, C4<11111>, C4<11111>;
L_0x5bc1f0873850 .functor AND 5, L_0x5bc1f08736d0, L_0x5bc1f0887440, C4<11111>, C4<11111>;
L_0x5bc1f08738c0 .functor OR 5, L_0x5bc1f08735c0, L_0x5bc1f0873850, C4<00000>, C4<00000>;
L_0x5bc1f0883c50 .functor AND 2, v0x5bc1f0830780_0, L_0x5bc1f0872cc0, C4<11>, C4<11>;
L_0x7eb6511b7138 .functor BUFT 1, C4<1>, C4<0>, C4<0>, C4<0>;
L_0x5bc1f08840c0 .functor XNOR 1, L_0x5bc1f0883f80, L_0x7eb6511b7138, C4<0>, C4<0>;
L_0x7eb6511b7180 .functor BUFT 1, C4<1>, C4<0>, C4<0>, C4<0>;
L_0x5bc1f08842d0 .functor XNOR 1, L_0x5bc1f08841d0, L_0x7eb6511b7180, C4<0>, C4<0>;
L_0x5bc1f0884710 .functor AND 2, L_0x5bc1f0884f50, L_0x5bc1f08729c0, C4<11>, C4<11>;
L_0x5bc1f08845b0 .functor NOT 1, v0x5bc1f082fbe0_0, C4<0>, C4<0>, C4<0>;
L_0x5bc1f0884c40 .functor AND 1, L_0x5bc1f0884b00, L_0x5bc1f08845b0, C4<1>, C4<1>;
L_0x5bc1f0884d50 .functor AND 2, v0x5bc1f0830d20_0, L_0x5bc1f08728d0, C4<11>, C4<11>;
L_0x5bc1f08867c0 .functor AND 2, v0x5bc1f082cb80_0, L_0x5bc1f0873120, C4<11>, C4<11>;
L_0x5bc1f0886ab0 .functor AND 2, v0x5bc1f082cb80_0, L_0x5bc1f08732b0, C4<11>, C4<11>;
L_0x5bc1f0886d30 .functor AND 1, L_0x5bc1f0885600, L_0x5bc1f0886880, C4<1>, C4<1>;
L_0x5bc1f0886da0 .functor AND 1, L_0x5bc1f0886d30, L_0x5bc1f0886a10, C4<1>, C4<1>;
L_0x5bc1f0886b20 .functor AND 1, L_0x5bc1f0886da0, L_0x5bc1f0886b90, C4<1>, C4<1>;
v0x5bc1f082bc10_0 .net "ACLK", 0 0, o0x7eb6514bc3d8;  alias, 0 drivers
v0x5bc1f082bcd0_0 .net "ARESETn", 0 0, o0x7eb6514bc6d8;  alias, 0 drivers
v0x5bc1f082bd90_0 .net "ARGRANT", 1 0, L_0x5bc1f0883db0;  alias, 1 drivers
v0x5bc1f082be60_0 .net "ARLOCK", 1 0, L_0x5bc1f0872f20;  alias, 1 drivers
v0x5bc1f082bf40_0 .net "ARREADY", 1 0, L_0x5bc1f0872e80;  alias, 1 drivers
v0x5bc1f082c020_0 .net "ARSELECT", 1 0, v0x5bc1f0830780_0;  1 drivers
v0x5bc1f082c100_0 .net "ARSID0", 4 0, L_0x5bc1f08872d0;  1 drivers
v0x5bc1f082c1e0_0 .net "ARSID1", 4 0, L_0x5bc1f0887440;  1 drivers
v0x5bc1f082c2c0_0 .net "ARVALID", 1 0, L_0x5bc1f0872cc0;  alias, 1 drivers
v0x5bc1f082c3a0_0 .net "AWGRANT", 1 0, L_0x5bc1f0884f50;  alias, 1 drivers
v0x5bc1f082c480_0 .net "AWLOCK", 1 0, L_0x5bc1f0872ab0;  alias, 1 drivers
v0x5bc1f082c560_0 .net "AWREADY", 1 0, L_0x5bc1f08729c0;  alias, 1 drivers
v0x5bc1f082c640_0 .net "AWSELECT", 1 0, v0x5bc1f0830d20_0;  1 drivers
v0x5bc1f082c720_0 .net "AWSID0", 4 0, L_0x5bc1f0886970;  1 drivers
v0x5bc1f082c800_0 .net "AWSID1", 4 0, L_0x5bc1f0887080;  1 drivers
v0x5bc1f082c8e0_0 .net "AWVALID", 1 0, L_0x5bc1f08728d0;  alias, 1 drivers
v0x5bc1f082c9c0_0 .net "MID0", 0 0, L_0x7eb6511b7018;  alias, 1 drivers
v0x5bc1f082caa0_0 .net "MID1", 0 0, L_0x7eb6511b7060;  alias, 1 drivers
v0x5bc1f082cb80_0 .var "WGRANT", 1 0;
v0x5bc1f082cc60_0 .net "WLAST", 1 0, L_0x5bc1f08732b0;  alias, 1 drivers
v0x5bc1f082cd40_0 .net "WREADY", 1 0, L_0x5bc1f08731c0;  alias, 1 drivers
v0x5bc1f082ce20_0 .net "WSID0", 4 0, L_0x5bc1f0887120;  1 drivers
v0x5bc1f082cf00_0 .net "WSID1", 4 0, L_0x5bc1f0887230;  1 drivers
v0x5bc1f082cfe0_0 .net "WVALID", 1 0, L_0x5bc1f0873120;  alias, 1 drivers
v0x5bc1f082d0c0_0 .net *"_ivl_1", 0 0, L_0x5bc1f0873350;  1 drivers
v0x5bc1f082d1a0_0 .net *"_ivl_10", 4 0, L_0x5bc1f0873850;  1 drivers
v0x5bc1f082d280_0 .net *"_ivl_14", 31 0, L_0x5bc1f08739d0;  1 drivers
L_0x7eb6511b70a8 .functor BUFT 1, C4<000000000000000000000000000000>, C4<0>, C4<0>, C4<0>;
v0x5bc1f082d360_0 .net *"_ivl_17", 29 0, L_0x7eb6511b70a8;  1 drivers
L_0x7eb6511b70f0 .functor BUFT 1, C4<00000000000000000000000000000000>, C4<0>, C4<0>, C4<0>;
v0x5bc1f082d440_0 .net/2u *"_ivl_18", 31 0, L_0x7eb6511b70f0;  1 drivers
v0x5bc1f082d520_0 .net *"_ivl_2", 4 0, L_0x5bc1f0873440;  1 drivers
v0x5bc1f082d600_0 .net *"_ivl_20", 0 0, L_0x5bc1f0883ad0;  1 drivers
v0x5bc1f082d6c0_0 .net *"_ivl_22", 1 0, L_0x5bc1f0883c50;  1 drivers
v0x5bc1f082d7a0_0 .net *"_ivl_25", 1 0, L_0x5bc1f0883cc0;  1 drivers
v0x5bc1f082da90_0 .net *"_ivl_29", 0 0, L_0x5bc1f0883f80;  1 drivers
v0x5bc1f082db70_0 .net/2u *"_ivl_30", 0 0, L_0x7eb6511b7138;  1 drivers
v0x5bc1f082dc50_0 .net *"_ivl_32", 0 0, L_0x5bc1f08840c0;  1 drivers
v0x5bc1f082dd10_0 .net *"_ivl_35", 0 0, L_0x5bc1f08841d0;  1 drivers
v0x5bc1f082ddf0_0 .net/2u *"_ivl_36", 0 0, L_0x7eb6511b7180;  1 drivers
v0x5bc1f082ded0_0 .net *"_ivl_38", 0 0, L_0x5bc1f08842d0;  1 drivers
v0x5bc1f082df90_0 .net *"_ivl_4", 4 0, L_0x5bc1f08735c0;  1 drivers
L_0x7eb6511b71c8 .functor BUFT 1, C4<00000>, C4<0>, C4<0>, C4<0>;
v0x5bc1f082e070_0 .net/2u *"_ivl_40", 4 0, L_0x7eb6511b71c8;  1 drivers
v0x5bc1f082e150_0 .net *"_ivl_42", 4 0, L_0x5bc1f08843d0;  1 drivers
v0x5bc1f082e230_0 .net *"_ivl_46", 1 0, L_0x5bc1f0884710;  1 drivers
v0x5bc1f082e310_0 .net *"_ivl_50", 31 0, L_0x5bc1f0884900;  1 drivers
L_0x7eb6511b7210 .functor BUFT 1, C4<000000000000000000000000000000>, C4<0>, C4<0>, C4<0>;
v0x5bc1f082e3f0_0 .net *"_ivl_53", 29 0, L_0x7eb6511b7210;  1 drivers
L_0x7eb6511b7258 .functor BUFT 1, C4<00000000000000000000000000000000>, C4<0>, C4<0>, C4<0>;
v0x5bc1f082e4d0_0 .net/2u *"_ivl_54", 31 0, L_0x7eb6511b7258;  1 drivers
v0x5bc1f082e5b0_0 .net *"_ivl_56", 0 0, L_0x5bc1f0884b00;  1 drivers
v0x5bc1f082e670_0 .net *"_ivl_58", 0 0, L_0x5bc1f08845b0;  1 drivers
v0x5bc1f082e750_0 .net *"_ivl_60", 0 0, L_0x5bc1f0884c40;  1 drivers
v0x5bc1f082e830_0 .net *"_ivl_62", 1 0, L_0x5bc1f0884d50;  1 drivers
v0x5bc1f082e910_0 .net *"_ivl_65", 1 0, L_0x5bc1f0884e20;  1 drivers
v0x5bc1f082e9f0_0 .net *"_ivl_7", 0 0, L_0x5bc1f0873630;  1 drivers
v0x5bc1f082ead0_0 .net *"_ivl_70", 1 0, L_0x5bc1f08867c0;  1 drivers
v0x5bc1f082ebb0_0 .net *"_ivl_76", 1 0, L_0x5bc1f0886ab0;  1 drivers
v0x5bc1f082ec90_0 .net *"_ivl_8", 4 0, L_0x5bc1f08736d0;  1 drivers
v0x5bc1f082ed70_0 .net *"_ivl_80", 0 0, L_0x5bc1f0886d30;  1 drivers
v0x5bc1f082ee50_0 .net *"_ivl_82", 0 0, L_0x5bc1f0886da0;  1 drivers
v0x5bc1f082ef30_0 .net "active_wlast", 0 0, L_0x5bc1f0886b90;  1 drivers
v0x5bc1f082eff0_0 .net "active_wready", 0 0, L_0x5bc1f0886a10;  1 drivers
v0x5bc1f082f0b0_0 .net "active_wvalid", 0 0, L_0x5bc1f0886880;  1 drivers
v0x5bc1f082f170_0 .var "argrant_reg", 1 0;
v0x5bc1f082f250_0 .var "awgrant_reg", 1 0;
v0x5bc1f082f330_0 .net "fifo_pop_dout", 4 0, L_0x5bc1f0886080;  1 drivers
v0x5bc1f082f3f0_0 .net "fifo_pop_ready", 0 0, L_0x5bc1f0886b20;  1 drivers
v0x5bc1f082f4c0_0 .net "fifo_pop_valid", 0 0, L_0x5bc1f0885600;  1 drivers
v0x5bc1f082f9a0_0 .net "fifo_push_din", 4 0, L_0x5bc1f0884510;  1 drivers
v0x5bc1f082fa70_0 .net "fifo_push_valid", 0 0, L_0x5bc1f0884810;  1 drivers
v0x5bc1f082fb40_0 .net "granted_arsid", 4 0, L_0x5bc1f08738c0;  1 drivers
v0x5bc1f082fbe0_0 .var "locked", 0 0;
v0x5bc1f082fc80_0 .var "locksid", 4 0;
v0x5bc1f082fd40_0 .var "stateAR", 1 0;
v0x5bc1f082fe20_0 .var "stateAW", 1 0;
v0x5bc1f082ff00_0 .var "unlock", 0 0;
E_0x5bc1f05846e0 .event anyedge, v0x5bc1f082b4b0_0, v0x5bc1f082b100_0, v0x5bc1f082c9c0_0, v0x5bc1f082caa0_0;
L_0x5bc1f0873350 .part L_0x5bc1f0883db0, 0, 1;
LS_0x5bc1f0873440_0_0 .concat [ 1 1 1 1], L_0x5bc1f0873350, L_0x5bc1f0873350, L_0x5bc1f0873350, L_0x5bc1f0873350;
LS_0x5bc1f0873440_0_4 .concat [ 1 0 0 0], L_0x5bc1f0873350;
L_0x5bc1f0873440 .concat [ 4 1 0 0], LS_0x5bc1f0873440_0_0, LS_0x5bc1f0873440_0_4;
L_0x5bc1f0873630 .part L_0x5bc1f0883db0, 1, 1;
LS_0x5bc1f08736d0_0_0 .concat [ 1 1 1 1], L_0x5bc1f0873630, L_0x5bc1f0873630, L_0x5bc1f0873630, L_0x5bc1f0873630;
LS_0x5bc1f08736d0_0_4 .concat [ 1 0 0 0], L_0x5bc1f0873630;
L_0x5bc1f08736d0 .concat [ 4 1 0 0], LS_0x5bc1f08736d0_0_0, LS_0x5bc1f08736d0_0_4;
L_0x5bc1f08739d0 .concat [ 2 30 0 0], v0x5bc1f082fd40_0, L_0x7eb6511b70a8;
L_0x5bc1f0883ad0 .cmp/eq 32, L_0x5bc1f08739d0, L_0x7eb6511b70f0;
L_0x5bc1f0883cc0 .ufunc/vec4 TD_amba_axi_m2s2.u_axi_mtos_s0.u_axi_arbiter_mtos_m2.priority_sel, 2, L_0x5bc1f0883c50 (v0x5bc1f07379d0_0) S_0x5bc1f0584750;
L_0x5bc1f0883db0 .functor MUXZ 2, v0x5bc1f082f170_0, L_0x5bc1f0883cc0, L_0x5bc1f0883ad0, C4<>;
L_0x5bc1f0883f80 .part L_0x5bc1f0884f50, 0, 1;
L_0x5bc1f08841d0 .part L_0x5bc1f0884f50, 1, 1;
L_0x5bc1f08843d0 .functor MUXZ 5, L_0x7eb6511b71c8, L_0x5bc1f0887080, L_0x5bc1f08842d0, C4<>;
L_0x5bc1f0884510 .functor MUXZ 5, L_0x5bc1f08843d0, L_0x5bc1f0886970, L_0x5bc1f08840c0, C4<>;
L_0x5bc1f0884810 .reduce/or L_0x5bc1f0884710;
L_0x5bc1f0884900 .concat [ 2 30 0 0], v0x5bc1f082fe20_0, L_0x7eb6511b7210;
L_0x5bc1f0884b00 .cmp/eq 32, L_0x5bc1f0884900, L_0x7eb6511b7258;
L_0x5bc1f0884e20 .ufunc/vec4 TD_amba_axi_m2s2.u_axi_mtos_s0.u_axi_arbiter_mtos_m2.priority_sel, 2, L_0x5bc1f0884d50 (v0x5bc1f07379d0_0) S_0x5bc1f0584750;
L_0x5bc1f0884f50 .functor MUXZ 2, v0x5bc1f082f250_0, L_0x5bc1f0884e20, L_0x5bc1f0884c40, C4<>;
L_0x5bc1f0886880 .reduce/or L_0x5bc1f08867c0;
L_0x5bc1f0886a10 .reduce/or L_0x5bc1f08731c0;
L_0x5bc1f0886b90 .reduce/or L_0x5bc1f0886ab0;
S_0x5bc1f0584750 .scope function.vec4.s2, "priority_sel" "priority_sel" 2 1506, 2 1506 0, S_0x5bc1f07dde10;
 .timescale 0 0;
; Variable priority_sel is vec4 return value of scope S_0x5bc1f0584750
v0x5bc1f07379d0_0 .var "request", 1 0;
TD_amba_axi_m2s2.u_axi_mtos_s0.u_axi_arbiter_mtos_m2.priority_sel ;
    %load/vec4 v0x5bc1f07379d0_0;
    %dup/vec4;
    %pushi/vec4 3, 2, 2;
    %cmp/x;
    %jmp/1 T_0.0, 4;
    %dup/vec4;
    %pushi/vec4 2, 0, 2;
    %cmp/x;
    %jmp/1 T_0.1, 4;
    %pushi/vec4 0, 0, 2;
    %ret/vec4 0, 0, 2;  Assign to priority_sel (store_vec4_to_lval)
    %jmp T_0.3;
T_0.0 ;
    %pushi/vec4 1, 0, 2;
    %ret/vec4 0, 0, 2;  Assign to priority_sel (store_vec4_to_lval)
    %jmp T_0.3;
T_0.1 ;
    %pushi/vec4 2, 0, 2;
    %ret/vec4 0, 0, 2;  Assign to priority_sel (store_vec4_to_lval)
    %jmp T_0.3;
T_0.3 ;
    %pop/vec4 1;
    %end;
S_0x5bc1f08216e0 .scope module, "u_axi_fifo_sync" "axi_fifo_sync" 2 1457, 2 1561 0, S_0x5bc1f07dde10;
 .timescale 0 0;
    .port_info 0 /INPUT 1 "rstn";
    .port_info 1 /INPUT 1 "clr";
    .port_info 2 /INPUT 1 "clk";
    .port_info 3 /OUTPUT 1 "wr_rdy";
    .port_info 4 /INPUT 1 "wr_vld";
    .port_info 5 /INPUT 5 "wr_din";
    .port_info 6 /INPUT 1 "rd_rdy";
    .port_info 7 /OUTPUT 1 "rd_vld";
    .port_info 8 /OUTPUT 5 "rd_dout";
    .port_info 9 /OUTPUT 1 "full";
    .port_info 10 /OUTPUT 1 "empty";
    .port_info 11 /OUTPUT 1 "fullN";
    .port_info 12 /OUTPUT 1 "emptyN";
    .port_info 13 /OUTPUT 5 "item_cnt";
    .port_info 14 /OUTPUT 5 "room_cnt";
P_0x5bc1f076e610 .param/l "FAW" 0 2 1563, +C4<00000000000000000000000000000100>;
P_0x5bc1f076e650 .param/l "FDT" 1 2 1583, +C4<000000000000000000000000000000010000>;
P_0x5bc1f076e690 .param/l "FDW" 0 2 1562, +C4<000000000000000000000000000000101>;
P_0x5bc1f076e6d0 .param/l "FULN" 0 2 1564, +C4<00000000000000000000000000000100>;
L_0x5bc1f0885090 .functor AND 1, L_0x5bc1f0885600, L_0x5bc1f0886b20, C4<1>, C4<1>;
L_0x5bc1f0885600 .functor NOT 1, L_0x5bc1f08858b0, C4<0>, C4<0>, C4<0>;
L_0x5bc1f0885840 .functor NOT 1, L_0x5bc1f0885b80, C4<0>, C4<0>, C4<0>;
L_0x5bc1f0886080 .functor BUFZ 5, L_0x5bc1f0886340, C4<00000>, C4<00000>, C4<00000>;
v0x5bc1f0807e20 .array "Mem", 15 0, 4 0;
v0x5bc1f07c6f40_0 .net *"_ivl_0", 0 0, L_0x5bc1f0885090;  1 drivers
v0x5bc1f07c7020_0 .net *"_ivl_10", 35 0, L_0x5bc1f0885470;  1 drivers
L_0x7eb6511b72e8 .functor BUFT 1, C4<0000000000000000000000000000000>, C4<0>, C4<0>, C4<0>;
v0x5bc1f08283b0_0 .net *"_ivl_13", 30 0, L_0x7eb6511b72e8;  1 drivers
v0x5bc1f0828470_0 .net *"_ivl_14", 35 0, L_0x5bc1f0885560;  1 drivers
v0x5bc1f072d270_0 .net *"_ivl_24", 35 0, L_0x5bc1f08859f0;  1 drivers
L_0x7eb6511b7330 .functor BUFT 1, C4<0000000000000000000000000000000>, C4<0>, C4<0>, C4<0>;
v0x5bc1f072d350_0 .net *"_ivl_27", 30 0, L_0x7eb6511b7330;  1 drivers
L_0x7eb6511b7378 .functor BUFT 1, C4<000000000000000000000000000000010000>, C4<0>, C4<0>, C4<0>;
v0x5bc1f072bce0_0 .net/2u *"_ivl_28", 35 0, L_0x7eb6511b7378;  1 drivers
v0x5bc1f072bdc0_0 .net *"_ivl_3", 3 0, L_0x5bc1f08851a0;  1 drivers
v0x5bc1f079caf0_0 .net *"_ivl_32", 35 0, L_0x5bc1f0885d10;  1 drivers
L_0x7eb6511b73c0 .functor BUFT 1, C4<0000000000000000000000000000000>, C4<0>, C4<0>, C4<0>;
v0x5bc1f079cbd0_0 .net *"_ivl_35", 30 0, L_0x7eb6511b73c0;  1 drivers
L_0x7eb6511b7408 .functor BUFT 1, C4<000000000000000000000000000000001100>, C4<0>, C4<0>, C4<0>;
v0x5bc1f076cbc0_0 .net/2u *"_ivl_36", 35 0, L_0x7eb6511b7408;  1 drivers
v0x5bc1f076cca0_0 .net *"_ivl_40", 31 0, L_0x5bc1f0885f50;  1 drivers
L_0x7eb6511b7450 .functor BUFT 1, C4<000000000000000000000000000>, C4<0>, C4<0>, C4<0>;
v0x5bc1f073c670_0 .net *"_ivl_43", 26 0, L_0x7eb6511b7450;  1 drivers
L_0x7eb6511b7498 .functor BUFT 1, C4<00000000000000000000000000000100>, C4<0>, C4<0>, C4<0>;
v0x5bc1f073c750_0 .net/2u *"_ivl_44", 31 0, L_0x7eb6511b7498;  1 drivers
v0x5bc1f080f8b0_0 .net *"_ivl_48", 4 0, L_0x5bc1f0886340;  1 drivers
v0x5bc1f080f990_0 .net *"_ivl_5", 3 0, L_0x5bc1f0885240;  1 drivers
v0x5bc1f082a5e0_0 .net *"_ivl_51", 3 0, L_0x5bc1f0886460;  1 drivers
v0x5bc1f082a680_0 .net *"_ivl_52", 5 0, L_0x5bc1f0886500;  1 drivers
L_0x7eb6511b74e0 .functor BUFT 1, C4<00>, C4<0>, C4<0>, C4<0>;
v0x5bc1f082a720_0 .net *"_ivl_55", 1 0, L_0x7eb6511b74e0;  1 drivers
L_0x7eb6511b72a0 .functor BUFT 1, C4<000000000000000000000000000000010000>, C4<0>, C4<0>, C4<0>;
v0x5bc1f082a7c0_0 .net/2u *"_ivl_8", 35 0, L_0x7eb6511b72a0;  1 drivers
v0x5bc1f082a860_0 .net "clk", 0 0, o0x7eb6514bc3d8;  alias, 0 drivers
L_0x7eb6511b7528 .functor BUFT 1, C4<0>, C4<0>, C4<0>, C4<0>;
v0x5bc1f082a900_0 .net "clr", 0 0, L_0x7eb6511b7528;  1 drivers
v0x5bc1f082a9a0_0 .net "empty", 0 0, L_0x5bc1f08858b0;  1 drivers
v0x5bc1f082aa60_0 .net "emptyN", 0 0, L_0x5bc1f0886200;  1 drivers
v0x5bc1f082ab20_0 .var "fifo_head", 4 0;
v0x5bc1f082ac00_0 .var "fifo_tail", 4 0;
v0x5bc1f082ace0_0 .net "full", 0 0, L_0x5bc1f0885b80;  1 drivers
v0x5bc1f082ada0_0 .net "fullN", 0 0, L_0x5bc1f0885e10;  1 drivers
v0x5bc1f082ae60_0 .var "item_cnt", 4 0;
v0x5bc1f082af40_0 .var "next_head", 4 0;
v0x5bc1f082b020_0 .var "next_tail", 4 0;
v0x5bc1f082b100_0 .net "rd_dout", 4 0, L_0x5bc1f0886080;  alias, 1 drivers
v0x5bc1f082b3f0_0 .net "rd_rdy", 0 0, L_0x5bc1f0886b20;  alias, 1 drivers
v0x5bc1f082b4b0_0 .net "rd_vld", 0 0, L_0x5bc1f0885600;  alias, 1 drivers
v0x5bc1f082b570_0 .net "read_addr", 3 0, L_0x5bc1f08852e0;  1 drivers
v0x5bc1f082b650_0 .net "room_cnt", 4 0, L_0x5bc1f0885710;  1 drivers
v0x5bc1f082b730_0 .net "rstn", 0 0, o0x7eb6514bc6d8;  alias, 0 drivers
v0x5bc1f082b7d0_0 .net "wr_din", 4 0, L_0x5bc1f0884510;  alias, 1 drivers
v0x5bc1f082b8b0_0 .net "wr_rdy", 0 0, L_0x5bc1f0885840;  1 drivers
v0x5bc1f082b970_0 .net "wr_vld", 0 0, L_0x5bc1f0884810;  alias, 1 drivers
L_0x5bc1f08851a0 .part v0x5bc1f082af40_0, 0, 4;
L_0x5bc1f0885240 .part v0x5bc1f082ab20_0, 0, 4;
L_0x5bc1f08852e0 .functor MUXZ 4, L_0x5bc1f0885240, L_0x5bc1f08851a0, L_0x5bc1f0885090, C4<>;
L_0x5bc1f0885470 .concat [ 5 31 0 0], v0x5bc1f082ae60_0, L_0x7eb6511b72e8;
L_0x5bc1f0885560 .arith/sub 36, L_0x7eb6511b72a0, L_0x5bc1f0885470;
L_0x5bc1f0885710 .part L_0x5bc1f0885560, 0, 5;
L_0x5bc1f08858b0 .cmp/eq 5, v0x5bc1f082ab20_0, v0x5bc1f082ac00_0;
L_0x5bc1f08859f0 .concat [ 5 31 0 0], v0x5bc1f082ae60_0, L_0x7eb6511b7330;
L_0x5bc1f0885b80 .cmp/ge 36, L_0x5bc1f08859f0, L_0x7eb6511b7378;
L_0x5bc1f0885d10 .concat [ 5 31 0 0], v0x5bc1f082ae60_0, L_0x7eb6511b73c0;
L_0x5bc1f0885e10 .cmp/ge 36, L_0x5bc1f0885d10, L_0x7eb6511b7408;
L_0x5bc1f0885f50 .concat [ 5 27 0 0], v0x5bc1f082ae60_0, L_0x7eb6511b7450;
L_0x5bc1f0886200 .cmp/ge 32, L_0x7eb6511b7498, L_0x5bc1f0885f50;
L_0x5bc1f0886340 .array/port v0x5bc1f0807e20, L_0x5bc1f0886500;
L_0x5bc1f0886460 .part v0x5bc1f082ab20_0, 0, 4;
L_0x5bc1f0886500 .concat [ 4 2 0 0], L_0x5bc1f0886460, L_0x7eb6511b74e0;
S_0x5bc1f08360c0 .scope module, "u_axi_mtos_s1" "axi_mtos_m2" 2 616, 2 1789 0, S_0x5bc1f07dfa60;
 .timescale 0 0;
    .port_info 0 /INPUT 1 "ARESETn";
    .port_info 1 /INPUT 1 "ACLK";
    .port_info 2 /INPUT 1 "M0_MID";
    .port_info 3 /INPUT 4 "M0_AWID";
    .port_info 4 /INPUT 32 "M0_AWADDR";
    .port_info 5 /INPUT 8 "M0_AWLEN";
    .port_info 6 /INPUT 1 "M0_AWLOCK";
    .port_info 7 /INPUT 3 "M0_AWSIZE";
    .port_info 8 /INPUT 2 "M0_AWBURST";
    .port_info 9 /INPUT 1 "M0_AWVALID";
    .port_info 10 /OUTPUT 1 "M0_AWREADY";
    .port_info 11 /INPUT 4 "M0_WID";
    .port_info 12 /INPUT 32 "M0_WDATA";
    .port_info 13 /INPUT 4 "M0_WSTRB";
    .port_info 14 /INPUT 1 "M0_WLAST";
    .port_info 15 /INPUT 1 "M0_WVALID";
    .port_info 16 /OUTPUT 1 "M0_WREADY";
    .port_info 17 /INPUT 4 "M0_ARID";
    .port_info 18 /INPUT 32 "M0_ARADDR";
    .port_info 19 /INPUT 8 "M0_ARLEN";
    .port_info 20 /INPUT 1 "M0_ARLOCK";
    .port_info 21 /INPUT 3 "M0_ARSIZE";
    .port_info 22 /INPUT 2 "M0_ARBURST";
    .port_info 23 /INPUT 1 "M0_ARVALID";
    .port_info 24 /OUTPUT 1 "M0_ARREADY";
    .port_info 25 /INPUT 1 "M1_MID";
    .port_info 26 /INPUT 4 "M1_AWID";
    .port_info 27 /INPUT 32 "M1_AWADDR";
    .port_info 28 /INPUT 8 "M1_AWLEN";
    .port_info 29 /INPUT 1 "M1_AWLOCK";
    .port_info 30 /INPUT 3 "M1_AWSIZE";
    .port_info 31 /INPUT 2 "M1_AWBURST";
    .port_info 32 /INPUT 1 "M1_AWVALID";
    .port_info 33 /OUTPUT 1 "M1_AWREADY";
    .port_info 34 /INPUT 4 "M1_WID";
    .port_info 35 /INPUT 32 "M1_WDATA";
    .port_info 36 /INPUT 4 "M1_WSTRB";
    .port_info 37 /INPUT 1 "M1_WLAST";
    .port_info 38 /INPUT 1 "M1_WVALID";
    .port_info 39 /OUTPUT 1 "M1_WREADY";
    .port_info 40 /INPUT 4 "M1_ARID";
    .port_info 41 /INPUT 32 "M1_ARADDR";
    .port_info 42 /INPUT 8 "M1_ARLEN";
    .port_info 43 /INPUT 1 "M1_ARLOCK";
    .port_info 44 /INPUT 3 "M1_ARSIZE";
    .port_info 45 /INPUT 2 "M1_ARBURST";
    .port_info 46 /INPUT 1 "M1_ARVALID";
    .port_info 47 /OUTPUT 1 "M1_ARREADY";
    .port_info 48 /OUTPUT 5 "S_AWID";
    .port_info 49 /OUTPUT 32 "S_AWADDR";
    .port_info 50 /OUTPUT 8 "S_AWLEN";
    .port_info 51 /OUTPUT 1 "S_AWLOCK";
    .port_info 52 /OUTPUT 3 "S_AWSIZE";
    .port_info 53 /OUTPUT 2 "S_AWBURST";
    .port_info 54 /OUTPUT 1 "S_AWVALID";
    .port_info 55 /INPUT 1 "S_AWREADY";
    .port_info 56 /OUTPUT 5 "S_WID";
    .port_info 57 /OUTPUT 32 "S_WDATA";
    .port_info 58 /OUTPUT 4 "S_WSTRB";
    .port_info 59 /OUTPUT 1 "S_WLAST";
    .port_info 60 /OUTPUT 1 "S_WVALID";
    .port_info 61 /INPUT 1 "S_WREADY";
    .port_info 62 /OUTPUT 5 "S_ARID";
    .port_info 63 /OUTPUT 32 "S_ARADDR";
    .port_info 64 /OUTPUT 8 "S_ARLEN";
    .port_info 65 /OUTPUT 1 "S_ARLOCK";
    .port_info 66 /OUTPUT 3 "S_ARSIZE";
    .port_info 67 /OUTPUT 2 "S_ARBURST";
    .port_info 68 /OUTPUT 1 "S_ARVALID";
    .port_info 69 /INPUT 1 "S_ARREADY";
    .port_info 70 /OUTPUT 2 "AWSELECT_OUT";
    .port_info 71 /OUTPUT 2 "ARSELECT_OUT";
    .port_info 72 /INPUT 2 "AWSELECT_IN";
    .port_info 73 /INPUT 2 "ARSELECT_IN";
P_0x5bc1f08362a0 .param/l "ADDR_BASE" 0 2 1810, C4<00000000000000000010000000000000>;
P_0x5bc1f08362e0 .param/l "ADDR_LENGTH" 0 2 1809, +C4<00000000000000000000000000001100>;
P_0x5bc1f0836320 .param/l "NUM_AR_WIDTH" 1 2 2072, +C4<0000000000000000000000000000000000110100>;
P_0x5bc1f0836360 .param/l "NUM_AW_WIDTH" 1 2 2040, +C4<0000000000000000000000000000000000110100>;
P_0x5bc1f08363a0 .param/l "NUM_MASTER" 0 2 1807, +C4<00000000000000000000000000000010>;
P_0x5bc1f08363e0 .param/l "NUM_W_WIDTH" 1 2 2062, +C4<00000000000000000000000000000000101011>;
P_0x5bc1f0836420 .param/l "SLAVE_DEFAULT" 0 2 1808, C4<0>;
P_0x5bc1f0836460 .param/l "SLAVE_EN" 0 2 1791, +C4<00000000000000000000000000000001>;
P_0x5bc1f08364a0 .param/l "SLAVE_ID" 0 2 1790, +C4<00000000000000000000000000000001>;
P_0x5bc1f08364e0 .param/l "WIDTH_AD" 0 2 1794, +C4<00000000000000000000000000100000>;
P_0x5bc1f0836520 .param/l "WIDTH_CID" 0 2 1792, +C4<00000000000000000000000000000001>;
P_0x5bc1f0836560 .param/l "WIDTH_DA" 0 2 1795, +C4<00000000000000000000000000100000>;
P_0x5bc1f08365a0 .param/l "WIDTH_DS" 0 2 1796, +C4<00000000000000000000000000000100>;
P_0x5bc1f08365e0 .param/l "WIDTH_ID" 0 2 1793, +C4<00000000000000000000000000000100>;
P_0x5bc1f0836620 .param/l "WIDTH_SID" 0 2 1797, +C4<000000000000000000000000000000101>;
L_0x5bc1f08890e0 .functor BUFZ 2, v0x5bc1f0840270_0, C4<00>, C4<00>, C4<00>;
L_0x5bc1f0889150 .functor BUFZ 2, v0x5bc1f083fcd0_0, C4<00>, C4<00>, C4<00>;
L_0x5bc1f088d3e0 .functor AND 1, L_0x5bc1f088d960, o0x7eb6514c5348, C4<1>, C4<1>;
L_0x5bc1f088dc10 .functor AND 1, L_0x5bc1f088db70, o0x7eb6514c5348, C4<1>, C4<1>;
L_0x5bc1f088dee0 .functor AND 1, L_0x5bc1f088dd10, o0x7eb6514c5468, C4<1>, C4<1>;
L_0x5bc1f088dff0 .functor AND 1, L_0x5bc1f088df50, o0x7eb6514c5468, C4<1>, C4<1>;
L_0x5bc1f088e280 .functor AND 1, L_0x5bc1f088e130, o0x7eb6514c51c8, C4<1>, C4<1>;
L_0x5bc1f088e3d0 .functor AND 1, L_0x5bc1f088de40, o0x7eb6514c51c8, C4<1>, C4<1>;
v0x5bc1f083f890_0 .net "ACLK", 0 0, o0x7eb6514bc3d8;  alias, 0 drivers
v0x5bc1f083f950_0 .net "ARESETn", 0 0, o0x7eb6514bc6d8;  alias, 0 drivers
v0x5bc1f083fa10_0 .net "ARGRANT", 1 0, L_0x5bc1f088a100;  1 drivers
v0x5bc1f083fb10_0 .net "ARLOCK_ALL", 1 0, L_0x5bc1f08894e0;  1 drivers
v0x5bc1f083fbe0_0 .net "ARREADY_ALL", 1 0, L_0x5bc1f0889440;  1 drivers
v0x5bc1f083fcd0_0 .var "ARSELECT", 1 0;
v0x5bc1f083fda0_0 .net "ARSELECT_IN", 1 0, L_0x5bc1f0889150;  alias, 1 drivers
v0x5bc1f083fe40_0 .net "ARSELECT_OUT", 1 0, L_0x5bc1f0889150;  alias, 1 drivers
v0x5bc1f083ff30_0 .net "ARVALID_ALL", 1 0, L_0x5bc1f08893a0;  1 drivers
v0x5bc1f0840000_0 .net "AWGRANT", 1 0, L_0x5bc1f088b150;  1 drivers
v0x5bc1f08400d0_0 .net "AWLOCK_ALL", 1 0, L_0x5bc1f0889300;  1 drivers
v0x5bc1f08401a0_0 .net "AWREADY_ALL", 1 0, L_0x5bc1f0889260;  1 drivers
v0x5bc1f0840270_0 .var "AWSELECT", 1 0;
v0x5bc1f0840340_0 .net "AWSELECT_IN", 1 0, L_0x5bc1f08890e0;  alias, 1 drivers
v0x5bc1f0840400_0 .net "AWSELECT_OUT", 1 0, L_0x5bc1f08890e0;  alias, 1 drivers
v0x5bc1f08404f0_0 .net "AWVALID_ALL", 1 0, L_0x5bc1f08891c0;  1 drivers
v0x5bc1f08405c0_0 .net "M0_ARADDR", 31 0, o0x7eb6514c1a48;  alias, 0 drivers
v0x5bc1f0840690_0 .net "M0_ARBURST", 1 0, o0x7eb6514c1a78;  alias, 0 drivers
v0x5bc1f0840760_0 .net "M0_ARID", 3 0, o0x7eb6514c1aa8;  alias, 0 drivers
v0x5bc1f0840830_0 .net "M0_ARLEN", 7 0, o0x7eb6514c1ad8;  alias, 0 drivers
v0x5bc1f0840900_0 .net "M0_ARLOCK", 0 0, o0x7eb6514c1b08;  alias, 0 drivers
v0x5bc1f08409d0_0 .net "M0_ARREADY", 0 0, L_0x5bc1f088e280;  alias, 1 drivers
v0x5bc1f0840a70_0 .net "M0_ARSIZE", 2 0, o0x7eb6514c1b68;  alias, 0 drivers
v0x5bc1f0840b40_0 .net "M0_ARVALID", 0 0, o0x7eb6514c1b98;  alias, 0 drivers
v0x5bc1f0840c10_0 .net "M0_AWADDR", 31 0, o0x7eb6514c1bc8;  alias, 0 drivers
v0x5bc1f0840ce0_0 .net "M0_AWBURST", 1 0, o0x7eb6514c1bf8;  alias, 0 drivers
v0x5bc1f0840db0_0 .net "M0_AWID", 3 0, o0x7eb6514bca68;  alias, 0 drivers
v0x5bc1f0840e50_0 .net "M0_AWLEN", 7 0, o0x7eb6514bca98;  alias, 0 drivers
v0x5bc1f0840f40_0 .net "M0_AWLOCK", 0 0, o0x7eb6514c1c28;  alias, 0 drivers
v0x5bc1f0840fe0_0 .net "M0_AWREADY", 0 0, L_0x5bc1f088d3e0;  alias, 1 drivers
v0x5bc1f0841080_0 .net "M0_AWSIZE", 2 0, o0x7eb6514c1c88;  alias, 0 drivers
v0x5bc1f0841140_0 .net "M0_AWVALID", 0 0, o0x7eb6514bcaf8;  alias, 0 drivers
v0x5bc1f0841230_0 .net "M0_MID", 0 0, L_0x7eb6511b7018;  alias, 1 drivers
v0x5bc1f08412d0_0 .net "M0_WDATA", 31 0, o0x7eb6514c1cb8;  alias, 0 drivers
v0x5bc1f0841390_0 .net "M0_WID", 3 0, L_0x5bc1f089ea10;  alias, 1 drivers
v0x5bc1f0841480_0 .net "M0_WLAST", 0 0, o0x7eb6514bcb58;  alias, 0 drivers
v0x5bc1f0841570_0 .net "M0_WREADY", 0 0, L_0x5bc1f088dee0;  alias, 1 drivers
v0x5bc1f0841630_0 .net "M0_WSTRB", 3 0, o0x7eb6514c1d18;  alias, 0 drivers
v0x5bc1f08416f0_0 .net "M0_WVALID", 0 0, o0x7eb6514bcbb8;  alias, 0 drivers
v0x5bc1f08417e0_0 .net "M1_ARADDR", 31 0, o0x7eb6514c1d48;  alias, 0 drivers
v0x5bc1f0841880_0 .net "M1_ARBURST", 1 0, o0x7eb6514c1d78;  alias, 0 drivers
v0x5bc1f0841920_0 .net "M1_ARID", 3 0, o0x7eb6514c1da8;  alias, 0 drivers
v0x5bc1f08419f0_0 .net "M1_ARLEN", 7 0, o0x7eb6514c1dd8;  alias, 0 drivers
v0x5bc1f0841ac0_0 .net "M1_ARLOCK", 0 0, o0x7eb6514c1e08;  alias, 0 drivers
v0x5bc1f0841b90_0 .net "M1_ARREADY", 0 0, L_0x5bc1f088e3d0;  alias, 1 drivers
v0x5bc1f0841c30_0 .net "M1_ARSIZE", 2 0, o0x7eb6514c1e68;  alias, 0 drivers
v0x5bc1f0841d00_0 .net "M1_ARVALID", 0 0, o0x7eb6514c1e98;  alias, 0 drivers
v0x5bc1f0841dd0_0 .net "M1_AWADDR", 31 0, o0x7eb6514c1ec8;  alias, 0 drivers
v0x5bc1f0841ea0_0 .net "M1_AWBURST", 1 0, o0x7eb6514c1ef8;  alias, 0 drivers
v0x5bc1f0841f70_0 .net "M1_AWID", 3 0, o0x7eb6514be298;  alias, 0 drivers
v0x5bc1f0842060_0 .net "M1_AWLEN", 7 0, o0x7eb6514be2c8;  alias, 0 drivers
v0x5bc1f0842150_0 .net "M1_AWLOCK", 0 0, o0x7eb6514c1f28;  alias, 0 drivers
v0x5bc1f08421f0_0 .net "M1_AWREADY", 0 0, L_0x5bc1f088dc10;  alias, 1 drivers
v0x5bc1f0842290_0 .net "M1_AWSIZE", 2 0, o0x7eb6514c1f88;  alias, 0 drivers
v0x5bc1f0842350_0 .net "M1_AWVALID", 0 0, o0x7eb6514be328;  alias, 0 drivers
v0x5bc1f0842440_0 .net "M1_MID", 0 0, L_0x7eb6511b7060;  alias, 1 drivers
v0x5bc1f08424e0_0 .net "M1_WDATA", 31 0, o0x7eb6514c1fb8;  alias, 0 drivers
v0x5bc1f08425a0_0 .net "M1_WID", 3 0, L_0x5bc1f08a2ee0;  alias, 1 drivers
v0x5bc1f0842690_0 .net "M1_WLAST", 0 0, o0x7eb6514be388;  alias, 0 drivers
v0x5bc1f0842780_0 .net "M1_WREADY", 0 0, L_0x5bc1f088dff0;  alias, 1 drivers
v0x5bc1f0842840_0 .net "M1_WSTRB", 3 0, o0x7eb6514c2018;  alias, 0 drivers
v0x5bc1f0842900_0 .net "M1_WVALID", 0 0, o0x7eb6514be3e8;  alias, 0 drivers
v0x5bc1f08429f0_0 .var "S_ARADDR", 31 0;
v0x5bc1f0842ab0_0 .var "S_ARBURST", 1 0;
v0x5bc1f0842b90_0 .var "S_ARID", 4 0;
v0x5bc1f0843080_0 .var "S_ARLEN", 7 0;
v0x5bc1f0843160_0 .var "S_ARLOCK", 0 0;
v0x5bc1f0843220_0 .net "S_ARREADY", 0 0, o0x7eb6514c51c8;  alias, 0 drivers
v0x5bc1f08432e0_0 .var "S_ARSIZE", 2 0;
v0x5bc1f08433c0_0 .var "S_ARVALID", 0 0;
v0x5bc1f0843480_0 .var "S_AWADDR", 31 0;
v0x5bc1f0843560_0 .var "S_AWBURST", 1 0;
v0x5bc1f0843640_0 .var "S_AWID", 4 0;
v0x5bc1f0843720_0 .var "S_AWLEN", 7 0;
v0x5bc1f0843800_0 .var "S_AWLOCK", 0 0;
v0x5bc1f08438c0_0 .net "S_AWREADY", 0 0, o0x7eb6514c5348;  alias, 0 drivers
v0x5bc1f0843980_0 .var "S_AWSIZE", 2 0;
v0x5bc1f0843a60_0 .var "S_AWVALID", 0 0;
v0x5bc1f0843b20_0 .var "S_WDATA", 31 0;
v0x5bc1f0843c00_0 .var "S_WID", 4 0;
v0x5bc1f0843ce0_0 .var "S_WLAST", 0 0;
v0x5bc1f0843da0_0 .net "S_WREADY", 0 0, o0x7eb6514c5468;  alias, 0 drivers
v0x5bc1f0843e60_0 .var "S_WSTRB", 3 0;
v0x5bc1f0843f40_0 .var "S_WVALID", 0 0;
v0x5bc1f0844000_0 .net "WGRANT", 1 0, v0x5bc1f083c0e0_0;  1 drivers
v0x5bc1f08440c0_0 .net "WLAST_ALL", 1 0, L_0x5bc1f0889750;  1 drivers
v0x5bc1f0844160_0 .net "WREADY_ALL", 1 0, L_0x5bc1f0889660;  1 drivers
v0x5bc1f0844230_0 .net "WVALID_ALL", 1 0, L_0x5bc1f08895c0;  1 drivers
v0x5bc1f0844300_0 .net *"_ivl_35", 0 0, L_0x5bc1f088d960;  1 drivers
v0x5bc1f08443c0_0 .net *"_ivl_39", 0 0, L_0x5bc1f088db70;  1 drivers
v0x5bc1f08444a0_0 .net *"_ivl_43", 0 0, L_0x5bc1f088dd10;  1 drivers
v0x5bc1f0844580_0 .net *"_ivl_47", 0 0, L_0x5bc1f088df50;  1 drivers
v0x5bc1f0844660_0 .net *"_ivl_51", 0 0, L_0x5bc1f088e130;  1 drivers
v0x5bc1f0844740_0 .net *"_ivl_55", 0 0, L_0x5bc1f088de40;  1 drivers
v0x5bc1f0844820 .array "bus_ar", 1 0;
v0x5bc1f0844820_0 .net v0x5bc1f0844820 0, 51 0, L_0x5bc1f088f0a0; 1 drivers
v0x5bc1f0844820_1 .net v0x5bc1f0844820 1, 51 0, L_0x5bc1f088f220; 1 drivers
v0x5bc1f0844940 .array "bus_aw", 1 0;
v0x5bc1f0844940_0 .net v0x5bc1f0844940 0, 51 0, L_0x5bc1f088e520; 1 drivers
v0x5bc1f0844940_1 .net v0x5bc1f0844940 1, 51 0, L_0x5bc1f088e6d0; 1 drivers
v0x5bc1f0844a60 .array "bus_w", 1 0;
v0x5bc1f0844a60_0 .net v0x5bc1f0844a60 0, 42 0, L_0x5bc1f088e8d0; 1 drivers
v0x5bc1f0844a60_1 .net v0x5bc1f0844a60 1, 42 0, L_0x5bc1f088e610; 1 drivers
E_0x5bc1f0807ef0 .event anyedge, v0x5bc1f0844820_1, v0x5bc1f0844820_0, v0x5bc1f083b200_0;
E_0x5bc1f0837590 .event anyedge, v0x5bc1f0844a60_1, v0x5bc1f0844a60_0, v0x5bc1f083c0e0_0;
E_0x5bc1f08375f0 .event anyedge, v0x5bc1f0844940_1, v0x5bc1f0844940_0, v0x5bc1f083b7e0_0;
L_0x5bc1f08891c0 .concat [ 1 1 0 0], o0x7eb6514bcaf8, o0x7eb6514be328;
L_0x5bc1f0889260 .concat [ 1 1 0 0], L_0x5bc1f088d3e0, L_0x5bc1f088dc10;
L_0x5bc1f0889300 .concat [ 1 1 0 0], o0x7eb6514c1c28, o0x7eb6514c1f28;
L_0x5bc1f08893a0 .concat [ 1 1 0 0], o0x7eb6514c1b98, o0x7eb6514c1e98;
L_0x5bc1f0889440 .concat [ 1 1 0 0], L_0x5bc1f088e280, L_0x5bc1f088e3d0;
L_0x5bc1f08894e0 .concat [ 1 1 0 0], o0x7eb6514c1b08, o0x7eb6514c1e08;
L_0x5bc1f08895c0 .concat [ 1 1 0 0], o0x7eb6514bcbb8, o0x7eb6514be3e8;
L_0x5bc1f0889660 .concat [ 1 1 0 0], L_0x5bc1f088dee0, L_0x5bc1f088dff0;
L_0x5bc1f0889750 .concat [ 1 1 0 0], o0x7eb6514bcb58, o0x7eb6514be388;
L_0x5bc1f088ca60 .concat [ 4 1 0 0], o0x7eb6514bca68, L_0x7eb6511b7018;
L_0x5bc1f088d090 .concat [ 4 1 0 0], o0x7eb6514be298, L_0x7eb6511b7060;
L_0x5bc1f088d130 .concat [ 4 1 0 0], L_0x5bc1f089ea10, L_0x7eb6511b7018;
L_0x5bc1f088d450 .concat [ 4 1 0 0], L_0x5bc1f08a2ee0, L_0x7eb6511b7060;
L_0x5bc1f088d700 .concat [ 4 1 0 0], o0x7eb6514c1aa8, L_0x7eb6511b7018;
L_0x5bc1f088d870 .concat [ 4 1 0 0], o0x7eb6514c1da8, L_0x7eb6511b7060;
L_0x5bc1f088d960 .part L_0x5bc1f088b150, 0, 1;
L_0x5bc1f088db70 .part L_0x5bc1f088b150, 1, 1;
L_0x5bc1f088dd10 .part v0x5bc1f083c0e0_0, 0, 1;
L_0x5bc1f088df50 .part v0x5bc1f083c0e0_0, 1, 1;
L_0x5bc1f088e130 .part L_0x5bc1f088a100, 0, 1;
L_0x5bc1f088de40 .part L_0x5bc1f088a100, 1, 1;
LS_0x5bc1f088e520_0_0 .concat [ 1 2 3 1], o0x7eb6514bcaf8, o0x7eb6514c1bf8, o0x7eb6514c1c88, o0x7eb6514c1c28;
LS_0x5bc1f088e520_0_4 .concat [ 8 32 4 1], o0x7eb6514bca98, o0x7eb6514c1bc8, o0x7eb6514bca68, L_0x7eb6511b7018;
L_0x5bc1f088e520 .concat [ 7 45 0 0], LS_0x5bc1f088e520_0_0, LS_0x5bc1f088e520_0_4;
LS_0x5bc1f088e6d0_0_0 .concat [ 1 2 3 1], o0x7eb6514be328, o0x7eb6514c1ef8, o0x7eb6514c1f88, o0x7eb6514c1f28;
LS_0x5bc1f088e6d0_0_4 .concat [ 8 32 4 1], o0x7eb6514be2c8, o0x7eb6514c1ec8, o0x7eb6514be298, L_0x7eb6511b7060;
L_0x5bc1f088e6d0 .concat [ 7 45 0 0], LS_0x5bc1f088e6d0_0_0, LS_0x5bc1f088e6d0_0_4;
LS_0x5bc1f088e8d0_0_0 .concat [ 1 1 4 32], o0x7eb6514bcbb8, o0x7eb6514bcb58, o0x7eb6514c1d18, o0x7eb6514c1cb8;
LS_0x5bc1f088e8d0_0_4 .concat [ 4 1 0 0], L_0x5bc1f089ea10, L_0x7eb6511b7018;
L_0x5bc1f088e8d0 .concat [ 38 5 0 0], LS_0x5bc1f088e8d0_0_0, LS_0x5bc1f088e8d0_0_4;
LS_0x5bc1f088e610_0_0 .concat [ 1 1 4 32], o0x7eb6514be3e8, o0x7eb6514be388, o0x7eb6514c2018, o0x7eb6514c1fb8;
LS_0x5bc1f088e610_0_4 .concat [ 4 1 0 0], L_0x5bc1f08a2ee0, L_0x7eb6511b7060;
L_0x5bc1f088e610 .concat [ 38 5 0 0], LS_0x5bc1f088e610_0_0, LS_0x5bc1f088e610_0_4;
LS_0x5bc1f088f0a0_0_0 .concat [ 1 2 3 1], o0x7eb6514c1b98, o0x7eb6514c1a78, o0x7eb6514c1b68, o0x7eb6514c1b08;
LS_0x5bc1f088f0a0_0_4 .concat [ 8 32 4 1], o0x7eb6514c1ad8, o0x7eb6514c1a48, o0x7eb6514c1aa8, L_0x7eb6511b7018;
L_0x5bc1f088f0a0 .concat [ 7 45 0 0], LS_0x5bc1f088f0a0_0_0, LS_0x5bc1f088f0a0_0_4;
LS_0x5bc1f088f220_0_0 .concat [ 1 2 3 1], o0x7eb6514c1e98, o0x7eb6514c1d78, o0x7eb6514c1e68, o0x7eb6514c1e08;
LS_0x5bc1f088f220_0_4 .concat [ 8 32 4 1], o0x7eb6514c1dd8, o0x7eb6514c1d48, o0x7eb6514c1da8, L_0x7eb6511b7060;
L_0x5bc1f088f220 .concat [ 7 45 0 0], LS_0x5bc1f088f220_0_0, LS_0x5bc1f088f220_0_4;
S_0x5bc1f0837650 .scope module, "u_axi_arbiter_mtos_m2" "axi_arbiter_mtos_m2" 2 2013, 2 1252 0, S_0x5bc1f08360c0;
 .timescale 0 0;
    .port_info 0 /INPUT 1 "ARESETn";
    .port_info 1 /INPUT 1 "ACLK";
    .port_info 2 /INPUT 2 "AWSELECT";
    .port_info 3 /INPUT 2 "AWVALID";
    .port_info 4 /INPUT 2 "AWREADY";
    .port_info 5 /INPUT 2 "AWLOCK";
    .port_info 6 /OUTPUT 2 "AWGRANT";
    .port_info 7 /INPUT 5 "AWSID0";
    .port_info 8 /INPUT 5 "AWSID1";
    .port_info 9 /INPUT 2 "WVALID";
    .port_info 10 /INPUT 2 "WLAST";
    .port_info 11 /INPUT 2 "WREADY";
    .port_info 12 /OUTPUT 2 "WGRANT";
    .port_info 13 /INPUT 5 "WSID0";
    .port_info 14 /INPUT 5 "WSID1";
    .port_info 15 /INPUT 2 "ARSELECT";
    .port_info 16 /INPUT 2 "ARVALID";
    .port_info 17 /INPUT 2 "ARLOCK";
    .port_info 18 /INPUT 2 "ARREADY";
    .port_info 19 /OUTPUT 2 "ARGRANT";
    .port_info 20 /INPUT 5 "ARSID0";
    .port_info 21 /INPUT 5 "ARSID1";
    .port_info 22 /INPUT 1 "MID0";
    .port_info 23 /INPUT 1 "MID1";
P_0x5bc1f0837850 .param/l "NUM" 0 2 1256, +C4<00000000000000000000000000000010>;
P_0x5bc1f0837890 .param/l "STAR_LOCK" 1 2 1304, C4<00000000000000000000000000000010>;
P_0x5bc1f08378d0 .param/l "STAR_RUN" 1 2 1302, C4<00000000000000000000000000000000>;
P_0x5bc1f0837910 .param/l "STAR_WAIT" 1 2 1303, C4<00000000000000000000000000000001>;
P_0x5bc1f0837950 .param/l "STAW_LOCK" 1 2 1368, C4<00000000000000000000000000000010>;
P_0x5bc1f0837990 .param/l "STAW_RUN" 1 2 1366, C4<00000000000000000000000000000000>;
P_0x5bc1f08379d0 .param/l "STAW_WAIT" 1 2 1367, C4<00000000000000000000000000000001>;
P_0x5bc1f0837a10 .param/l "WIDTH_CID" 0 2 1253, +C4<00000000000000000000000000000001>;
P_0x5bc1f0837a50 .param/l "WIDTH_ID" 0 2 1254, +C4<00000000000000000000000000000100>;
P_0x5bc1f0837a90 .param/l "WIDTH_SID" 0 2 1255, +C4<000000000000000000000000000000101>;
L_0x5bc1f08899c0 .functor AND 5, L_0x5bc1f0889890, L_0x5bc1f088d700, C4<11111>, C4<11111>;
L_0x5bc1f0889c00 .functor AND 5, L_0x5bc1f0889ad0, L_0x5bc1f088d870, C4<11111>, C4<11111>;
L_0x5bc1f0889c70 .functor OR 5, L_0x5bc1f08899c0, L_0x5bc1f0889c00, C4<00000>, C4<00000>;
L_0x5bc1f0889fa0 .functor AND 2, v0x5bc1f083fcd0_0, L_0x5bc1f08893a0, C4<11>, C4<11>;
L_0x7eb6511b7600 .functor BUFT 1, C4<1>, C4<0>, C4<0>, C4<0>;
L_0x5bc1f088a3c0 .functor XNOR 1, L_0x5bc1f088a2d0, L_0x7eb6511b7600, C4<0>, C4<0>;
L_0x7eb6511b7648 .functor BUFT 1, C4<1>, C4<0>, C4<0>, C4<0>;
L_0x5bc1f088a570 .functor XNOR 1, L_0x5bc1f088a4d0, L_0x7eb6511b7648, C4<0>, C4<0>;
L_0x5bc1f088a9b0 .functor AND 2, L_0x5bc1f088b150, L_0x5bc1f0889260, C4<11>, C4<11>;
L_0x5bc1f088a850 .functor NOT 1, v0x5bc1f083f0e0_0, C4<0>, C4<0>, C4<0>;
L_0x5bc1f088aea0 .functor AND 1, L_0x5bc1f088ad10, L_0x5bc1f088a850, C4<1>, C4<1>;
L_0x5bc1f088afb0 .functor AND 2, v0x5bc1f0840270_0, L_0x5bc1f08891c0, C4<11>, C4<11>;
L_0x5bc1f088c8b0 .functor AND 2, v0x5bc1f083c0e0_0, L_0x5bc1f08895c0, C4<11>, C4<11>;
L_0x5bc1f088cba0 .functor AND 2, v0x5bc1f083c0e0_0, L_0x5bc1f0889750, C4<11>, C4<11>;
L_0x5bc1f088ce20 .functor AND 1, L_0x5bc1f088b800, L_0x5bc1f088c970, C4<1>, C4<1>;
L_0x5bc1f088ce90 .functor AND 1, L_0x5bc1f088ce20, L_0x5bc1f088cb00, C4<1>, C4<1>;
L_0x5bc1f088cc10 .functor AND 1, L_0x5bc1f088ce90, L_0x5bc1f088cc80, C4<1>, C4<1>;
v0x5bc1f083b080_0 .net "ACLK", 0 0, o0x7eb6514bc3d8;  alias, 0 drivers
v0x5bc1f083b140_0 .net "ARESETn", 0 0, o0x7eb6514bc6d8;  alias, 0 drivers
v0x5bc1f083b200_0 .net "ARGRANT", 1 0, L_0x5bc1f088a100;  alias, 1 drivers
v0x5bc1f083b2a0_0 .net "ARLOCK", 1 0, L_0x5bc1f08894e0;  alias, 1 drivers
v0x5bc1f083b380_0 .net "ARREADY", 1 0, L_0x5bc1f0889440;  alias, 1 drivers
v0x5bc1f083b460_0 .net "ARSELECT", 1 0, v0x5bc1f083fcd0_0;  1 drivers
v0x5bc1f083b540_0 .net "ARSID0", 4 0, L_0x5bc1f088d700;  1 drivers
v0x5bc1f083b620_0 .net "ARSID1", 4 0, L_0x5bc1f088d870;  1 drivers
v0x5bc1f083b700_0 .net "ARVALID", 1 0, L_0x5bc1f08893a0;  alias, 1 drivers
v0x5bc1f083b7e0_0 .net "AWGRANT", 1 0, L_0x5bc1f088b150;  alias, 1 drivers
v0x5bc1f083b8c0_0 .net "AWLOCK", 1 0, L_0x5bc1f0889300;  alias, 1 drivers
v0x5bc1f083b9a0_0 .net "AWREADY", 1 0, L_0x5bc1f0889260;  alias, 1 drivers
v0x5bc1f083ba80_0 .net "AWSELECT", 1 0, v0x5bc1f0840270_0;  1 drivers
v0x5bc1f083bb60_0 .net "AWSID0", 4 0, L_0x5bc1f088ca60;  1 drivers
v0x5bc1f083bc40_0 .net "AWSID1", 4 0, L_0x5bc1f088d090;  1 drivers
v0x5bc1f083bd20_0 .net "AWVALID", 1 0, L_0x5bc1f08891c0;  alias, 1 drivers
v0x5bc1f083be00_0 .net "MID0", 0 0, L_0x7eb6511b7018;  alias, 1 drivers
v0x5bc1f083bfd0_0 .net "MID1", 0 0, L_0x7eb6511b7060;  alias, 1 drivers
v0x5bc1f083c0e0_0 .var "WGRANT", 1 0;
v0x5bc1f083c1c0_0 .net "WLAST", 1 0, L_0x5bc1f0889750;  alias, 1 drivers
v0x5bc1f083c2a0_0 .net "WREADY", 1 0, L_0x5bc1f0889660;  alias, 1 drivers
v0x5bc1f083c380_0 .net "WSID0", 4 0, L_0x5bc1f088d130;  1 drivers
v0x5bc1f083c460_0 .net "WSID1", 4 0, L_0x5bc1f088d450;  1 drivers
v0x5bc1f083c540_0 .net "WVALID", 1 0, L_0x5bc1f08895c0;  alias, 1 drivers
v0x5bc1f083c620_0 .net *"_ivl_1", 0 0, L_0x5bc1f08897f0;  1 drivers
v0x5bc1f083c700_0 .net *"_ivl_10", 4 0, L_0x5bc1f0889c00;  1 drivers
v0x5bc1f083c7e0_0 .net *"_ivl_14", 31 0, L_0x5bc1f0889d30;  1 drivers
L_0x7eb6511b7570 .functor BUFT 1, C4<000000000000000000000000000000>, C4<0>, C4<0>, C4<0>;
v0x5bc1f083c8c0_0 .net *"_ivl_17", 29 0, L_0x7eb6511b7570;  1 drivers
L_0x7eb6511b75b8 .functor BUFT 1, C4<00000000000000000000000000000000>, C4<0>, C4<0>, C4<0>;
v0x5bc1f083c9a0_0 .net/2u *"_ivl_18", 31 0, L_0x7eb6511b75b8;  1 drivers
v0x5bc1f083ca80_0 .net *"_ivl_2", 4 0, L_0x5bc1f0889890;  1 drivers
v0x5bc1f083cb60_0 .net *"_ivl_20", 0 0, L_0x5bc1f0889e20;  1 drivers
v0x5bc1f083cc20_0 .net *"_ivl_22", 1 0, L_0x5bc1f0889fa0;  1 drivers
v0x5bc1f083cd00_0 .net *"_ivl_25", 1 0, L_0x5bc1f088a010;  1 drivers
v0x5bc1f083cff0_0 .net *"_ivl_29", 0 0, L_0x5bc1f088a2d0;  1 drivers
v0x5bc1f083d0d0_0 .net/2u *"_ivl_30", 0 0, L_0x7eb6511b7600;  1 drivers
v0x5bc1f083d1b0_0 .net *"_ivl_32", 0 0, L_0x5bc1f088a3c0;  1 drivers
v0x5bc1f083d270_0 .net *"_ivl_35", 0 0, L_0x5bc1f088a4d0;  1 drivers
v0x5bc1f083d350_0 .net/2u *"_ivl_36", 0 0, L_0x7eb6511b7648;  1 drivers
v0x5bc1f083d430_0 .net *"_ivl_38", 0 0, L_0x5bc1f088a570;  1 drivers
v0x5bc1f083d4f0_0 .net *"_ivl_4", 4 0, L_0x5bc1f08899c0;  1 drivers
L_0x7eb6511b7690 .functor BUFT 1, C4<00000>, C4<0>, C4<0>, C4<0>;
v0x5bc1f083d5d0_0 .net/2u *"_ivl_40", 4 0, L_0x7eb6511b7690;  1 drivers
v0x5bc1f083d6b0_0 .net *"_ivl_42", 4 0, L_0x5bc1f088a670;  1 drivers
v0x5bc1f083d790_0 .net *"_ivl_46", 1 0, L_0x5bc1f088a9b0;  1 drivers
v0x5bc1f083d870_0 .net *"_ivl_50", 31 0, L_0x5bc1f088aba0;  1 drivers
L_0x7eb6511b76d8 .functor BUFT 1, C4<000000000000000000000000000000>, C4<0>, C4<0>, C4<0>;
v0x5bc1f083d950_0 .net *"_ivl_53", 29 0, L_0x7eb6511b76d8;  1 drivers
L_0x7eb6511b7720 .functor BUFT 1, C4<00000000000000000000000000000000>, C4<0>, C4<0>, C4<0>;
v0x5bc1f083da30_0 .net/2u *"_ivl_54", 31 0, L_0x7eb6511b7720;  1 drivers
v0x5bc1f083db10_0 .net *"_ivl_56", 0 0, L_0x5bc1f088ad10;  1 drivers
v0x5bc1f083dbd0_0 .net *"_ivl_58", 0 0, L_0x5bc1f088a850;  1 drivers
v0x5bc1f083dcb0_0 .net *"_ivl_60", 0 0, L_0x5bc1f088aea0;  1 drivers
v0x5bc1f083dd90_0 .net *"_ivl_62", 1 0, L_0x5bc1f088afb0;  1 drivers
v0x5bc1f083de70_0 .net *"_ivl_65", 1 0, L_0x5bc1f088b020;  1 drivers
v0x5bc1f083df50_0 .net *"_ivl_7", 0 0, L_0x5bc1f0889a30;  1 drivers
v0x5bc1f083e030_0 .net *"_ivl_70", 1 0, L_0x5bc1f088c8b0;  1 drivers
v0x5bc1f083e110_0 .net *"_ivl_76", 1 0, L_0x5bc1f088cba0;  1 drivers
v0x5bc1f083e1f0_0 .net *"_ivl_8", 4 0, L_0x5bc1f0889ad0;  1 drivers
v0x5bc1f083e2d0_0 .net *"_ivl_80", 0 0, L_0x5bc1f088ce20;  1 drivers
v0x5bc1f083e3b0_0 .net *"_ivl_82", 0 0, L_0x5bc1f088ce90;  1 drivers
v0x5bc1f083e490_0 .net "active_wlast", 0 0, L_0x5bc1f088cc80;  1 drivers
v0x5bc1f083e550_0 .net "active_wready", 0 0, L_0x5bc1f088cb00;  1 drivers
v0x5bc1f083e610_0 .net "active_wvalid", 0 0, L_0x5bc1f088c970;  1 drivers
v0x5bc1f083e6d0_0 .var "argrant_reg", 1 0;
v0x5bc1f083e7b0_0 .var "awgrant_reg", 1 0;
v0x5bc1f083e890_0 .net "fifo_pop_dout", 4 0, L_0x5bc1f088c280;  1 drivers
v0x5bc1f083e950_0 .net "fifo_pop_ready", 0 0, L_0x5bc1f088cc10;  1 drivers
v0x5bc1f083e9f0_0 .net "fifo_pop_valid", 0 0, L_0x5bc1f088b800;  1 drivers
v0x5bc1f083eea0_0 .net "fifo_push_din", 4 0, L_0x5bc1f088a7b0;  1 drivers
v0x5bc1f083ef70_0 .net "fifo_push_valid", 0 0, L_0x5bc1f088aab0;  1 drivers
v0x5bc1f083f040_0 .net "granted_arsid", 4 0, L_0x5bc1f0889c70;  1 drivers
v0x5bc1f083f0e0_0 .var "locked", 0 0;
v0x5bc1f083f180_0 .var "locksid", 4 0;
v0x5bc1f083f240_0 .var "stateAR", 1 0;
v0x5bc1f083f320_0 .var "stateAW", 1 0;
v0x5bc1f083f400_0 .var "unlock", 0 0;
E_0x5bc1f0838230 .event anyedge, v0x5bc1f083a920_0, v0x5bc1f083a780_0, v0x5bc1f082c9c0_0, v0x5bc1f082caa0_0;
L_0x5bc1f08897f0 .part L_0x5bc1f088a100, 0, 1;
LS_0x5bc1f0889890_0_0 .concat [ 1 1 1 1], L_0x5bc1f08897f0, L_0x5bc1f08897f0, L_0x5bc1f08897f0, L_0x5bc1f08897f0;
LS_0x5bc1f0889890_0_4 .concat [ 1 0 0 0], L_0x5bc1f08897f0;
L_0x5bc1f0889890 .concat [ 4 1 0 0], LS_0x5bc1f0889890_0_0, LS_0x5bc1f0889890_0_4;
L_0x5bc1f0889a30 .part L_0x5bc1f088a100, 1, 1;
LS_0x5bc1f0889ad0_0_0 .concat [ 1 1 1 1], L_0x5bc1f0889a30, L_0x5bc1f0889a30, L_0x5bc1f0889a30, L_0x5bc1f0889a30;
LS_0x5bc1f0889ad0_0_4 .concat [ 1 0 0 0], L_0x5bc1f0889a30;
L_0x5bc1f0889ad0 .concat [ 4 1 0 0], LS_0x5bc1f0889ad0_0_0, LS_0x5bc1f0889ad0_0_4;
L_0x5bc1f0889d30 .concat [ 2 30 0 0], v0x5bc1f083f240_0, L_0x7eb6511b7570;
L_0x5bc1f0889e20 .cmp/eq 32, L_0x5bc1f0889d30, L_0x7eb6511b75b8;
L_0x5bc1f088a010 .ufunc/vec4 TD_amba_axi_m2s2.u_axi_mtos_s1.u_axi_arbiter_mtos_m2.priority_sel, 2, L_0x5bc1f0889fa0 (v0x5bc1f0838520_0) S_0x5bc1f08382c0;
L_0x5bc1f088a100 .functor MUXZ 2, v0x5bc1f083e6d0_0, L_0x5bc1f088a010, L_0x5bc1f0889e20, C4<>;
L_0x5bc1f088a2d0 .part L_0x5bc1f088b150, 0, 1;
L_0x5bc1f088a4d0 .part L_0x5bc1f088b150, 1, 1;
L_0x5bc1f088a670 .functor MUXZ 5, L_0x7eb6511b7690, L_0x5bc1f088d090, L_0x5bc1f088a570, C4<>;
L_0x5bc1f088a7b0 .functor MUXZ 5, L_0x5bc1f088a670, L_0x5bc1f088ca60, L_0x5bc1f088a3c0, C4<>;
L_0x5bc1f088aab0 .reduce/or L_0x5bc1f088a9b0;
L_0x5bc1f088aba0 .concat [ 2 30 0 0], v0x5bc1f083f320_0, L_0x7eb6511b76d8;
L_0x5bc1f088ad10 .cmp/eq 32, L_0x5bc1f088aba0, L_0x7eb6511b7720;
L_0x5bc1f088b020 .ufunc/vec4 TD_amba_axi_m2s2.u_axi_mtos_s1.u_axi_arbiter_mtos_m2.priority_sel, 2, L_0x5bc1f088afb0 (v0x5bc1f0838520_0) S_0x5bc1f08382c0;
L_0x5bc1f088b150 .functor MUXZ 2, v0x5bc1f083e7b0_0, L_0x5bc1f088b020, L_0x5bc1f088aea0, C4<>;
L_0x5bc1f088c970 .reduce/or L_0x5bc1f088c8b0;
L_0x5bc1f088cb00 .reduce/or L_0x5bc1f0889660;
L_0x5bc1f088cc80 .reduce/or L_0x5bc1f088cba0;
S_0x5bc1f08382c0 .scope function.vec4.s2, "priority_sel" "priority_sel" 2 1506, 2 1506 0, S_0x5bc1f0837650;
 .timescale 0 0;
; Variable priority_sel is vec4 return value of scope S_0x5bc1f08382c0
v0x5bc1f0838520_0 .var "request", 1 0;
TD_amba_axi_m2s2.u_axi_mtos_s1.u_axi_arbiter_mtos_m2.priority_sel ;
    %load/vec4 v0x5bc1f0838520_0;
    %dup/vec4;
    %pushi/vec4 3, 2, 2;
    %cmp/x;
    %jmp/1 T_1.4, 4;
    %dup/vec4;
    %pushi/vec4 2, 0, 2;
    %cmp/x;
    %jmp/1 T_1.5, 4;
    %pushi/vec4 0, 0, 2;
    %ret/vec4 0, 0, 2;  Assign to priority_sel (store_vec4_to_lval)
    %jmp T_1.7;
T_1.4 ;
    %pushi/vec4 1, 0, 2;
    %ret/vec4 0, 0, 2;  Assign to priority_sel (store_vec4_to_lval)
    %jmp T_1.7;
T_1.5 ;
    %pushi/vec4 2, 0, 2;
    %ret/vec4 0, 0, 2;  Assign to priority_sel (store_vec4_to_lval)
    %jmp T_1.7;
T_1.7 ;
    %pop/vec4 1;
    %end;
S_0x5bc1f0838600 .scope module, "u_axi_fifo_sync" "axi_fifo_sync" 2 1457, 2 1561 0, S_0x5bc1f0837650;
 .timescale 0 0;
    .port_info 0 /INPUT 1 "rstn";
    .port_info 1 /INPUT 1 "clr";
    .port_info 2 /INPUT 1 "clk";
    .port_info 3 /OUTPUT 1 "wr_rdy";
    .port_info 4 /INPUT 1 "wr_vld";
    .port_info 5 /INPUT 5 "wr_din";
    .port_info 6 /INPUT 1 "rd_rdy";
    .port_info 7 /OUTPUT 1 "rd_vld";
    .port_info 8 /OUTPUT 5 "rd_dout";
    .port_info 9 /OUTPUT 1 "full";
    .port_info 10 /OUTPUT 1 "empty";
    .port_info 11 /OUTPUT 1 "fullN";
    .port_info 12 /OUTPUT 1 "emptyN";
    .port_info 13 /OUTPUT 5 "item_cnt";
    .port_info 14 /OUTPUT 5 "room_cnt";
P_0x5bc1f0826950 .param/l "FAW" 0 2 1563, +C4<00000000000000000000000000000100>;
P_0x5bc1f0826990 .param/l "FDT" 1 2 1583, +C4<000000000000000000000000000000010000>;
P_0x5bc1f08269d0 .param/l "FDW" 0 2 1562, +C4<000000000000000000000000000000101>;
P_0x5bc1f0826a10 .param/l "FULN" 0 2 1564, +C4<00000000000000000000000000000100>;
L_0x5bc1f088b290 .functor AND 1, L_0x5bc1f088b800, L_0x5bc1f088cc10, C4<1>, C4<1>;
L_0x5bc1f088b800 .functor NOT 1, L_0x5bc1f088bab0, C4<0>, C4<0>, C4<0>;
L_0x5bc1f088ba40 .functor NOT 1, L_0x5bc1f088bd80, C4<0>, C4<0>, C4<0>;
L_0x5bc1f088c280 .functor BUFZ 5, L_0x5bc1f088c430, C4<00000>, C4<00000>, C4<00000>;
v0x5bc1f08388d0 .array "Mem", 15 0, 4 0;
v0x5bc1f0838ac0_0 .net *"_ivl_0", 0 0, L_0x5bc1f088b290;  1 drivers
v0x5bc1f0838ba0_0 .net *"_ivl_10", 35 0, L_0x5bc1f088b670;  1 drivers
L_0x7eb6511b77b0 .functor BUFT 1, C4<0000000000000000000000000000000>, C4<0>, C4<0>, C4<0>;
v0x5bc1f0838c90_0 .net *"_ivl_13", 30 0, L_0x7eb6511b77b0;  1 drivers
v0x5bc1f0838d70_0 .net *"_ivl_14", 35 0, L_0x5bc1f088b760;  1 drivers
v0x5bc1f0838ea0_0 .net *"_ivl_24", 35 0, L_0x5bc1f088bbf0;  1 drivers
L_0x7eb6511b77f8 .functor BUFT 1, C4<0000000000000000000000000000000>, C4<0>, C4<0>, C4<0>;
v0x5bc1f0838f80_0 .net *"_ivl_27", 30 0, L_0x7eb6511b77f8;  1 drivers
L_0x7eb6511b7840 .functor BUFT 1, C4<000000000000000000000000000000010000>, C4<0>, C4<0>, C4<0>;
v0x5bc1f0839060_0 .net/2u *"_ivl_28", 35 0, L_0x7eb6511b7840;  1 drivers
v0x5bc1f0839140_0 .net *"_ivl_3", 3 0, L_0x5bc1f088b3a0;  1 drivers
v0x5bc1f0839220_0 .net *"_ivl_32", 35 0, L_0x5bc1f088bf10;  1 drivers
L_0x7eb6511b7888 .functor BUFT 1, C4<0000000000000000000000000000000>, C4<0>, C4<0>, C4<0>;
v0x5bc1f0839300_0 .net *"_ivl_35", 30 0, L_0x7eb6511b7888;  1 drivers
L_0x7eb6511b78d0 .functor BUFT 1, C4<000000000000000000000000000000001100>, C4<0>, C4<0>, C4<0>;
v0x5bc1f08393e0_0 .net/2u *"_ivl_36", 35 0, L_0x7eb6511b78d0;  1 drivers
v0x5bc1f08394c0_0 .net *"_ivl_40", 31 0, L_0x5bc1f088c150;  1 drivers
L_0x7eb6511b7918 .functor BUFT 1, C4<000000000000000000000000000>, C4<0>, C4<0>, C4<0>;
v0x5bc1f08395a0_0 .net *"_ivl_43", 26 0, L_0x7eb6511b7918;  1 drivers
L_0x7eb6511b7960 .functor BUFT 1, C4<00000000000000000000000000000100>, C4<0>, C4<0>, C4<0>;
v0x5bc1f0839680_0 .net/2u *"_ivl_44", 31 0, L_0x7eb6511b7960;  1 drivers
v0x5bc1f0839760_0 .net *"_ivl_48", 4 0, L_0x5bc1f088c430;  1 drivers
v0x5bc1f0839840_0 .net *"_ivl_5", 3 0, L_0x5bc1f088b440;  1 drivers
v0x5bc1f0839a30_0 .net *"_ivl_51", 3 0, L_0x5bc1f088c550;  1 drivers
v0x5bc1f0839b10_0 .net *"_ivl_52", 5 0, L_0x5bc1f088c5f0;  1 drivers
L_0x7eb6511b79a8 .functor BUFT 1, C4<00>, C4<0>, C4<0>, C4<0>;
v0x5bc1f0839bf0_0 .net *"_ivl_55", 1 0, L_0x7eb6511b79a8;  1 drivers
L_0x7eb6511b7768 .functor BUFT 1, C4<000000000000000000000000000000010000>, C4<0>, C4<0>, C4<0>;
v0x5bc1f0839cd0_0 .net/2u *"_ivl_8", 35 0, L_0x7eb6511b7768;  1 drivers
v0x5bc1f0839db0_0 .net "clk", 0 0, o0x7eb6514bc3d8;  alias, 0 drivers
L_0x7eb6511b79f0 .functor BUFT 1, C4<0>, C4<0>, C4<0>, C4<0>;
v0x5bc1f0839f60_0 .net "clr", 0 0, L_0x7eb6511b79f0;  1 drivers
v0x5bc1f083a020_0 .net "empty", 0 0, L_0x5bc1f088bab0;  1 drivers
v0x5bc1f083a0e0_0 .net "emptyN", 0 0, L_0x5bc1f088c2f0;  1 drivers
v0x5bc1f083a1a0_0 .var "fifo_head", 4 0;
v0x5bc1f083a280_0 .var "fifo_tail", 4 0;
v0x5bc1f083a360_0 .net "full", 0 0, L_0x5bc1f088bd80;  1 drivers
v0x5bc1f083a420_0 .net "fullN", 0 0, L_0x5bc1f088c010;  1 drivers
v0x5bc1f083a4e0_0 .var "item_cnt", 4 0;
v0x5bc1f083a5c0_0 .var "next_head", 4 0;
v0x5bc1f083a6a0_0 .var "next_tail", 4 0;
v0x5bc1f083a780_0 .net "rd_dout", 4 0, L_0x5bc1f088c280;  alias, 1 drivers
v0x5bc1f083a860_0 .net "rd_rdy", 0 0, L_0x5bc1f088cc10;  alias, 1 drivers
v0x5bc1f083a920_0 .net "rd_vld", 0 0, L_0x5bc1f088b800;  alias, 1 drivers
v0x5bc1f083a9e0_0 .net "read_addr", 3 0, L_0x5bc1f088b4e0;  1 drivers
v0x5bc1f083aac0_0 .net "room_cnt", 4 0, L_0x5bc1f088b910;  1 drivers
v0x5bc1f083aba0_0 .net "rstn", 0 0, o0x7eb6514bc6d8;  alias, 0 drivers
v0x5bc1f083ac40_0 .net "wr_din", 4 0, L_0x5bc1f088a7b0;  alias, 1 drivers
v0x5bc1f083ad20_0 .net "wr_rdy", 0 0, L_0x5bc1f088ba40;  1 drivers
v0x5bc1f083ade0_0 .net "wr_vld", 0 0, L_0x5bc1f088aab0;  alias, 1 drivers
L_0x5bc1f088b3a0 .part v0x5bc1f083a5c0_0, 0, 4;
L_0x5bc1f088b440 .part v0x5bc1f083a1a0_0, 0, 4;
L_0x5bc1f088b4e0 .functor MUXZ 4, L_0x5bc1f088b440, L_0x5bc1f088b3a0, L_0x5bc1f088b290, C4<>;
L_0x5bc1f088b670 .concat [ 5 31 0 0], v0x5bc1f083a4e0_0, L_0x7eb6511b77b0;
L_0x5bc1f088b760 .arith/sub 36, L_0x7eb6511b7768, L_0x5bc1f088b670;
L_0x5bc1f088b910 .part L_0x5bc1f088b760, 0, 5;
L_0x5bc1f088bab0 .cmp/eq 5, v0x5bc1f083a1a0_0, v0x5bc1f083a280_0;
L_0x5bc1f088bbf0 .concat [ 5 31 0 0], v0x5bc1f083a4e0_0, L_0x7eb6511b77f8;
L_0x5bc1f088bd80 .cmp/ge 36, L_0x5bc1f088bbf0, L_0x7eb6511b7840;
L_0x5bc1f088bf10 .concat [ 5 31 0 0], v0x5bc1f083a4e0_0, L_0x7eb6511b7888;
L_0x5bc1f088c010 .cmp/ge 36, L_0x5bc1f088bf10, L_0x7eb6511b78d0;
L_0x5bc1f088c150 .concat [ 5 27 0 0], v0x5bc1f083a4e0_0, L_0x7eb6511b7918;
L_0x5bc1f088c2f0 .cmp/ge 32, L_0x7eb6511b7960, L_0x5bc1f088c150;
L_0x5bc1f088c430 .array/port v0x5bc1f08388d0, L_0x5bc1f088c5f0;
L_0x5bc1f088c550 .part v0x5bc1f083a1a0_0, 0, 4;
L_0x5bc1f088c5f0 .concat [ 4 2 0 0], L_0x5bc1f088c550, L_0x7eb6511b79a8;
S_0x5bc1f0845720 .scope module, "u_axi_mtos_sd" "axi_mtos_m2" 2 802, 2 1789 0, S_0x5bc1f07dfa60;
 .timescale 0 0;
    .port_info 0 /INPUT 1 "ARESETn";
    .port_info 1 /INPUT 1 "ACLK";
    .port_info 2 /INPUT 1 "M0_MID";
    .port_info 3 /INPUT 4 "M0_AWID";
    .port_info 4 /INPUT 32 "M0_AWADDR";
    .port_info 5 /INPUT 8 "M0_AWLEN";
    .port_info 6 /INPUT 1 "M0_AWLOCK";
    .port_info 7 /INPUT 3 "M0_AWSIZE";
    .port_info 8 /INPUT 2 "M0_AWBURST";
    .port_info 9 /INPUT 1 "M0_AWVALID";
    .port_info 10 /OUTPUT 1 "M0_AWREADY";
    .port_info 11 /INPUT 4 "M0_WID";
    .port_info 12 /INPUT 32 "M0_WDATA";
    .port_info 13 /INPUT 4 "M0_WSTRB";
    .port_info 14 /INPUT 1 "M0_WLAST";
    .port_info 15 /INPUT 1 "M0_WVALID";
    .port_info 16 /OUTPUT 1 "M0_WREADY";
    .port_info 17 /INPUT 4 "M0_ARID";
    .port_info 18 /INPUT 32 "M0_ARADDR";
    .port_info 19 /INPUT 8 "M0_ARLEN";
    .port_info 20 /INPUT 1 "M0_ARLOCK";
    .port_info 21 /INPUT 3 "M0_ARSIZE";
    .port_info 22 /INPUT 2 "M0_ARBURST";
    .port_info 23 /INPUT 1 "M0_ARVALID";
    .port_info 24 /OUTPUT 1 "M0_ARREADY";
    .port_info 25 /INPUT 1 "M1_MID";
    .port_info 26 /INPUT 4 "M1_AWID";
    .port_info 27 /INPUT 32 "M1_AWADDR";
    .port_info 28 /INPUT 8 "M1_AWLEN";
    .port_info 29 /INPUT 1 "M1_AWLOCK";
    .port_info 30 /INPUT 3 "M1_AWSIZE";
    .port_info 31 /INPUT 2 "M1_AWBURST";
    .port_info 32 /INPUT 1 "M1_AWVALID";
    .port_info 33 /OUTPUT 1 "M1_AWREADY";
    .port_info 34 /INPUT 4 "M1_WID";
    .port_info 35 /INPUT 32 "M1_WDATA";
    .port_info 36 /INPUT 4 "M1_WSTRB";
    .port_info 37 /INPUT 1 "M1_WLAST";
    .port_info 38 /INPUT 1 "M1_WVALID";
    .port_info 39 /OUTPUT 1 "M1_WREADY";
    .port_info 40 /INPUT 4 "M1_ARID";
    .port_info 41 /INPUT 32 "M1_ARADDR";
    .port_info 42 /INPUT 8 "M1_ARLEN";
    .port_info 43 /INPUT 1 "M1_ARLOCK";
    .port_info 44 /INPUT 3 "M1_ARSIZE";
    .port_info 45 /INPUT 2 "M1_ARBURST";
    .port_info 46 /INPUT 1 "M1_ARVALID";
    .port_info 47 /OUTPUT 1 "M1_ARREADY";
    .port_info 48 /OUTPUT 5 "S_AWID";
    .port_info 49 /OUTPUT 32 "S_AWADDR";
    .port_info 50 /OUTPUT 8 "S_AWLEN";
    .port_info 51 /OUTPUT 1 "S_AWLOCK";
    .port_info 52 /OUTPUT 3 "S_AWSIZE";
    .port_info 53 /OUTPUT 2 "S_AWBURST";
    .port_info 54 /OUTPUT 1 "S_AWVALID";
    .port_info 55 /INPUT 1 "S_AWREADY";
    .port_info 56 /OUTPUT 5 "S_WID";
    .port_info 57 /OUTPUT 32 "S_WDATA";
    .port_info 58 /OUTPUT 4 "S_WSTRB";
    .port_info 59 /OUTPUT 1 "S_WLAST";
    .port_info 60 /OUTPUT 1 "S_WVALID";
    .port_info 61 /INPUT 1 "S_WREADY";
    .port_info 62 /OUTPUT 5 "S_ARID";
    .port_info 63 /OUTPUT 32 "S_ARADDR";
    .port_info 64 /OUTPUT 8 "S_ARLEN";
    .port_info 65 /OUTPUT 1 "S_ARLOCK";
    .port_info 66 /OUTPUT 3 "S_ARSIZE";
    .port_info 67 /OUTPUT 2 "S_ARBURST";
    .port_info 68 /OUTPUT 1 "S_ARVALID";
    .port_info 69 /INPUT 1 "S_ARREADY";
    .port_info 70 /OUTPUT 2 "AWSELECT_OUT";
    .port_info 71 /OUTPUT 2 "ARSELECT_OUT";
    .port_info 72 /INPUT 2 "AWSELECT_IN";
    .port_info 73 /INPUT 2 "ARSELECT_IN";
P_0x5bc1f0845900 .param/l "ADDR_BASE" 0 2 1810, C4<00000000000000000010000000000000>;
P_0x5bc1f0845940 .param/l "ADDR_LENGTH" 0 2 1809, +C4<00000000000000000000000000001100>;
P_0x5bc1f0845980 .param/l "NUM_AR_WIDTH" 1 2 2072, +C4<0000000000000000000000000000000000110100>;
P_0x5bc1f08459c0 .param/l "NUM_AW_WIDTH" 1 2 2040, +C4<0000000000000000000000000000000000110100>;
P_0x5bc1f0845a00 .param/l "NUM_MASTER" 0 2 1807, +C4<00000000000000000000000000000010>;
P_0x5bc1f0845a40 .param/l "NUM_W_WIDTH" 1 2 2062, +C4<00000000000000000000000000000000101011>;
P_0x5bc1f0845a80 .param/l "SLAVE_DEFAULT" 0 2 1808, C4<1>;
P_0x5bc1f0845ac0 .param/l "SLAVE_EN" 0 2 1791, C4<1>;
P_0x5bc1f0845b00 .param/l "SLAVE_ID" 0 2 1790, +C4<00000000000000000000000000000010>;
P_0x5bc1f0845b40 .param/l "WIDTH_AD" 0 2 1794, +C4<00000000000000000000000000100000>;
P_0x5bc1f0845b80 .param/l "WIDTH_CID" 0 2 1792, +C4<00000000000000000000000000000001>;
P_0x5bc1f0845bc0 .param/l "WIDTH_DA" 0 2 1795, +C4<00000000000000000000000000100000>;
P_0x5bc1f0845c00 .param/l "WIDTH_DS" 0 2 1796, +C4<00000000000000000000000000000100>;
P_0x5bc1f0845c40 .param/l "WIDTH_ID" 0 2 1793, +C4<00000000000000000000000000000100>;
P_0x5bc1f0845c80 .param/l "WIDTH_SID" 0 2 1797, +C4<000000000000000000000000000000101>;
L_0x5bc1f08681b0 .functor BUFZ 2, v0x5bc1f084f8e0_0, C4<00>, C4<00>, C4<00>;
L_0x5bc1f088f310 .functor BUFZ 2, v0x5bc1f084f330_0, C4<00>, C4<00>, C4<00>;
L_0x5bc1f0893710 .functor AND 1, L_0x5bc1f0893ca0, v0x5bc1f0781280_0, C4<1>, C4<1>;
L_0x5bc1f0893e70 .functor AND 1, L_0x5bc1f0893dd0, v0x5bc1f0781280_0, C4<1>, C4<1>;
L_0x5bc1f0894020 .functor AND 1, L_0x5bc1f0893ee0, v0x5bc1f0751f00_0, C4<1>, C4<1>;
L_0x5bc1f0894130 .functor AND 1, L_0x5bc1f0894090, v0x5bc1f0751f00_0, C4<1>, C4<1>;
L_0x5bc1f0894450 .functor AND 1, L_0x5bc1f0894300, v0x5bc1f0783620_0, C4<1>, C4<1>;
L_0x5bc1f0894550 .functor AND 1, L_0x5bc1f0893f80, v0x5bc1f0783620_0, C4<1>, C4<1>;
v0x5bc1f084ef40_0 .net "ACLK", 0 0, o0x7eb6514bc3d8;  alias, 0 drivers
v0x5bc1f084f000_0 .net "ARESETn", 0 0, o0x7eb6514bc6d8;  alias, 0 drivers
v0x5bc1f084f0c0_0 .net "ARGRANT", 1 0, L_0x5bc1f0890950;  1 drivers
v0x5bc1f084f1c0_0 .net "ARLOCK_ALL", 1 0, L_0x5bc1f088fae0;  1 drivers
v0x5bc1f084f290_0 .net "ARREADY_ALL", 1 0, L_0x5bc1f0872d60;  1 drivers
v0x5bc1f084f330_0 .var "ARSELECT", 1 0;
v0x5bc1f084f400_0 .net "ARSELECT_IN", 1 0, L_0x5bc1f0872260;  alias, 1 drivers
v0x5bc1f084f4a0_0 .net "ARSELECT_OUT", 1 0, L_0x5bc1f088f310;  1 drivers
v0x5bc1f084f580_0 .net "ARVALID_ALL", 1 0, L_0x5bc1f0872ba0;  1 drivers
v0x5bc1f084f670_0 .net "AWGRANT", 1 0, L_0x5bc1f0891800;  1 drivers
v0x5bc1f084f740_0 .net "AWLOCK_ALL", 1 0, L_0x5bc1f088f5b0;  1 drivers
v0x5bc1f084f810_0 .net "AWREADY_ALL", 1 0, L_0x5bc1f088f4c0;  1 drivers
v0x5bc1f084f8e0_0 .var "AWSELECT", 1 0;
v0x5bc1f084f9b0_0 .net "AWSELECT_IN", 1 0, L_0x5bc1f0871c80;  alias, 1 drivers
v0x5bc1f084fa70_0 .net "AWSELECT_OUT", 1 0, L_0x5bc1f08681b0;  1 drivers
v0x5bc1f084fb50_0 .net "AWVALID_ALL", 1 0, L_0x5bc1f088f3d0;  1 drivers
v0x5bc1f084fc40_0 .net "M0_ARADDR", 31 0, o0x7eb6514c1a48;  alias, 0 drivers
v0x5bc1f084fce0_0 .net "M0_ARBURST", 1 0, o0x7eb6514c1a78;  alias, 0 drivers
v0x5bc1f084fda0_0 .net "M0_ARID", 3 0, o0x7eb6514c1aa8;  alias, 0 drivers
v0x5bc1f084fe60_0 .net "M0_ARLEN", 7 0, o0x7eb6514c1ad8;  alias, 0 drivers
v0x5bc1f084ff70_0 .net "M0_ARLOCK", 0 0, o0x7eb6514c1b08;  alias, 0 drivers
v0x5bc1f0850060_0 .net "M0_ARREADY", 0 0, L_0x5bc1f0894450;  alias, 1 drivers
v0x5bc1f0850120_0 .net "M0_ARSIZE", 2 0, o0x7eb6514c1b68;  alias, 0 drivers
v0x5bc1f0850230_0 .net "M0_ARVALID", 0 0, o0x7eb6514c1b98;  alias, 0 drivers
v0x5bc1f0850320_0 .net "M0_AWADDR", 31 0, o0x7eb6514c1bc8;  alias, 0 drivers
v0x5bc1f0850430_0 .net "M0_AWBURST", 1 0, o0x7eb6514c1bf8;  alias, 0 drivers
v0x5bc1f0850540_0 .net "M0_AWID", 3 0, o0x7eb6514bca68;  alias, 0 drivers
v0x5bc1f0850600_0 .net "M0_AWLEN", 7 0, o0x7eb6514bca98;  alias, 0 drivers
v0x5bc1f08506c0_0 .net "M0_AWLOCK", 0 0, o0x7eb6514c1c28;  alias, 0 drivers
v0x5bc1f08507b0_0 .net "M0_AWREADY", 0 0, L_0x5bc1f0893710;  alias, 1 drivers
v0x5bc1f0850870_0 .net "M0_AWSIZE", 2 0, o0x7eb6514c1c88;  alias, 0 drivers
v0x5bc1f0850980_0 .net "M0_AWVALID", 0 0, o0x7eb6514bcaf8;  alias, 0 drivers
v0x5bc1f0850a20_0 .net "M0_MID", 0 0, L_0x7eb6511b7018;  alias, 1 drivers
v0x5bc1f0850ae0_0 .net "M0_WDATA", 31 0, o0x7eb6514c1cb8;  alias, 0 drivers
v0x5bc1f0850bf0_0 .net "M0_WID", 3 0, L_0x5bc1f089ea10;  alias, 1 drivers
v0x5bc1f0850cb0_0 .net "M0_WLAST", 0 0, o0x7eb6514bcb58;  alias, 0 drivers
v0x5bc1f0850d50_0 .net "M0_WREADY", 0 0, L_0x5bc1f0894020;  alias, 1 drivers
v0x5bc1f0850e10_0 .net "M0_WSTRB", 3 0, o0x7eb6514c1d18;  alias, 0 drivers
v0x5bc1f0850f20_0 .net "M0_WVALID", 0 0, o0x7eb6514bcbb8;  alias, 0 drivers
v0x5bc1f0850fc0_0 .net "M1_ARADDR", 31 0, o0x7eb6514c1d48;  alias, 0 drivers
v0x5bc1f08510d0_0 .net "M1_ARBURST", 1 0, o0x7eb6514c1d78;  alias, 0 drivers
v0x5bc1f08511e0_0 .net "M1_ARID", 3 0, o0x7eb6514c1da8;  alias, 0 drivers
v0x5bc1f08512f0_0 .net "M1_ARLEN", 7 0, o0x7eb6514c1dd8;  alias, 0 drivers
v0x5bc1f0851400_0 .net "M1_ARLOCK", 0 0, o0x7eb6514c1e08;  alias, 0 drivers
v0x5bc1f08514f0_0 .net "M1_ARREADY", 0 0, L_0x5bc1f0894550;  alias, 1 drivers
v0x5bc1f08515b0_0 .net "M1_ARSIZE", 2 0, o0x7eb6514c1e68;  alias, 0 drivers
v0x5bc1f08516c0_0 .net "M1_ARVALID", 0 0, o0x7eb6514c1e98;  alias, 0 drivers
v0x5bc1f08517b0_0 .net "M1_AWADDR", 31 0, o0x7eb6514c1ec8;  alias, 0 drivers
v0x5bc1f08518c0_0 .net "M1_AWBURST", 1 0, o0x7eb6514c1ef8;  alias, 0 drivers
v0x5bc1f08519d0_0 .net "M1_AWID", 3 0, o0x7eb6514be298;  alias, 0 drivers
v0x5bc1f0851a90_0 .net "M1_AWLEN", 7 0, o0x7eb6514be2c8;  alias, 0 drivers
v0x5bc1f0851b50_0 .net "M1_AWLOCK", 0 0, o0x7eb6514c1f28;  alias, 0 drivers
v0x5bc1f0851c40_0 .net "M1_AWREADY", 0 0, L_0x5bc1f0893e70;  alias, 1 drivers
v0x5bc1f0851d00_0 .net "M1_AWSIZE", 2 0, o0x7eb6514c1f88;  alias, 0 drivers
v0x5bc1f0851e10_0 .net "M1_AWVALID", 0 0, o0x7eb6514be328;  alias, 0 drivers
v0x5bc1f0851eb0_0 .net "M1_MID", 0 0, L_0x7eb6511b7060;  alias, 1 drivers
v0x5bc1f0851f70_0 .net "M1_WDATA", 31 0, o0x7eb6514c1fb8;  alias, 0 drivers
v0x5bc1f0852080_0 .net "M1_WID", 3 0, L_0x5bc1f08a2ee0;  alias, 1 drivers
v0x5bc1f0852140_0 .net "M1_WLAST", 0 0, o0x7eb6514be388;  alias, 0 drivers
v0x5bc1f08521e0_0 .net "M1_WREADY", 0 0, L_0x5bc1f0894130;  alias, 1 drivers
v0x5bc1f08522a0_0 .net "M1_WSTRB", 3 0, o0x7eb6514c2018;  alias, 0 drivers
v0x5bc1f08523b0_0 .net "M1_WVALID", 0 0, o0x7eb6514be3e8;  alias, 0 drivers
v0x5bc1f0852450_0 .var "S_ARADDR", 31 0;
v0x5bc1f0852510_0 .var "S_ARBURST", 1 0;
v0x5bc1f08525b0_0 .var "S_ARID", 4 0;
v0x5bc1f0852a60_0 .var "S_ARLEN", 7 0;
v0x5bc1f0852b00_0 .var "S_ARLOCK", 0 0;
v0x5bc1f0852ba0_0 .net "S_ARREADY", 0 0, v0x5bc1f0783620_0;  alias, 1 drivers
v0x5bc1f0852c40_0 .var "S_ARSIZE", 2 0;
v0x5bc1f0852ce0_0 .var "S_ARVALID", 0 0;
v0x5bc1f0852d80_0 .var "S_AWADDR", 31 0;
v0x5bc1f0852e20_0 .var "S_AWBURST", 1 0;
v0x5bc1f0852ec0_0 .var "S_AWID", 4 0;
v0x5bc1f0852f60_0 .var "S_AWLEN", 7 0;
v0x5bc1f0853000_0 .var "S_AWLOCK", 0 0;
v0x5bc1f08530a0_0 .net "S_AWREADY", 0 0, v0x5bc1f0781280_0;  alias, 1 drivers
v0x5bc1f0853140_0 .var "S_AWSIZE", 2 0;
v0x5bc1f08531e0_0 .var "S_AWVALID", 0 0;
v0x5bc1f0853280_0 .var "S_WDATA", 31 0;
v0x5bc1f0853320_0 .var "S_WID", 4 0;
v0x5bc1f08533c0_0 .var "S_WLAST", 0 0;
v0x5bc1f0853460_0 .net "S_WREADY", 0 0, v0x5bc1f0751f00_0;  alias, 1 drivers
v0x5bc1f0853500_0 .var "S_WSTRB", 3 0;
v0x5bc1f08535a0_0 .var "S_WVALID", 0 0;
v0x5bc1f0853640_0 .net "WGRANT", 1 0, v0x5bc1f084b730_0;  1 drivers
v0x5bc1f08536e0_0 .net "WLAST_ALL", 1 0, L_0x5bc1f088ff30;  1 drivers
v0x5bc1f0853780_0 .net "WREADY_ALL", 1 0, L_0x5bc1f088fdf0;  1 drivers
v0x5bc1f0853820_0 .net "WVALID_ALL", 1 0, L_0x5bc1f0872fc0;  1 drivers
v0x5bc1f08538c0_0 .net *"_ivl_35", 0 0, L_0x5bc1f0893ca0;  1 drivers
v0x5bc1f0853960_0 .net *"_ivl_39", 0 0, L_0x5bc1f0893dd0;  1 drivers
v0x5bc1f0853a00_0 .net *"_ivl_43", 0 0, L_0x5bc1f0893ee0;  1 drivers
v0x5bc1f0853aa0_0 .net *"_ivl_47", 0 0, L_0x5bc1f0894090;  1 drivers
v0x5bc1f0853b40_0 .net *"_ivl_51", 0 0, L_0x5bc1f0894300;  1 drivers
v0x5bc1f0853be0_0 .net *"_ivl_55", 0 0, L_0x5bc1f0893f80;  1 drivers
v0x5bc1f0853cc0 .array "bus_ar", 1 0;
v0x5bc1f0853cc0_0 .net v0x5bc1f0853cc0 0, 51 0, L_0x5bc1f0894aa0; 1 drivers
v0x5bc1f0853cc0_1 .net v0x5bc1f0853cc0 1, 51 0, L_0x5bc1f0894c20; 1 drivers
v0x5bc1f0853de0 .array "bus_aw", 1 0;
v0x5bc1f0853de0_0 .net v0x5bc1f0853de0 0, 51 0, L_0x5bc1f0894730; 1 drivers
v0x5bc1f0853de0_1 .net v0x5bc1f0853de0 1, 51 0, L_0x5bc1f0894890; 1 drivers
v0x5bc1f0853f00 .array "bus_w", 1 0;
v0x5bc1f0853f00_0 .net v0x5bc1f0853f00 0, 42 0, L_0x5bc1f0894930; 1 drivers
v0x5bc1f0853f00_1 .net v0x5bc1f0853f00 1, 42 0, L_0x5bc1f08947d0; 1 drivers
E_0x5bc1f0846bf0 .event anyedge, v0x5bc1f0853cc0_1, v0x5bc1f0853cc0_0, v0x5bc1f084a9b0_0;
E_0x5bc1f0846c50 .event anyedge, v0x5bc1f0853f00_1, v0x5bc1f0853f00_0, v0x5bc1f084b730_0;
E_0x5bc1f0846cb0 .event anyedge, v0x5bc1f0853de0_1, v0x5bc1f0853de0_0, v0x5bc1f084af90_0;
E_0x5bc1f0846d10/0 .event anyedge, v0x5bc1f084f9b0_0, v0x5bc1f07a3fc0_0, v0x5bc1f077fa50_0, v0x5bc1f084f400_0;
E_0x5bc1f0846d10/1 .event anyedge, v0x5bc1f08328c0_0, v0x5bc1f0831630_0;
E_0x5bc1f0846d10 .event/or E_0x5bc1f0846d10/0, E_0x5bc1f0846d10/1;
L_0x5bc1f088f3d0 .concat [ 1 1 0 0], o0x7eb6514bcaf8, o0x7eb6514be328;
L_0x5bc1f088f4c0 .concat [ 1 1 0 0], L_0x5bc1f0893710, L_0x5bc1f0893e70;
L_0x5bc1f088f5b0 .concat [ 1 1 0 0], o0x7eb6514c1c28, o0x7eb6514c1f28;
L_0x5bc1f0872ba0 .concat [ 1 1 0 0], o0x7eb6514c1b98, o0x7eb6514c1e98;
L_0x5bc1f0872d60 .concat [ 1 1 0 0], L_0x5bc1f0894450, L_0x5bc1f0894550;
L_0x5bc1f088fae0 .concat [ 1 1 0 0], o0x7eb6514c1b08, o0x7eb6514c1e08;
L_0x5bc1f0872fc0 .concat [ 1 1 0 0], o0x7eb6514bcbb8, o0x7eb6514be3e8;
L_0x5bc1f088fdf0 .concat [ 1 1 0 0], L_0x5bc1f0894020, L_0x5bc1f0894130;
L_0x5bc1f088ff30 .concat [ 1 1 0 0], o0x7eb6514bcb58, o0x7eb6514be388;
L_0x5bc1f0892fa0 .concat [ 4 1 0 0], o0x7eb6514bca68, L_0x7eb6511b7018;
L_0x5bc1f08935d0 .concat [ 4 1 0 0], o0x7eb6514be298, L_0x7eb6511b7060;
L_0x5bc1f0893670 .concat [ 4 1 0 0], L_0x5bc1f089ea10, L_0x7eb6511b7018;
L_0x5bc1f0893780 .concat [ 4 1 0 0], L_0x5bc1f08a2ee0, L_0x7eb6511b7060;
L_0x5bc1f0893820 .concat [ 4 1 0 0], o0x7eb6514c1aa8, L_0x7eb6511b7018;
L_0x5bc1f0893aa0 .concat [ 4 1 0 0], o0x7eb6514c1da8, L_0x7eb6511b7060;
L_0x5bc1f0893ca0 .part L_0x5bc1f0891800, 0, 1;
L_0x5bc1f0893dd0 .part L_0x5bc1f0891800, 1, 1;
L_0x5bc1f0893ee0 .part v0x5bc1f084b730_0, 0, 1;
L_0x5bc1f0894090 .part v0x5bc1f084b730_0, 1, 1;
L_0x5bc1f0894300 .part L_0x5bc1f0890950, 0, 1;
L_0x5bc1f0893f80 .part L_0x5bc1f0890950, 1, 1;
LS_0x5bc1f0894730_0_0 .concat [ 1 2 3 1], o0x7eb6514bcaf8, o0x7eb6514c1bf8, o0x7eb6514c1c88, o0x7eb6514c1c28;
LS_0x5bc1f0894730_0_4 .concat [ 8 32 4 1], o0x7eb6514bca98, o0x7eb6514c1bc8, o0x7eb6514bca68, L_0x7eb6511b7018;
L_0x5bc1f0894730 .concat [ 7 45 0 0], LS_0x5bc1f0894730_0_0, LS_0x5bc1f0894730_0_4;
LS_0x5bc1f0894890_0_0 .concat [ 1 2 3 1], o0x7eb6514be328, o0x7eb6514c1ef8, o0x7eb6514c1f88, o0x7eb6514c1f28;
LS_0x5bc1f0894890_0_4 .concat [ 8 32 4 1], o0x7eb6514be2c8, o0x7eb6514c1ec8, o0x7eb6514be298, L_0x7eb6511b7060;
L_0x5bc1f0894890 .concat [ 7 45 0 0], LS_0x5bc1f0894890_0_0, LS_0x5bc1f0894890_0_4;
LS_0x5bc1f0894930_0_0 .concat [ 1 1 4 32], o0x7eb6514bcbb8, o0x7eb6514bcb58, o0x7eb6514c1d18, o0x7eb6514c1cb8;
LS_0x5bc1f0894930_0_4 .concat [ 4 1 0 0], L_0x5bc1f089ea10, L_0x7eb6511b7018;
L_0x5bc1f0894930 .concat [ 38 5 0 0], LS_0x5bc1f0894930_0_0, LS_0x5bc1f0894930_0_4;
LS_0x5bc1f08947d0_0_0 .concat [ 1 1 4 32], o0x7eb6514be3e8, o0x7eb6514be388, o0x7eb6514c2018, o0x7eb6514c1fb8;
LS_0x5bc1f08947d0_0_4 .concat [ 4 1 0 0], L_0x5bc1f08a2ee0, L_0x7eb6511b7060;
L_0x5bc1f08947d0 .concat [ 38 5 0 0], LS_0x5bc1f08947d0_0_0, LS_0x5bc1f08947d0_0_4;
LS_0x5bc1f0894aa0_0_0 .concat [ 1 2 3 1], o0x7eb6514c1b98, o0x7eb6514c1a78, o0x7eb6514c1b68, o0x7eb6514c1b08;
LS_0x5bc1f0894aa0_0_4 .concat [ 8 32 4 1], o0x7eb6514c1ad8, o0x7eb6514c1a48, o0x7eb6514c1aa8, L_0x7eb6511b7018;
L_0x5bc1f0894aa0 .concat [ 7 45 0 0], LS_0x5bc1f0894aa0_0_0, LS_0x5bc1f0894aa0_0_4;
LS_0x5bc1f0894c20_0_0 .concat [ 1 2 3 1], o0x7eb6514c1e98, o0x7eb6514c1d78, o0x7eb6514c1e68, o0x7eb6514c1e08;
LS_0x5bc1f0894c20_0_4 .concat [ 8 32 4 1], o0x7eb6514c1dd8, o0x7eb6514c1d48, o0x7eb6514c1da8, L_0x7eb6511b7060;
L_0x5bc1f0894c20 .concat [ 7 45 0 0], LS_0x5bc1f0894c20_0_0, LS_0x5bc1f0894c20_0_4;
S_0x5bc1f0846dc0 .scope module, "u_axi_arbiter_mtos_m2" "axi_arbiter_mtos_m2" 2 2013, 2 1252 0, S_0x5bc1f0845720;
 .timescale 0 0;
    .port_info 0 /INPUT 1 "ARESETn";
    .port_info 1 /INPUT 1 "ACLK";
    .port_info 2 /INPUT 2 "AWSELECT";
    .port_info 3 /INPUT 2 "AWVALID";
    .port_info 4 /INPUT 2 "AWREADY";
    .port_info 5 /INPUT 2 "AWLOCK";
    .port_info 6 /OUTPUT 2 "AWGRANT";
    .port_info 7 /INPUT 5 "AWSID0";
    .port_info 8 /INPUT 5 "AWSID1";
    .port_info 9 /INPUT 2 "WVALID";
    .port_info 10 /INPUT 2 "WLAST";
    .port_info 11 /INPUT 2 "WREADY";
    .port_info 12 /OUTPUT 2 "WGRANT";
    .port_info 13 /INPUT 5 "WSID0";
    .port_info 14 /INPUT 5 "WSID1";
    .port_info 15 /INPUT 2 "ARSELECT";
    .port_info 16 /INPUT 2 "ARVALID";
    .port_info 17 /INPUT 2 "ARLOCK";
    .port_info 18 /INPUT 2 "ARREADY";
    .port_info 19 /OUTPUT 2 "ARGRANT";
    .port_info 20 /INPUT 5 "ARSID0";
    .port_info 21 /INPUT 5 "ARSID1";
    .port_info 22 /INPUT 1 "MID0";
    .port_info 23 /INPUT 1 "MID1";
P_0x5bc1f0846fa0 .param/l "NUM" 0 2 1256, +C4<00000000000000000000000000000010>;
P_0x5bc1f0846fe0 .param/l "STAR_LOCK" 1 2 1304, C4<00000000000000000000000000000010>;
P_0x5bc1f0847020 .param/l "STAR_RUN" 1 2 1302, C4<00000000000000000000000000000000>;
P_0x5bc1f0847060 .param/l "STAR_WAIT" 1 2 1303, C4<00000000000000000000000000000001>;
P_0x5bc1f08470a0 .param/l "STAW_LOCK" 1 2 1368, C4<00000000000000000000000000000010>;
P_0x5bc1f08470e0 .param/l "STAW_RUN" 1 2 1366, C4<00000000000000000000000000000000>;
P_0x5bc1f0847120 .param/l "STAW_WAIT" 1 2 1367, C4<00000000000000000000000000000001>;
P_0x5bc1f0847160 .param/l "WIDTH_CID" 0 2 1253, +C4<00000000000000000000000000000001>;
P_0x5bc1f08471a0 .param/l "WIDTH_ID" 0 2 1254, +C4<00000000000000000000000000000100>;
P_0x5bc1f08471e0 .param/l "WIDTH_SID" 0 2 1255, +C4<000000000000000000000000000000101>;
L_0x5bc1f0890200 .functor AND 5, L_0x5bc1f0890110, L_0x5bc1f0893820, C4<11111>, C4<11111>;
L_0x5bc1f0890400 .functor AND 5, L_0x5bc1f0890310, L_0x5bc1f0893aa0, C4<11111>, C4<11111>;
L_0x5bc1f0890470 .functor OR 5, L_0x5bc1f0890200, L_0x5bc1f0890400, C4<00000>, C4<00000>;
L_0x5bc1f08907f0 .functor AND 2, v0x5bc1f084f330_0, L_0x5bc1f0872ba0, C4<11>, C4<11>;
L_0x7eb6511b7ac8 .functor BUFT 1, C4<1>, C4<0>, C4<0>, C4<0>;
L_0x5bc1f0890b80 .functor XNOR 1, L_0x5bc1f0890a90, L_0x7eb6511b7ac8, C4<0>, C4<0>;
L_0x7eb6511b7b10 .functor BUFT 1, C4<1>, C4<0>, C4<0>, C4<0>;
L_0x5bc1f0890d30 .functor XNOR 1, L_0x5bc1f0890c90, L_0x7eb6511b7b10, C4<0>, C4<0>;
L_0x5bc1f0891170 .functor AND 2, L_0x5bc1f0891800, L_0x5bc1f088f4c0, C4<11>, C4<11>;
L_0x5bc1f0891010 .functor NOT 1, v0x5bc1f084e790_0, C4<0>, C4<0>, C4<0>;
L_0x5bc1f0891550 .functor AND 1, L_0x5bc1f08913c0, L_0x5bc1f0891010, C4<1>, C4<1>;
L_0x5bc1f0891660 .functor AND 2, v0x5bc1f084f8e0_0, L_0x5bc1f088f3d0, C4<11>, C4<11>;
L_0x5bc1f0892df0 .functor AND 2, v0x5bc1f084b730_0, L_0x5bc1f0872fc0, C4<11>, C4<11>;
L_0x5bc1f08930e0 .functor AND 2, v0x5bc1f084b730_0, L_0x5bc1f088ff30, C4<11>, C4<11>;
L_0x5bc1f0893360 .functor AND 1, L_0x5bc1f0891eb0, L_0x5bc1f0892eb0, C4<1>, C4<1>;
L_0x5bc1f08933d0 .functor AND 1, L_0x5bc1f0893360, L_0x5bc1f0893040, C4<1>, C4<1>;
L_0x5bc1f0893150 .functor AND 1, L_0x5bc1f08933d0, L_0x5bc1f08931c0, C4<1>, C4<1>;
v0x5bc1f084a830_0 .net "ACLK", 0 0, o0x7eb6514bc3d8;  alias, 0 drivers
v0x5bc1f084a8f0_0 .net "ARESETn", 0 0, o0x7eb6514bc6d8;  alias, 0 drivers
v0x5bc1f084a9b0_0 .net "ARGRANT", 1 0, L_0x5bc1f0890950;  alias, 1 drivers
v0x5bc1f084aa50_0 .net "ARLOCK", 1 0, L_0x5bc1f088fae0;  alias, 1 drivers
v0x5bc1f084ab30_0 .net "ARREADY", 1 0, L_0x5bc1f0872d60;  alias, 1 drivers
v0x5bc1f084ac10_0 .net "ARSELECT", 1 0, v0x5bc1f084f330_0;  1 drivers
v0x5bc1f084acf0_0 .net "ARSID0", 4 0, L_0x5bc1f0893820;  1 drivers
v0x5bc1f084add0_0 .net "ARSID1", 4 0, L_0x5bc1f0893aa0;  1 drivers
v0x5bc1f084aeb0_0 .net "ARVALID", 1 0, L_0x5bc1f0872ba0;  alias, 1 drivers
v0x5bc1f084af90_0 .net "AWGRANT", 1 0, L_0x5bc1f0891800;  alias, 1 drivers
v0x5bc1f084b070_0 .net "AWLOCK", 1 0, L_0x5bc1f088f5b0;  alias, 1 drivers
v0x5bc1f084b150_0 .net "AWREADY", 1 0, L_0x5bc1f088f4c0;  alias, 1 drivers
v0x5bc1f084b230_0 .net "AWSELECT", 1 0, v0x5bc1f084f8e0_0;  1 drivers
v0x5bc1f084b310_0 .net "AWSID0", 4 0, L_0x5bc1f0892fa0;  1 drivers
v0x5bc1f084b3f0_0 .net "AWSID1", 4 0, L_0x5bc1f08935d0;  1 drivers
v0x5bc1f084b4d0_0 .net "AWVALID", 1 0, L_0x5bc1f088f3d0;  alias, 1 drivers
v0x5bc1f084b5b0_0 .net "MID0", 0 0, L_0x7eb6511b7018;  alias, 1 drivers
v0x5bc1f084b670_0 .net "MID1", 0 0, L_0x7eb6511b7060;  alias, 1 drivers
v0x5bc1f084b730_0 .var "WGRANT", 1 0;
v0x5bc1f084b810_0 .net "WLAST", 1 0, L_0x5bc1f088ff30;  alias, 1 drivers
v0x5bc1f084b8f0_0 .net "WREADY", 1 0, L_0x5bc1f088fdf0;  alias, 1 drivers
v0x5bc1f084b9d0_0 .net "WSID0", 4 0, L_0x5bc1f0893670;  1 drivers
v0x5bc1f084bab0_0 .net "WSID1", 4 0, L_0x5bc1f0893780;  1 drivers
v0x5bc1f084bb90_0 .net "WVALID", 1 0, L_0x5bc1f0872fc0;  alias, 1 drivers
v0x5bc1f084bc70_0 .net *"_ivl_1", 0 0, L_0x5bc1f0890020;  1 drivers
v0x5bc1f084bd50_0 .net *"_ivl_10", 4 0, L_0x5bc1f0890400;  1 drivers
v0x5bc1f084be30_0 .net *"_ivl_14", 31 0, L_0x5bc1f0890580;  1 drivers
L_0x7eb6511b7a38 .functor BUFT 1, C4<000000000000000000000000000000>, C4<0>, C4<0>, C4<0>;
v0x5bc1f084bf10_0 .net *"_ivl_17", 29 0, L_0x7eb6511b7a38;  1 drivers
L_0x7eb6511b7a80 .functor BUFT 1, C4<00000000000000000000000000000000>, C4<0>, C4<0>, C4<0>;
v0x5bc1f084bff0_0 .net/2u *"_ivl_18", 31 0, L_0x7eb6511b7a80;  1 drivers
v0x5bc1f084c0d0_0 .net *"_ivl_2", 4 0, L_0x5bc1f0890110;  1 drivers
v0x5bc1f084c1b0_0 .net *"_ivl_20", 0 0, L_0x5bc1f0890670;  1 drivers
v0x5bc1f084c270_0 .net *"_ivl_22", 1 0, L_0x5bc1f08907f0;  1 drivers
v0x5bc1f084c350_0 .net *"_ivl_25", 1 0, L_0x5bc1f0890860;  1 drivers
v0x5bc1f084c640_0 .net *"_ivl_29", 0 0, L_0x5bc1f0890a90;  1 drivers
v0x5bc1f084c720_0 .net/2u *"_ivl_30", 0 0, L_0x7eb6511b7ac8;  1 drivers
v0x5bc1f084c800_0 .net *"_ivl_32", 0 0, L_0x5bc1f0890b80;  1 drivers
v0x5bc1f084c8c0_0 .net *"_ivl_35", 0 0, L_0x5bc1f0890c90;  1 drivers
v0x5bc1f084c9a0_0 .net/2u *"_ivl_36", 0 0, L_0x7eb6511b7b10;  1 drivers
v0x5bc1f084ca80_0 .net *"_ivl_38", 0 0, L_0x5bc1f0890d30;  1 drivers
v0x5bc1f084cb40_0 .net *"_ivl_4", 4 0, L_0x5bc1f0890200;  1 drivers
L_0x7eb6511b7b58 .functor BUFT 1, C4<00000>, C4<0>, C4<0>, C4<0>;
v0x5bc1f084cc20_0 .net/2u *"_ivl_40", 4 0, L_0x7eb6511b7b58;  1 drivers
v0x5bc1f084cd00_0 .net *"_ivl_42", 4 0, L_0x5bc1f0890e30;  1 drivers
v0x5bc1f084cde0_0 .net *"_ivl_46", 1 0, L_0x5bc1f0891170;  1 drivers
v0x5bc1f084cec0_0 .net *"_ivl_50", 31 0, L_0x5bc1f08912d0;  1 drivers
L_0x7eb6511b7ba0 .functor BUFT 1, C4<000000000000000000000000000000>, C4<0>, C4<0>, C4<0>;
v0x5bc1f084cfa0_0 .net *"_ivl_53", 29 0, L_0x7eb6511b7ba0;  1 drivers
L_0x7eb6511b7be8 .functor BUFT 1, C4<00000000000000000000000000000000>, C4<0>, C4<0>, C4<0>;
v0x5bc1f084d080_0 .net/2u *"_ivl_54", 31 0, L_0x7eb6511b7be8;  1 drivers
v0x5bc1f084d160_0 .net *"_ivl_56", 0 0, L_0x5bc1f08913c0;  1 drivers
v0x5bc1f084d220_0 .net *"_ivl_58", 0 0, L_0x5bc1f0891010;  1 drivers
v0x5bc1f084d300_0 .net *"_ivl_60", 0 0, L_0x5bc1f0891550;  1 drivers
v0x5bc1f084d3e0_0 .net *"_ivl_62", 1 0, L_0x5bc1f0891660;  1 drivers
v0x5bc1f084d4c0_0 .net *"_ivl_65", 1 0, L_0x5bc1f08916d0;  1 drivers
v0x5bc1f084d5a0_0 .net *"_ivl_7", 0 0, L_0x5bc1f0890270;  1 drivers
v0x5bc1f084d680_0 .net *"_ivl_70", 1 0, L_0x5bc1f0892df0;  1 drivers
v0x5bc1f084d760_0 .net *"_ivl_76", 1 0, L_0x5bc1f08930e0;  1 drivers
v0x5bc1f084d840_0 .net *"_ivl_8", 4 0, L_0x5bc1f0890310;  1 drivers
v0x5bc1f084d920_0 .net *"_ivl_80", 0 0, L_0x5bc1f0893360;  1 drivers
v0x5bc1f084da00_0 .net *"_ivl_82", 0 0, L_0x5bc1f08933d0;  1 drivers
v0x5bc1f084dae0_0 .net "active_wlast", 0 0, L_0x5bc1f08931c0;  1 drivers
v0x5bc1f084dba0_0 .net "active_wready", 0 0, L_0x5bc1f0893040;  1 drivers
v0x5bc1f084dc60_0 .net "active_wvalid", 0 0, L_0x5bc1f0892eb0;  1 drivers
v0x5bc1f084dd20_0 .var "argrant_reg", 1 0;
v0x5bc1f084de00_0 .var "awgrant_reg", 1 0;
v0x5bc1f084dee0_0 .net "fifo_pop_dout", 4 0, L_0x5bc1f08927c0;  1 drivers
v0x5bc1f084dfa0_0 .net "fifo_pop_ready", 0 0, L_0x5bc1f0893150;  1 drivers
v0x5bc1f084e070_0 .net "fifo_pop_valid", 0 0, L_0x5bc1f0891eb0;  1 drivers
v0x5bc1f084e550_0 .net "fifo_push_din", 4 0, L_0x5bc1f0890f70;  1 drivers
v0x5bc1f084e620_0 .net "fifo_push_valid", 0 0, L_0x5bc1f08911e0;  1 drivers
v0x5bc1f084e6f0_0 .net "granted_arsid", 4 0, L_0x5bc1f0890470;  1 drivers
v0x5bc1f084e790_0 .var "locked", 0 0;
v0x5bc1f084e830_0 .var "locksid", 4 0;
v0x5bc1f084e8f0_0 .var "stateAR", 1 0;
v0x5bc1f084e9d0_0 .var "stateAW", 1 0;
v0x5bc1f084eab0_0 .var "unlock", 0 0;
E_0x5bc1f0847980 .event anyedge, v0x5bc1f084a0d0_0, v0x5bc1f0849f30_0, v0x5bc1f082c9c0_0, v0x5bc1f082caa0_0;
L_0x5bc1f0890020 .part L_0x5bc1f0890950, 0, 1;
LS_0x5bc1f0890110_0_0 .concat [ 1 1 1 1], L_0x5bc1f0890020, L_0x5bc1f0890020, L_0x5bc1f0890020, L_0x5bc1f0890020;
LS_0x5bc1f0890110_0_4 .concat [ 1 0 0 0], L_0x5bc1f0890020;
L_0x5bc1f0890110 .concat [ 4 1 0 0], LS_0x5bc1f0890110_0_0, LS_0x5bc1f0890110_0_4;
L_0x5bc1f0890270 .part L_0x5bc1f0890950, 1, 1;
LS_0x5bc1f0890310_0_0 .concat [ 1 1 1 1], L_0x5bc1f0890270, L_0x5bc1f0890270, L_0x5bc1f0890270, L_0x5bc1f0890270;
LS_0x5bc1f0890310_0_4 .concat [ 1 0 0 0], L_0x5bc1f0890270;
L_0x5bc1f0890310 .concat [ 4 1 0 0], LS_0x5bc1f0890310_0_0, LS_0x5bc1f0890310_0_4;
L_0x5bc1f0890580 .concat [ 2 30 0 0], v0x5bc1f084e8f0_0, L_0x7eb6511b7a38;
L_0x5bc1f0890670 .cmp/eq 32, L_0x5bc1f0890580, L_0x7eb6511b7a80;
L_0x5bc1f0890860 .ufunc/vec4 TD_amba_axi_m2s2.u_axi_mtos_sd.u_axi_arbiter_mtos_m2.priority_sel, 2, L_0x5bc1f08907f0 (v0x5bc1f0847c70_0) S_0x5bc1f0847a10;
L_0x5bc1f0890950 .functor MUXZ 2, v0x5bc1f084dd20_0, L_0x5bc1f0890860, L_0x5bc1f0890670, C4<>;
L_0x5bc1f0890a90 .part L_0x5bc1f0891800, 0, 1;
L_0x5bc1f0890c90 .part L_0x5bc1f0891800, 1, 1;
L_0x5bc1f0890e30 .functor MUXZ 5, L_0x7eb6511b7b58, L_0x5bc1f08935d0, L_0x5bc1f0890d30, C4<>;
L_0x5bc1f0890f70 .functor MUXZ 5, L_0x5bc1f0890e30, L_0x5bc1f0892fa0, L_0x5bc1f0890b80, C4<>;
L_0x5bc1f08911e0 .reduce/or L_0x5bc1f0891170;
L_0x5bc1f08912d0 .concat [ 2 30 0 0], v0x5bc1f084e9d0_0, L_0x7eb6511b7ba0;
L_0x5bc1f08913c0 .cmp/eq 32, L_0x5bc1f08912d0, L_0x7eb6511b7be8;
L_0x5bc1f08916d0 .ufunc/vec4 TD_amba_axi_m2s2.u_axi_mtos_sd.u_axi_arbiter_mtos_m2.priority_sel, 2, L_0x5bc1f0891660 (v0x5bc1f0847c70_0) S_0x5bc1f0847a10;
L_0x5bc1f0891800 .functor MUXZ 2, v0x5bc1f084de00_0, L_0x5bc1f08916d0, L_0x5bc1f0891550, C4<>;
L_0x5bc1f0892eb0 .reduce/or L_0x5bc1f0892df0;
L_0x5bc1f0893040 .reduce/or L_0x5bc1f088fdf0;
L_0x5bc1f08931c0 .reduce/or L_0x5bc1f08930e0;
S_0x5bc1f0847a10 .scope function.vec4.s2, "priority_sel" "priority_sel" 2 1506, 2 1506 0, S_0x5bc1f0846dc0;
 .timescale 0 0;
; Variable priority_sel is vec4 return value of scope S_0x5bc1f0847a10
v0x5bc1f0847c70_0 .var "request", 1 0;
TD_amba_axi_m2s2.u_axi_mtos_sd.u_axi_arbiter_mtos_m2.priority_sel ;
    %load/vec4 v0x5bc1f0847c70_0;
    %dup/vec4;
    %pushi/vec4 3, 2, 2;
    %cmp/x;
    %jmp/1 T_2.8, 4;
    %dup/vec4;
    %pushi/vec4 2, 0, 2;
    %cmp/x;
    %jmp/1 T_2.9, 4;
    %pushi/vec4 0, 0, 2;
    %ret/vec4 0, 0, 2;  Assign to priority_sel (store_vec4_to_lval)
    %jmp T_2.11;
T_2.8 ;
    %pushi/vec4 1, 0, 2;
    %ret/vec4 0, 0, 2;  Assign to priority_sel (store_vec4_to_lval)
    %jmp T_2.11;
T_2.9 ;
    %pushi/vec4 2, 0, 2;
    %ret/vec4 0, 0, 2;  Assign to priority_sel (store_vec4_to_lval)
    %jmp T_2.11;
T_2.11 ;
    %pop/vec4 1;
    %end;
S_0x5bc1f0847d50 .scope module, "u_axi_fifo_sync" "axi_fifo_sync" 2 1457, 2 1561 0, S_0x5bc1f0846dc0;
 .timescale 0 0;
    .port_info 0 /INPUT 1 "rstn";
    .port_info 1 /INPUT 1 "clr";
    .port_info 2 /INPUT 1 "clk";
    .port_info 3 /OUTPUT 1 "wr_rdy";
    .port_info 4 /INPUT 1 "wr_vld";
    .port_info 5 /INPUT 5 "wr_din";
    .port_info 6 /INPUT 1 "rd_rdy";
    .port_info 7 /OUTPUT 1 "rd_vld";
    .port_info 8 /OUTPUT 5 "rd_dout";
    .port_info 9 /OUTPUT 1 "full";
    .port_info 10 /OUTPUT 1 "empty";
    .port_info 11 /OUTPUT 1 "fullN";
    .port_info 12 /OUTPUT 1 "emptyN";
    .port_info 13 /OUTPUT 5 "item_cnt";
    .port_info 14 /OUTPUT 5 "room_cnt";
P_0x5bc1f083bea0 .param/l "FAW" 0 2 1563, +C4<00000000000000000000000000000100>;
P_0x5bc1f083bee0 .param/l "FDT" 1 2 1583, +C4<000000000000000000000000000000010000>;
P_0x5bc1f083bf20 .param/l "FDW" 0 2 1562, +C4<000000000000000000000000000000101>;
P_0x5bc1f083bf60 .param/l "FULN" 0 2 1564, +C4<00000000000000000000000000000100>;
L_0x5bc1f0891940 .functor AND 1, L_0x5bc1f0891eb0, L_0x5bc1f0893150, C4<1>, C4<1>;
L_0x5bc1f0891eb0 .functor NOT 1, L_0x5bc1f08920d0, C4<0>, C4<0>, C4<0>;
L_0x5bc1f0892060 .functor NOT 1, L_0x5bc1f0892350, C4<0>, C4<0>, C4<0>;
L_0x5bc1f08927c0 .functor BUFZ 5, L_0x5bc1f0892970, C4<00000>, C4<00000>, C4<00000>;
v0x5bc1f0848020 .array "Mem", 15 0, 4 0;
v0x5bc1f0848380_0 .net *"_ivl_0", 0 0, L_0x5bc1f0891940;  1 drivers
v0x5bc1f0848460_0 .net *"_ivl_10", 35 0, L_0x5bc1f0891d20;  1 drivers
L_0x7eb6511b7c78 .functor BUFT 1, C4<0000000000000000000000000000000>, C4<0>, C4<0>, C4<0>;
v0x5bc1f0848550_0 .net *"_ivl_13", 30 0, L_0x7eb6511b7c78;  1 drivers
v0x5bc1f0848630_0 .net *"_ivl_14", 35 0, L_0x5bc1f0891e10;  1 drivers
v0x5bc1f0848760_0 .net *"_ivl_24", 35 0, L_0x5bc1f0892210;  1 drivers
L_0x7eb6511b7cc0 .functor BUFT 1, C4<0000000000000000000000000000000>, C4<0>, C4<0>, C4<0>;
v0x5bc1f0848840_0 .net *"_ivl_27", 30 0, L_0x7eb6511b7cc0;  1 drivers
L_0x7eb6511b7d08 .functor BUFT 1, C4<000000000000000000000000000000010000>, C4<0>, C4<0>, C4<0>;
v0x5bc1f0848920_0 .net/2u *"_ivl_28", 35 0, L_0x7eb6511b7d08;  1 drivers
v0x5bc1f0848a00_0 .net *"_ivl_3", 3 0, L_0x5bc1f0891a50;  1 drivers
v0x5bc1f0848ae0_0 .net *"_ivl_32", 35 0, L_0x5bc1f08924e0;  1 drivers
L_0x7eb6511b7d50 .functor BUFT 1, C4<0000000000000000000000000000000>, C4<0>, C4<0>, C4<0>;
v0x5bc1f0848bc0_0 .net *"_ivl_35", 30 0, L_0x7eb6511b7d50;  1 drivers
L_0x7eb6511b7d98 .functor BUFT 1, C4<000000000000000000000000000000001100>, C4<0>, C4<0>, C4<0>;
v0x5bc1f0848ca0_0 .net/2u *"_ivl_36", 35 0, L_0x7eb6511b7d98;  1 drivers
v0x5bc1f0848d80_0 .net *"_ivl_40", 31 0, L_0x5bc1f0892720;  1 drivers
L_0x7eb6511b7de0 .functor BUFT 1, C4<000000000000000000000000000>, C4<0>, C4<0>, C4<0>;
v0x5bc1f0848e60_0 .net *"_ivl_43", 26 0, L_0x7eb6511b7de0;  1 drivers
L_0x7eb6511b7e28 .functor BUFT 1, C4<00000000000000000000000000000100>, C4<0>, C4<0>, C4<0>;
v0x5bc1f0848f40_0 .net/2u *"_ivl_44", 31 0, L_0x7eb6511b7e28;  1 drivers
v0x5bc1f0849020_0 .net *"_ivl_48", 4 0, L_0x5bc1f0892970;  1 drivers
v0x5bc1f0849100_0 .net *"_ivl_5", 3 0, L_0x5bc1f0891af0;  1 drivers
v0x5bc1f08492f0_0 .net *"_ivl_51", 3 0, L_0x5bc1f0892a90;  1 drivers
v0x5bc1f08493d0_0 .net *"_ivl_52", 5 0, L_0x5bc1f0892b30;  1 drivers
L_0x7eb6511b7e70 .functor BUFT 1, C4<00>, C4<0>, C4<0>, C4<0>;
v0x5bc1f08494b0_0 .net *"_ivl_55", 1 0, L_0x7eb6511b7e70;  1 drivers
L_0x7eb6511b7c30 .functor BUFT 1, C4<000000000000000000000000000000010000>, C4<0>, C4<0>, C4<0>;
v0x5bc1f0849590_0 .net/2u *"_ivl_8", 35 0, L_0x7eb6511b7c30;  1 drivers
v0x5bc1f0849670_0 .net "clk", 0 0, o0x7eb6514bc3d8;  alias, 0 drivers
L_0x7eb6511b7eb8 .functor BUFT 1, C4<0>, C4<0>, C4<0>, C4<0>;
v0x5bc1f0849710_0 .net "clr", 0 0, L_0x7eb6511b7eb8;  1 drivers
v0x5bc1f08497d0_0 .net "empty", 0 0, L_0x5bc1f08920d0;  1 drivers
v0x5bc1f0849890_0 .net "emptyN", 0 0, L_0x5bc1f0892830;  1 drivers
v0x5bc1f0849950_0 .var "fifo_head", 4 0;
v0x5bc1f0849a30_0 .var "fifo_tail", 4 0;
v0x5bc1f0849b10_0 .net "full", 0 0, L_0x5bc1f0892350;  1 drivers
v0x5bc1f0849bd0_0 .net "fullN", 0 0, L_0x5bc1f08925e0;  1 drivers
v0x5bc1f0849c90_0 .var "item_cnt", 4 0;
v0x5bc1f0849d70_0 .var "next_head", 4 0;
v0x5bc1f0849e50_0 .var "next_tail", 4 0;
v0x5bc1f0849f30_0 .net "rd_dout", 4 0, L_0x5bc1f08927c0;  alias, 1 drivers
v0x5bc1f084a010_0 .net "rd_rdy", 0 0, L_0x5bc1f0893150;  alias, 1 drivers
v0x5bc1f084a0d0_0 .net "rd_vld", 0 0, L_0x5bc1f0891eb0;  alias, 1 drivers
v0x5bc1f084a190_0 .net "read_addr", 3 0, L_0x5bc1f0891b90;  1 drivers
v0x5bc1f084a270_0 .net "room_cnt", 4 0, L_0x5bc1f0891fc0;  1 drivers
v0x5bc1f084a350_0 .net "rstn", 0 0, o0x7eb6514bc6d8;  alias, 0 drivers
v0x5bc1f084a3f0_0 .net "wr_din", 4 0, L_0x5bc1f0890f70;  alias, 1 drivers
v0x5bc1f084a4d0_0 .net "wr_rdy", 0 0, L_0x5bc1f0892060;  1 drivers
v0x5bc1f084a590_0 .net "wr_vld", 0 0, L_0x5bc1f08911e0;  alias, 1 drivers
L_0x5bc1f0891a50 .part v0x5bc1f0849d70_0, 0, 4;
L_0x5bc1f0891af0 .part v0x5bc1f0849950_0, 0, 4;
L_0x5bc1f0891b90 .functor MUXZ 4, L_0x5bc1f0891af0, L_0x5bc1f0891a50, L_0x5bc1f0891940, C4<>;
L_0x5bc1f0891d20 .concat [ 5 31 0 0], v0x5bc1f0849c90_0, L_0x7eb6511b7c78;
L_0x5bc1f0891e10 .arith/sub 36, L_0x7eb6511b7c30, L_0x5bc1f0891d20;
L_0x5bc1f0891fc0 .part L_0x5bc1f0891e10, 0, 5;
L_0x5bc1f08920d0 .cmp/eq 5, v0x5bc1f0849950_0, v0x5bc1f0849a30_0;
L_0x5bc1f0892210 .concat [ 5 31 0 0], v0x5bc1f0849c90_0, L_0x7eb6511b7cc0;
L_0x5bc1f0892350 .cmp/ge 36, L_0x5bc1f0892210, L_0x7eb6511b7d08;
L_0x5bc1f08924e0 .concat [ 5 31 0 0], v0x5bc1f0849c90_0, L_0x7eb6511b7d50;
L_0x5bc1f08925e0 .cmp/ge 36, L_0x5bc1f08924e0, L_0x7eb6511b7d98;
L_0x5bc1f0892720 .concat [ 5 27 0 0], v0x5bc1f0849c90_0, L_0x7eb6511b7de0;
L_0x5bc1f0892830 .cmp/ge 32, L_0x7eb6511b7e28, L_0x5bc1f0892720;
L_0x5bc1f0892970 .array/port v0x5bc1f0848020, L_0x5bc1f0892b30;
L_0x5bc1f0892a90 .part v0x5bc1f0849950_0, 0, 4;
L_0x5bc1f0892b30 .concat [ 4 2 0 0], L_0x5bc1f0892a90, L_0x7eb6511b7e70;
S_0x5bc1f0854bc0 .scope module, "u_axi_stom_m0" "axi_stom_s2" 2 981, 2 2313 0, S_0x5bc1f07dfa60;
 .timescale 0 0;
    .port_info 0 /INPUT 1 "ARESETn";
    .port_info 1 /INPUT 1 "ACLK";
    .port_info 2 /INPUT 1 "M_MID";
    .port_info 3 /OUTPUT 4 "M_BID";
    .port_info 4 /OUTPUT 2 "M_BRESP";
    .port_info 5 /OUTPUT 1 "M_BVALID";
    .port_info 6 /INPUT 1 "M_BREADY";
    .port_info 7 /OUTPUT 4 "M_RID";
    .port_info 8 /OUTPUT 32 "M_RDATA";
    .port_info 9 /OUTPUT 2 "M_RRESP";
    .port_info 10 /OUTPUT 1 "M_RLAST";
    .port_info 11 /OUTPUT 1 "M_RVALID";
    .port_info 12 /INPUT 1 "M_RREADY";
    .port_info 13 /INPUT 5 "S0_BID";
    .port_info 14 /INPUT 2 "S0_BRESP";
    .port_info 15 /INPUT 1 "S0_BVALID";
    .port_info 16 /OUTPUT 1 "S0_BREADY";
    .port_info 17 /INPUT 5 "S0_RID";
    .port_info 18 /INPUT 32 "S0_RDATA";
    .port_info 19 /INPUT 2 "S0_RRESP";
    .port_info 20 /INPUT 1 "S0_RLAST";
    .port_info 21 /INPUT 1 "S0_RVALID";
    .port_info 22 /OUTPUT 1 "S0_RREADY";
    .port_info 23 /INPUT 5 "S1_BID";
    .port_info 24 /INPUT 2 "S1_BRESP";
    .port_info 25 /INPUT 1 "S1_BVALID";
    .port_info 26 /OUTPUT 1 "S1_BREADY";
    .port_info 27 /INPUT 5 "S1_RID";
    .port_info 28 /INPUT 32 "S1_RDATA";
    .port_info 29 /INPUT 2 "S1_RRESP";
    .port_info 30 /INPUT 1 "S1_RLAST";
    .port_info 31 /INPUT 1 "S1_RVALID";
    .port_info 32 /OUTPUT 1 "S1_RREADY";
    .port_info 33 /INPUT 5 "SD_BID";
    .port_info 34 /INPUT 2 "SD_BRESP";
    .port_info 35 /INPUT 1 "SD_BVALID";
    .port_info 36 /OUTPUT 1 "SD_BREADY";
    .port_info 37 /INPUT 5 "SD_RID";
    .port_info 38 /INPUT 32 "SD_RDATA";
    .port_info 39 /INPUT 2 "SD_RRESP";
    .port_info 40 /INPUT 1 "SD_RLAST";
    .port_info 41 /INPUT 1 "SD_RVALID";
    .port_info 42 /OUTPUT 1 "SD_RREADY";
P_0x5bc1f0854da0 .param/l "MASTER_ID" 0 2 2314, +C4<00000000000000000000000000000000>;
P_0x5bc1f0854de0 .param/l "NUM" 1 2 2402, +C4<00000000000000000000000000000010>;
P_0x5bc1f0854e20 .param/l "NUM_B_WIDTH" 1 2 2430, +C4<00000000000000000000000000000000111>;
P_0x5bc1f0854e60 .param/l "NUM_R_WIDTH" 1 2 2438, +C4<0000000000000000000000000000000101000>;
P_0x5bc1f0854ea0 .param/l "WIDTH_AD" 0 2 2317, +C4<00000000000000000000000000100000>;
P_0x5bc1f0854ee0 .param/l "WIDTH_CID" 0 2 2315, +C4<00000000000000000000000000000001>;
P_0x5bc1f0854f20 .param/l "WIDTH_DA" 0 2 2318, +C4<00000000000000000000000000100000>;
P_0x5bc1f0854f60 .param/l "WIDTH_DS" 0 2 2319, +C4<00000000000000000000000000000100>;
P_0x5bc1f0854fa0 .param/l "WIDTH_ID" 0 2 2316, +C4<00000000000000000000000000000100>;
P_0x5bc1f0854fe0 .param/l "WIDTH_SID" 0 2 2320, +C4<000000000000000000000000000000101>;
L_0x5bc1f0894d60 .functor XNOR 1, L_0x5bc1f0894cc0, L_0x7eb6511b7018, C4<0>, C4<0>;
L_0x5bc1f0894ec0 .functor XNOR 1, L_0x5bc1f0894e20, L_0x7eb6511b7018, C4<0>, C4<0>;
L_0x5bc1f0895240 .functor XNOR 1, L_0x5bc1f0895110, L_0x7eb6511b7018, C4<0>, C4<0>;
L_0x5bc1f08953a0 .functor XNOR 1, L_0x5bc1f0895300, L_0x7eb6511b7018, C4<0>, C4<0>;
L_0x5bc1f0895540 .functor XNOR 1, L_0x5bc1f0895460, L_0x7eb6511b7018, C4<0>, C4<0>;
L_0x5bc1f0895910 .functor XNOR 1, L_0x5bc1f0895790, L_0x7eb6511b7018, C4<0>, C4<0>;
L_0x5bc1f08968d0 .functor AND 1, L_0x5bc1f0897ae0, o0x7eb6514c9938, C4<1>, C4<1>;
L_0x5bc1f0897e20 .functor AND 1, L_0x5bc1f0897cf0, o0x7eb6514c9938, C4<1>, C4<1>;
L_0x5bc1f08980b0 .functor AND 1, L_0x5bc1f0897f20, o0x7eb6514c9938, C4<1>, C4<1>;
L_0x5bc1f08982e0 .functor AND 1, L_0x5bc1f0898240, o0x7eb6514c9a58, C4<1>, C4<1>;
L_0x5bc1f0898610 .functor AND 1, L_0x5bc1f08983e0, o0x7eb6514c9a58, C4<1>, C4<1>;
L_0x5bc1f08987b0 .functor AND 1, L_0x5bc1f0898710, o0x7eb6514c9a58, C4<1>, C4<1>;
v0x5bc1f0857d80_0 .net "ACLK", 0 0, o0x7eb6514bc3d8;  alias, 0 drivers
v0x5bc1f0857e40_0 .net "ARESETn", 0 0, o0x7eb6514bc6d8;  alias, 0 drivers
v0x5bc1f0857f00_0 .net "BGRANT", 2 0, L_0x5bc1f0896300;  1 drivers
v0x5bc1f0857fd0_0 .net "BSELECT", 2 0, L_0x5bc1f0894f80;  1 drivers
v0x5bc1f08580a0_0 .var "M_BID", 3 0;
v0x5bc1f0858140_0 .net "M_BREADY", 0 0, o0x7eb6514c9938;  alias, 0 drivers
v0x5bc1f0858200_0 .var "M_BRESP", 1 0;
v0x5bc1f08582e0_0 .var "M_BVALID", 0 0;
v0x5bc1f08583a0_0 .net "M_MID", 0 0, L_0x7eb6511b7018;  alias, 1 drivers
v0x5bc1f0858460_0 .var "M_RDATA", 31 0;
v0x5bc1f0858540_0 .var "M_RID", 3 0;
v0x5bc1f0858620_0 .var "M_RLAST", 0 0;
v0x5bc1f08586e0_0 .net "M_RREADY", 0 0, o0x7eb6514c9a58;  alias, 0 drivers
v0x5bc1f08587a0_0 .var "M_RRESP", 1 0;
v0x5bc1f0858880_0 .var "M_RVALID", 0 0;
v0x5bc1f0858940_0 .net "RGRANT", 2 0, L_0x5bc1f0895da0;  1 drivers
v0x5bc1f0858a00_0 .net "RSELECT", 2 0, L_0x5bc1f0895600;  1 drivers
v0x5bc1f0858be0_0 .net "S0_BID", 4 0, o0x7eb6514c9ae8;  alias, 0 drivers
v0x5bc1f0858ca0_0 .net "S0_BREADY", 0 0, L_0x5bc1f08968d0;  alias, 1 drivers
v0x5bc1f0858d60_0 .net "S0_BRESP", 1 0, o0x7eb6514c9b48;  alias, 0 drivers
v0x5bc1f0858e40_0 .net "S0_BVALID", 0 0, o0x7eb6514c9b78;  alias, 0 drivers
v0x5bc1f0858f00_0 .net "S0_RDATA", 31 0, o0x7eb6514c9ba8;  alias, 0 drivers
v0x5bc1f0858fe0_0 .net "S0_RID", 4 0, o0x7eb6514c9bd8;  alias, 0 drivers
v0x5bc1f08590c0_0 .net "S0_RLAST", 0 0, o0x7eb6514c9c08;  alias, 0 drivers
v0x5bc1f0859180_0 .net "S0_RREADY", 0 0, L_0x5bc1f08982e0;  alias, 1 drivers
v0x5bc1f0859240_0 .net "S0_RRESP", 1 0, o0x7eb6514c9c68;  alias, 0 drivers
v0x5bc1f0859320_0 .net "S0_RVALID", 0 0, o0x7eb6514c9c98;  alias, 0 drivers
v0x5bc1f08593e0_0 .net "S1_BID", 4 0, o0x7eb6514c9cc8;  alias, 0 drivers
v0x5bc1f08594c0_0 .net "S1_BREADY", 0 0, L_0x5bc1f0897e20;  alias, 1 drivers
v0x5bc1f0859580_0 .net "S1_BRESP", 1 0, o0x7eb6514c9d28;  alias, 0 drivers
v0x5bc1f0859660_0 .net "S1_BVALID", 0 0, o0x7eb6514c9d58;  alias, 0 drivers
v0x5bc1f0859720_0 .net "S1_RDATA", 31 0, o0x7eb6514c9d88;  alias, 0 drivers
v0x5bc1f0859800_0 .net "S1_RID", 4 0, o0x7eb6514c9db8;  alias, 0 drivers
v0x5bc1f08598e0_0 .net "S1_RLAST", 0 0, o0x7eb6514c9de8;  alias, 0 drivers
v0x5bc1f08599a0_0 .net "S1_RREADY", 0 0, L_0x5bc1f0898610;  alias, 1 drivers
v0x5bc1f0859a60_0 .net "S1_RRESP", 1 0, o0x7eb6514c9e48;  alias, 0 drivers
v0x5bc1f0859b40_0 .net "S1_RVALID", 0 0, o0x7eb6514c9e78;  alias, 0 drivers
v0x5bc1f0859c00_0 .net "SD_BID", 4 0, v0x5bc1f076a2a0_0;  alias, 1 drivers
v0x5bc1f0859cf0_0 .net "SD_BREADY", 0 0, L_0x5bc1f08980b0;  alias, 1 drivers
v0x5bc1f0859d90_0 .net "SD_BRESP", 1 0, L_0x7eb6511b8140;  alias, 1 drivers
v0x5bc1f0859e80_0 .net "SD_BVALID", 0 0, v0x5bc1f0767670_0;  alias, 1 drivers
v0x5bc1f0859f50_0 .net "SD_RDATA", 31 0, L_0x7eb6511b81d0;  alias, 1 drivers
v0x5bc1f085a020_0 .net "SD_RID", 4 0, v0x5bc1f07651e0_0;  alias, 1 drivers
v0x5bc1f085a0f0_0 .net "SD_RLAST", 0 0, v0x5bc1f0763580_0;  alias, 1 drivers
v0x5bc1f085a1c0_0 .net "SD_RREADY", 0 0, L_0x5bc1f08987b0;  alias, 1 drivers
v0x5bc1f085a260_0 .net "SD_RRESP", 1 0, L_0x7eb6511b8188;  alias, 1 drivers
v0x5bc1f085a330_0 .net "SD_RVALID", 0 0, v0x5bc1f07530d0_0;  alias, 1 drivers
v0x5bc1f085a400_0 .net *"_ivl_10", 0 0, L_0x5bc1f0894ec0;  1 drivers
v0x5bc1f085a4a0_0 .net *"_ivl_16", 0 0, L_0x5bc1f0895110;  1 drivers
v0x5bc1f085a540_0 .net *"_ivl_17", 0 0, L_0x5bc1f0895240;  1 drivers
v0x5bc1f085a600_0 .net *"_ivl_22", 0 0, L_0x5bc1f0895300;  1 drivers
v0x5bc1f085a6e0_0 .net *"_ivl_23", 0 0, L_0x5bc1f08953a0;  1 drivers
v0x5bc1f085a7a0_0 .net *"_ivl_28", 0 0, L_0x5bc1f0895460;  1 drivers
v0x5bc1f085a880_0 .net *"_ivl_29", 0 0, L_0x5bc1f0895540;  1 drivers
v0x5bc1f085a940_0 .net *"_ivl_3", 0 0, L_0x5bc1f0894cc0;  1 drivers
v0x5bc1f085aa20_0 .net *"_ivl_35", 0 0, L_0x5bc1f0895790;  1 drivers
v0x5bc1f085ab00_0 .net *"_ivl_36", 0 0, L_0x5bc1f0895910;  1 drivers
v0x5bc1f085abc0_0 .net *"_ivl_4", 0 0, L_0x5bc1f0894d60;  1 drivers
v0x5bc1f085ac80_0 .net *"_ivl_50", 3 0, L_0x5bc1f0896a70;  1 drivers
v0x5bc1f085ad60_0 .net *"_ivl_55", 3 0, L_0x5bc1f0896cd0;  1 drivers
v0x5bc1f085ae40_0 .net *"_ivl_60", 3 0, L_0x5bc1f0896fc0;  1 drivers
v0x5bc1f085af20_0 .net *"_ivl_65", 3 0, L_0x5bc1f08971a0;  1 drivers
v0x5bc1f085b000_0 .net *"_ivl_70", 3 0, L_0x5bc1f08974a0;  1 drivers
v0x5bc1f085b0e0_0 .net *"_ivl_75", 3 0, L_0x5bc1f0897850;  1 drivers
v0x5bc1f085b1c0_0 .net *"_ivl_79", 0 0, L_0x5bc1f0897ae0;  1 drivers
v0x5bc1f085b6b0_0 .net *"_ivl_83", 0 0, L_0x5bc1f0897cf0;  1 drivers
v0x5bc1f085b790_0 .net *"_ivl_87", 0 0, L_0x5bc1f0897f20;  1 drivers
v0x5bc1f085b870_0 .net *"_ivl_9", 0 0, L_0x5bc1f0894e20;  1 drivers
v0x5bc1f085b950_0 .net *"_ivl_91", 0 0, L_0x5bc1f0898240;  1 drivers
v0x5bc1f085ba30_0 .net *"_ivl_95", 0 0, L_0x5bc1f08983e0;  1 drivers
v0x5bc1f085bb10_0 .net *"_ivl_99", 0 0, L_0x5bc1f0898710;  1 drivers
v0x5bc1f085bbf0 .array "bus_b", 2 0;
v0x5bc1f085bbf0_0 .net v0x5bc1f085bbf0 0, 6 0, L_0x5bc1f0896ba0; 1 drivers
v0x5bc1f085bbf0_1 .net v0x5bc1f085bbf0 1, 6 0, L_0x5bc1f0896e90; 1 drivers
v0x5bc1f085bbf0_2 .net v0x5bc1f085bbf0 2, 6 0, L_0x5bc1f0897100; 1 drivers
v0x5bc1f085bd30 .array "bus_r", 2 0;
v0x5bc1f085bd30_0 .net v0x5bc1f085bd30 0, 39 0, L_0x5bc1f0897060; 1 drivers
v0x5bc1f085bd30_1 .net v0x5bc1f085bd30 1, 39 0, L_0x5bc1f0897690; 1 drivers
v0x5bc1f085bd30_2 .net v0x5bc1f085bd30 2, 39 0, L_0x5bc1f08975d0; 1 drivers
E_0x5bc1f08559e0 .event anyedge, v0x5bc1f085bd30_2, v0x5bc1f085bd30_1, v0x5bc1f085bd30_0, v0x5bc1f0856930_0;
E_0x5bc1f0855a70 .event anyedge, v0x5bc1f085bbf0_2, v0x5bc1f085bbf0_1, v0x5bc1f085bbf0_0, v0x5bc1f0856570_0;
L_0x5bc1f0894cc0 .part o0x7eb6514c9ae8, 4, 1;
L_0x5bc1f0894e20 .part o0x7eb6514c9cc8, 4, 1;
L_0x5bc1f0894f80 .concat8 [ 1 1 1 0], L_0x5bc1f0894d60, L_0x5bc1f0894ec0, L_0x5bc1f0895240;
L_0x5bc1f0895110 .part v0x5bc1f076a2a0_0, 4, 1;
L_0x5bc1f0895300 .part o0x7eb6514c9bd8, 4, 1;
L_0x5bc1f0895460 .part o0x7eb6514c9db8, 4, 1;
L_0x5bc1f0895600 .concat8 [ 1 1 1 0], L_0x5bc1f08953a0, L_0x5bc1f0895540, L_0x5bc1f0895910;
L_0x5bc1f0895790 .part v0x5bc1f07651e0_0, 4, 1;
L_0x5bc1f08964e0 .concat [ 1 1 1 0], o0x7eb6514c9b78, o0x7eb6514c9d58, v0x5bc1f0767670_0;
L_0x5bc1f0896660 .concat [ 1 1 1 0], L_0x5bc1f08968d0, L_0x5bc1f0897e20, L_0x5bc1f08980b0;
L_0x5bc1f0896700 .concat [ 1 1 1 0], o0x7eb6514c9c98, o0x7eb6514c9e78, v0x5bc1f07530d0_0;
L_0x5bc1f0896830 .concat [ 1 1 1 0], L_0x5bc1f08982e0, L_0x5bc1f0898610, L_0x5bc1f08987b0;
L_0x5bc1f0896940 .concat [ 1 1 1 0], o0x7eb6514c9c08, o0x7eb6514c9de8, v0x5bc1f0763580_0;
L_0x5bc1f0896a70 .part o0x7eb6514c9ae8, 0, 4;
L_0x5bc1f0896ba0 .concat [ 1 2 4 0], o0x7eb6514c9b78, o0x7eb6514c9b48, L_0x5bc1f0896a70;
L_0x5bc1f0896cd0 .part o0x7eb6514c9cc8, 0, 4;
L_0x5bc1f0896e90 .concat [ 1 2 4 0], o0x7eb6514c9d58, o0x7eb6514c9d28, L_0x5bc1f0896cd0;
L_0x5bc1f0896fc0 .part v0x5bc1f076a2a0_0, 0, 4;
L_0x5bc1f0897100 .concat [ 1 2 4 0], v0x5bc1f0767670_0, L_0x7eb6511b8140, L_0x5bc1f0896fc0;
L_0x5bc1f08971a0 .part o0x7eb6514c9bd8, 0, 4;
LS_0x5bc1f0897060_0_0 .concat [ 1 1 2 32], o0x7eb6514c9c98, o0x7eb6514c9c08, o0x7eb6514c9c68, o0x7eb6514c9ba8;
LS_0x5bc1f0897060_0_4 .concat [ 4 0 0 0], L_0x5bc1f08971a0;
L_0x5bc1f0897060 .concat [ 36 4 0 0], LS_0x5bc1f0897060_0_0, LS_0x5bc1f0897060_0_4;
L_0x5bc1f08974a0 .part o0x7eb6514c9db8, 0, 4;
LS_0x5bc1f0897690_0_0 .concat [ 1 1 2 32], o0x7eb6514c9e78, o0x7eb6514c9de8, o0x7eb6514c9e48, o0x7eb6514c9d88;
LS_0x5bc1f0897690_0_4 .concat [ 4 0 0 0], L_0x5bc1f08974a0;
L_0x5bc1f0897690 .concat [ 36 4 0 0], LS_0x5bc1f0897690_0_0, LS_0x5bc1f0897690_0_4;
L_0x5bc1f0897850 .part v0x5bc1f07651e0_0, 0, 4;
LS_0x5bc1f08975d0_0_0 .concat [ 1 1 2 32], v0x5bc1f07530d0_0, v0x5bc1f0763580_0, L_0x7eb6511b8188, L_0x7eb6511b81d0;
LS_0x5bc1f08975d0_0_4 .concat [ 4 0 0 0], L_0x5bc1f0897850;
L_0x5bc1f08975d0 .concat [ 36 4 0 0], LS_0x5bc1f08975d0_0_0, LS_0x5bc1f08975d0_0_4;
L_0x5bc1f0897ae0 .part L_0x5bc1f0896300, 0, 1;
L_0x5bc1f0897cf0 .part L_0x5bc1f0896300, 1, 1;
L_0x5bc1f0897f20 .part L_0x5bc1f0896300, 2, 1;
L_0x5bc1f0898240 .part L_0x5bc1f0895da0, 0, 1;
L_0x5bc1f08983e0 .part L_0x5bc1f0895da0, 1, 1;
L_0x5bc1f0898710 .part L_0x5bc1f0895da0, 2, 1;
S_0x5bc1f0855ae0 .scope module, "u_axi_arbiter_stom_s2" "axi_arbiter_stom_s2" 2 2416, 2 1689 0, S_0x5bc1f0854bc0;
 .timescale 0 0;
    .port_info 0 /INPUT 1 "ARESETn";
    .port_info 1 /INPUT 1 "ACLK";
    .port_info 2 /INPUT 3 "BSELECT";
    .port_info 3 /INPUT 3 "BVALID";
    .port_info 4 /INPUT 3 "BREADY";
    .port_info 5 /OUTPUT 3 "BGRANT";
    .port_info 6 /INPUT 3 "RSELECT";
    .port_info 7 /INPUT 3 "RVALID";
    .port_info 8 /INPUT 3 "RREADY";
    .port_info 9 /INPUT 3 "RLAST";
    .port_info 10 /OUTPUT 3 "RGRANT";
P_0x5bc1f0855ce0 .param/l "NUM" 0 2 1690, +C4<00000000000000000000000000000010>;
P_0x5bc1f0855d20 .param/l "STB_RUN" 1 2 1744, C4<00000000000000000000000000000000>;
P_0x5bc1f0855d60 .param/l "STB_WAIT" 1 2 1745, C4<00000000000000000000000000000001>;
P_0x5bc1f0855da0 .param/l "STR_RUN" 1 2 1711, C4<00000000000000000000000000000000>;
P_0x5bc1f0855de0 .param/l "STR_WAIT" 1 2 1712, C4<00000000000000000000000000000001>;
L_0x5bc1f0895c40 .functor AND 3, L_0x5bc1f0895600, L_0x5bc1f0896700, C4<111>, C4<111>;
L_0x5bc1f08961a0 .functor AND 3, L_0x5bc1f0894f80, L_0x5bc1f08964e0, C4<111>, C4<111>;
v0x5bc1f08563f0_0 .net "ACLK", 0 0, o0x7eb6514bc3d8;  alias, 0 drivers
v0x5bc1f08564b0_0 .net "ARESETn", 0 0, o0x7eb6514bc6d8;  alias, 0 drivers
v0x5bc1f0856570_0 .net "BGRANT", 2 0, L_0x5bc1f0896300;  alias, 1 drivers
v0x5bc1f0856640_0 .net "BREADY", 2 0, L_0x5bc1f0896660;  1 drivers
v0x5bc1f0856720_0 .net "BSELECT", 2 0, L_0x5bc1f0894f80;  alias, 1 drivers
v0x5bc1f0856850_0 .net "BVALID", 2 0, L_0x5bc1f08964e0;  1 drivers
v0x5bc1f0856930_0 .net "RGRANT", 2 0, L_0x5bc1f0895da0;  alias, 1 drivers
v0x5bc1f0856a10_0 .net "RLAST", 2 0, L_0x5bc1f0896940;  1 drivers
v0x5bc1f0856af0_0 .net "RREADY", 2 0, L_0x5bc1f0896830;  1 drivers
v0x5bc1f0856bd0_0 .net "RSELECT", 2 0, L_0x5bc1f0895600;  alias, 1 drivers
v0x5bc1f0856cb0_0 .net "RVALID", 2 0, L_0x5bc1f0896700;  1 drivers
v0x5bc1f0856d90_0 .net *"_ivl_0", 31 0, L_0x5bc1f0895a10;  1 drivers
v0x5bc1f0856e70_0 .net *"_ivl_11", 2 0, L_0x5bc1f0895cb0;  1 drivers
v0x5bc1f0856f50_0 .net *"_ivl_14", 31 0, L_0x5bc1f0895f30;  1 drivers
L_0x7eb6511b7f90 .functor BUFT 1, C4<0000000000000000000000000000000>, C4<0>, C4<0>, C4<0>;
v0x5bc1f0857030_0 .net *"_ivl_17", 30 0, L_0x7eb6511b7f90;  1 drivers
L_0x7eb6511b7fd8 .functor BUFT 1, C4<00000000000000000000000000000000>, C4<0>, C4<0>, C4<0>;
v0x5bc1f0857110_0 .net/2u *"_ivl_18", 31 0, L_0x7eb6511b7fd8;  1 drivers
v0x5bc1f08571f0_0 .net *"_ivl_20", 0 0, L_0x5bc1f0896020;  1 drivers
v0x5bc1f08573c0_0 .net *"_ivl_22", 2 0, L_0x5bc1f08961a0;  1 drivers
v0x5bc1f08574a0_0 .net *"_ivl_25", 2 0, L_0x5bc1f0896210;  1 drivers
L_0x7eb6511b7f00 .functor BUFT 1, C4<0000000000000000000000000000000>, C4<0>, C4<0>, C4<0>;
v0x5bc1f0857580_0 .net *"_ivl_3", 30 0, L_0x7eb6511b7f00;  1 drivers
L_0x7eb6511b7f48 .functor BUFT 1, C4<00000000000000000000000000000000>, C4<0>, C4<0>, C4<0>;
v0x5bc1f0857660_0 .net/2u *"_ivl_4", 31 0, L_0x7eb6511b7f48;  1 drivers
v0x5bc1f0857740_0 .net *"_ivl_6", 0 0, L_0x5bc1f0895b00;  1 drivers
v0x5bc1f0857800_0 .net *"_ivl_8", 2 0, L_0x5bc1f0895c40;  1 drivers
v0x5bc1f08578e0_0 .var "bgrant_reg", 2 0;
v0x5bc1f08579c0_0 .var "rgrant_reg", 2 0;
v0x5bc1f0857aa0_0 .var "stateB", 0 0;
v0x5bc1f0857b60_0 .var "stateR", 0 0;
L_0x5bc1f0895a10 .concat [ 1 31 0 0], v0x5bc1f0857b60_0, L_0x7eb6511b7f00;
L_0x5bc1f0895b00 .cmp/eq 32, L_0x5bc1f0895a10, L_0x7eb6511b7f48;
L_0x5bc1f0895cb0 .ufunc/vec4 TD_amba_axi_m2s2.u_axi_stom_m0.u_axi_arbiter_stom_s2.priority_sel, 3, L_0x5bc1f0895c40 (v0x5bc1f0856310_0) S_0x5bc1f08560b0;
L_0x5bc1f0895da0 .functor MUXZ 3, v0x5bc1f08579c0_0, L_0x5bc1f0895cb0, L_0x5bc1f0895b00, C4<>;
L_0x5bc1f0895f30 .concat [ 1 31 0 0], v0x5bc1f0857aa0_0, L_0x7eb6511b7f90;
L_0x5bc1f0896020 .cmp/eq 32, L_0x5bc1f0895f30, L_0x7eb6511b7fd8;
L_0x5bc1f0896210 .ufunc/vec4 TD_amba_axi_m2s2.u_axi_stom_m0.u_axi_arbiter_stom_s2.priority_sel, 3, L_0x5bc1f08961a0 (v0x5bc1f0856310_0) S_0x5bc1f08560b0;
L_0x5bc1f0896300 .functor MUXZ 3, v0x5bc1f08578e0_0, L_0x5bc1f0896210, L_0x5bc1f0896020, C4<>;
S_0x5bc1f08560b0 .scope function.vec4.s3, "priority_sel" "priority_sel" 2 1774, 2 1774 0, S_0x5bc1f0855ae0;
 .timescale 0 0;
; Variable priority_sel is vec4 return value of scope S_0x5bc1f08560b0
v0x5bc1f0856310_0 .var "request", 2 0;
TD_amba_axi_m2s2.u_axi_stom_m0.u_axi_arbiter_stom_s2.priority_sel ;
    %load/vec4 v0x5bc1f0856310_0;
    %dup/vec4;
    %pushi/vec4 7, 6, 3;
    %cmp/x;
    %jmp/1 T_3.12, 4;
    %dup/vec4;
    %pushi/vec4 6, 4, 3;
    %cmp/x;
    %jmp/1 T_3.13, 4;
    %dup/vec4;
    %pushi/vec4 4, 0, 3;
    %cmp/x;
    %jmp/1 T_3.14, 4;
    %pushi/vec4 0, 0, 3;
    %ret/vec4 0, 0, 3;  Assign to priority_sel (store_vec4_to_lval)
    %jmp T_3.16;
T_3.12 ;
    %pushi/vec4 1, 0, 3;
    %ret/vec4 0, 0, 3;  Assign to priority_sel (store_vec4_to_lval)
    %jmp T_3.16;
T_3.13 ;
    %pushi/vec4 2, 0, 3;
    %ret/vec4 0, 0, 3;  Assign to priority_sel (store_vec4_to_lval)
    %jmp T_3.16;
T_3.14 ;
    %pushi/vec4 4, 0, 3;
    %ret/vec4 0, 0, 3;  Assign to priority_sel (store_vec4_to_lval)
    %jmp T_3.16;
T_3.16 ;
    %pop/vec4 1;
    %end;
S_0x5bc1f085c3d0 .scope module, "u_axi_stom_m1" "axi_stom_s2" 2 1066, 2 2313 0, S_0x5bc1f07dfa60;
 .timescale 0 0;
    .port_info 0 /INPUT 1 "ARESETn";
    .port_info 1 /INPUT 1 "ACLK";
    .port_info 2 /INPUT 1 "M_MID";
    .port_info 3 /OUTPUT 4 "M_BID";
    .port_info 4 /OUTPUT 2 "M_BRESP";
    .port_info 5 /OUTPUT 1 "M_BVALID";
    .port_info 6 /INPUT 1 "M_BREADY";
    .port_info 7 /OUTPUT 4 "M_RID";
    .port_info 8 /OUTPUT 32 "M_RDATA";
    .port_info 9 /OUTPUT 2 "M_RRESP";
    .port_info 10 /OUTPUT 1 "M_RLAST";
    .port_info 11 /OUTPUT 1 "M_RVALID";
    .port_info 12 /INPUT 1 "M_RREADY";
    .port_info 13 /INPUT 5 "S0_BID";
    .port_info 14 /INPUT 2 "S0_BRESP";
    .port_info 15 /INPUT 1 "S0_BVALID";
    .port_info 16 /OUTPUT 1 "S0_BREADY";
    .port_info 17 /INPUT 5 "S0_RID";
    .port_info 18 /INPUT 32 "S0_RDATA";
    .port_info 19 /INPUT 2 "S0_RRESP";
    .port_info 20 /INPUT 1 "S0_RLAST";
    .port_info 21 /INPUT 1 "S0_RVALID";
    .port_info 22 /OUTPUT 1 "S0_RREADY";
    .port_info 23 /INPUT 5 "S1_BID";
    .port_info 24 /INPUT 2 "S1_BRESP";
    .port_info 25 /INPUT 1 "S1_BVALID";
    .port_info 26 /OUTPUT 1 "S1_BREADY";
    .port_info 27 /INPUT 5 "S1_RID";
    .port_info 28 /INPUT 32 "S1_RDATA";
    .port_info 29 /INPUT 2 "S1_RRESP";
    .port_info 30 /INPUT 1 "S1_RLAST";
    .port_info 31 /INPUT 1 "S1_RVALID";
    .port_info 32 /OUTPUT 1 "S1_RREADY";
    .port_info 33 /INPUT 5 "SD_BID";
    .port_info 34 /INPUT 2 "SD_BRESP";
    .port_info 35 /INPUT 1 "SD_BVALID";
    .port_info 36 /OUTPUT 1 "SD_BREADY";
    .port_info 37 /INPUT 5 "SD_RID";
    .port_info 38 /INPUT 32 "SD_RDATA";
    .port_info 39 /INPUT 2 "SD_RRESP";
    .port_info 40 /INPUT 1 "SD_RLAST";
    .port_info 41 /INPUT 1 "SD_RVALID";
    .port_info 42 /OUTPUT 1 "SD_RREADY";
P_0x5bc1f085c560 .param/l "MASTER_ID" 0 2 2314, +C4<00000000000000000000000000000001>;
P_0x5bc1f085c5a0 .param/l "NUM" 1 2 2402, +C4<00000000000000000000000000000010>;
P_0x5bc1f085c5e0 .param/l "NUM_B_WIDTH" 1 2 2430, +C4<00000000000000000000000000000000111>;
P_0x5bc1f085c620 .param/l "NUM_R_WIDTH" 1 2 2438, +C4<0000000000000000000000000000000101000>;
P_0x5bc1f085c660 .param/l "WIDTH_AD" 0 2 2317, +C4<00000000000000000000000000100000>;
P_0x5bc1f085c6a0 .param/l "WIDTH_CID" 0 2 2315, +C4<00000000000000000000000000000001>;
P_0x5bc1f085c6e0 .param/l "WIDTH_DA" 0 2 2318, +C4<00000000000000000000000000100000>;
P_0x5bc1f085c720 .param/l "WIDTH_DS" 0 2 2319, +C4<00000000000000000000000000000100>;
P_0x5bc1f085c760 .param/l "WIDTH_ID" 0 2 2316, +C4<00000000000000000000000000000100>;
P_0x5bc1f085c7a0 .param/l "WIDTH_SID" 0 2 2320, +C4<000000000000000000000000000000101>;
L_0x5bc1f0898a50 .functor XNOR 1, L_0x5bc1f08989b0, L_0x7eb6511b7060, C4<0>, C4<0>;
L_0x5bc1f0898b60 .functor XNOR 1, L_0x5bc1f0898ac0, L_0x7eb6511b7060, C4<0>, C4<0>;
L_0x5bc1f0898d10 .functor XNOR 1, L_0x5bc1f0898c70, L_0x7eb6511b7060, C4<0>, C4<0>;
L_0x5bc1f0898e20 .functor XNOR 1, L_0x5bc1f0898d80, L_0x7eb6511b7060, C4<0>, C4<0>;
L_0x5bc1f0898f70 .functor XNOR 1, L_0x5bc1f0898e90, L_0x7eb6511b7060, C4<0>, C4<0>;
L_0x5bc1f0899170 .functor XNOR 1, L_0x5bc1f0899080, L_0x7eb6511b7060, C4<0>, C4<0>;
L_0x5bc1f089a2e0 .functor AND 1, L_0x5bc1f089b200, o0x7eb6514cb408, C4<1>, C4<1>;
L_0x5bc1f089b540 .functor AND 1, L_0x5bc1f089b410, o0x7eb6514cb408, C4<1>, C4<1>;
L_0x5bc1f089b820 .functor AND 1, L_0x5bc1f089b690, o0x7eb6514cb408, C4<1>, C4<1>;
L_0x5bc1f089ba50 .functor AND 1, L_0x5bc1f089b9b0, o0x7eb6514cb528, C4<1>, C4<1>;
L_0x5bc1f089bd80 .functor AND 1, L_0x5bc1f089bb50, o0x7eb6514cb528, C4<1>, C4<1>;
L_0x5bc1f089bf20 .functor AND 1, L_0x5bc1f089be80, o0x7eb6514cb528, C4<1>, C4<1>;
v0x5bc1f085f640_0 .net "ACLK", 0 0, o0x7eb6514bc3d8;  alias, 0 drivers
v0x5bc1f085f700_0 .net "ARESETn", 0 0, o0x7eb6514bc6d8;  alias, 0 drivers
v0x5bc1f085f7c0_0 .net "BGRANT", 2 0, L_0x5bc1f0899dd0;  1 drivers
v0x5bc1f085f890_0 .net "BSELECT", 2 0, L_0x5bc1f0898bd0;  1 drivers
v0x5bc1f085f960_0 .var "M_BID", 3 0;
v0x5bc1f085fa00_0 .net "M_BREADY", 0 0, o0x7eb6514cb408;  alias, 0 drivers
v0x5bc1f085fac0_0 .var "M_BRESP", 1 0;
v0x5bc1f085fba0_0 .var "M_BVALID", 0 0;
v0x5bc1f085fc60_0 .net "M_MID", 0 0, L_0x7eb6511b7060;  alias, 1 drivers
v0x5bc1f085fd20_0 .var "M_RDATA", 31 0;
v0x5bc1f085fe00_0 .var "M_RID", 3 0;
v0x5bc1f085fee0_0 .var "M_RLAST", 0 0;
v0x5bc1f085ffa0_0 .net "M_RREADY", 0 0, o0x7eb6514cb528;  alias, 0 drivers
v0x5bc1f0860060_0 .var "M_RRESP", 1 0;
v0x5bc1f0860140_0 .var "M_RVALID", 0 0;
v0x5bc1f0860200_0 .net "RGRANT", 2 0, L_0x5bc1f0899870;  1 drivers
v0x5bc1f08602c0_0 .net "RSELECT", 2 0, L_0x5bc1f0898fe0;  1 drivers
v0x5bc1f0860390_0 .net "S0_BID", 4 0, o0x7eb6514c9ae8;  alias, 0 drivers
v0x5bc1f0860460_0 .net "S0_BREADY", 0 0, L_0x5bc1f089a2e0;  alias, 1 drivers
v0x5bc1f0860500_0 .net "S0_BRESP", 1 0, o0x7eb6514c9b48;  alias, 0 drivers
v0x5bc1f08605f0_0 .net "S0_BVALID", 0 0, o0x7eb6514c9b78;  alias, 0 drivers
v0x5bc1f08606c0_0 .net "S0_RDATA", 31 0, o0x7eb6514c9ba8;  alias, 0 drivers
v0x5bc1f0860790_0 .net "S0_RID", 4 0, o0x7eb6514c9bd8;  alias, 0 drivers
v0x5bc1f0860860_0 .net "S0_RLAST", 0 0, o0x7eb6514c9c08;  alias, 0 drivers
v0x5bc1f0860930_0 .net "S0_RREADY", 0 0, L_0x5bc1f089ba50;  alias, 1 drivers
v0x5bc1f08609d0_0 .net "S0_RRESP", 1 0, o0x7eb6514c9c68;  alias, 0 drivers
v0x5bc1f0860aa0_0 .net "S0_RVALID", 0 0, o0x7eb6514c9c98;  alias, 0 drivers
v0x5bc1f0860b70_0 .net "S1_BID", 4 0, o0x7eb6514c9cc8;  alias, 0 drivers
v0x5bc1f0860c40_0 .net "S1_BREADY", 0 0, L_0x5bc1f089b540;  alias, 1 drivers
v0x5bc1f0860ce0_0 .net "S1_BRESP", 1 0, o0x7eb6514c9d28;  alias, 0 drivers
v0x5bc1f0860db0_0 .net "S1_BVALID", 0 0, o0x7eb6514c9d58;  alias, 0 drivers
v0x5bc1f0860e80_0 .net "S1_RDATA", 31 0, o0x7eb6514c9d88;  alias, 0 drivers
v0x5bc1f0860f50_0 .net "S1_RID", 4 0, o0x7eb6514c9db8;  alias, 0 drivers
v0x5bc1f0861230_0 .net "S1_RLAST", 0 0, o0x7eb6514c9de8;  alias, 0 drivers
v0x5bc1f0861300_0 .net "S1_RREADY", 0 0, L_0x5bc1f089bd80;  alias, 1 drivers
v0x5bc1f08613a0_0 .net "S1_RRESP", 1 0, o0x7eb6514c9e48;  alias, 0 drivers
v0x5bc1f0861470_0 .net "S1_RVALID", 0 0, o0x7eb6514c9e78;  alias, 0 drivers
v0x5bc1f0861540_0 .net "SD_BID", 4 0, v0x5bc1f076a2a0_0;  alias, 1 drivers
v0x5bc1f08615e0_0 .net "SD_BREADY", 0 0, L_0x5bc1f089b820;  alias, 1 drivers
v0x5bc1f0861680_0 .net "SD_BRESP", 1 0, L_0x7eb6511b8140;  alias, 1 drivers
v0x5bc1f0861770_0 .net "SD_BVALID", 0 0, v0x5bc1f0767670_0;  alias, 1 drivers
v0x5bc1f0861860_0 .net "SD_RDATA", 31 0, L_0x7eb6511b81d0;  alias, 1 drivers
v0x5bc1f0861950_0 .net "SD_RID", 4 0, v0x5bc1f07651e0_0;  alias, 1 drivers
v0x5bc1f0861a60_0 .net "SD_RLAST", 0 0, v0x5bc1f0763580_0;  alias, 1 drivers
v0x5bc1f0861b50_0 .net "SD_RREADY", 0 0, L_0x5bc1f089bf20;  alias, 1 drivers
v0x5bc1f0861c10_0 .net "SD_RRESP", 1 0, L_0x7eb6511b8188;  alias, 1 drivers
v0x5bc1f0861d20_0 .net "SD_RVALID", 0 0, v0x5bc1f07530d0_0;  alias, 1 drivers
v0x5bc1f0861e10_0 .net *"_ivl_10", 0 0, L_0x5bc1f0898b60;  1 drivers
v0x5bc1f0861ed0_0 .net *"_ivl_16", 0 0, L_0x5bc1f0898c70;  1 drivers
v0x5bc1f0861fb0_0 .net *"_ivl_17", 0 0, L_0x5bc1f0898d10;  1 drivers
v0x5bc1f0862070_0 .net *"_ivl_22", 0 0, L_0x5bc1f0898d80;  1 drivers
v0x5bc1f0862150_0 .net *"_ivl_23", 0 0, L_0x5bc1f0898e20;  1 drivers
v0x5bc1f0862210_0 .net *"_ivl_28", 0 0, L_0x5bc1f0898e90;  1 drivers
v0x5bc1f08622f0_0 .net *"_ivl_29", 0 0, L_0x5bc1f0898f70;  1 drivers
v0x5bc1f08623b0_0 .net *"_ivl_3", 0 0, L_0x5bc1f08989b0;  1 drivers
v0x5bc1f0862490_0 .net *"_ivl_35", 0 0, L_0x5bc1f0899080;  1 drivers
v0x5bc1f0862570_0 .net *"_ivl_36", 0 0, L_0x5bc1f0899170;  1 drivers
v0x5bc1f0862630_0 .net *"_ivl_4", 0 0, L_0x5bc1f0898a50;  1 drivers
v0x5bc1f08626f0_0 .net *"_ivl_50", 3 0, L_0x5bc1f089a3f0;  1 drivers
v0x5bc1f08627d0_0 .net *"_ivl_55", 3 0, L_0x5bc1f089a640;  1 drivers
v0x5bc1f08628b0_0 .net *"_ivl_60", 3 0, L_0x5bc1f089a8a0;  1 drivers
v0x5bc1f0862990_0 .net *"_ivl_65", 3 0, L_0x5bc1f089ab00;  1 drivers
v0x5bc1f0862a70_0 .net *"_ivl_70", 3 0, L_0x5bc1f089ad10;  1 drivers
v0x5bc1f0862b50_0 .net *"_ivl_75", 3 0, L_0x5bc1f089b060;  1 drivers
v0x5bc1f0862c30_0 .net *"_ivl_79", 0 0, L_0x5bc1f089b200;  1 drivers
v0x5bc1f0863100_0 .net *"_ivl_83", 0 0, L_0x5bc1f089b410;  1 drivers
v0x5bc1f08631e0_0 .net *"_ivl_87", 0 0, L_0x5bc1f089b690;  1 drivers
v0x5bc1f08632c0_0 .net *"_ivl_9", 0 0, L_0x5bc1f0898ac0;  1 drivers
v0x5bc1f08633a0_0 .net *"_ivl_91", 0 0, L_0x5bc1f089b9b0;  1 drivers
v0x5bc1f0863480_0 .net *"_ivl_95", 0 0, L_0x5bc1f089bb50;  1 drivers
v0x5bc1f0863560_0 .net *"_ivl_99", 0 0, L_0x5bc1f089be80;  1 drivers
v0x5bc1f0863640 .array "bus_b", 2 0;
v0x5bc1f0863640_0 .net v0x5bc1f0863640 0, 6 0, L_0x5bc1f089a510; 1 drivers
v0x5bc1f0863640_1 .net v0x5bc1f0863640 1, 6 0, L_0x5bc1f089a770; 1 drivers
v0x5bc1f0863640_2 .net v0x5bc1f0863640 2, 6 0, L_0x5bc1f089a9e0; 1 drivers
v0x5bc1f0863780 .array "bus_r", 2 0;
v0x5bc1f0863780_0 .net v0x5bc1f0863780 0, 39 0, L_0x5bc1f089a940; 1 drivers
v0x5bc1f0863780_1 .net v0x5bc1f0863780 1, 39 0, L_0x5bc1f089ae70; 1 drivers
v0x5bc1f0863780_2 .net v0x5bc1f0863780 2, 39 0, L_0x5bc1f089adb0; 1 drivers
E_0x5bc1f085d1a0 .event anyedge, v0x5bc1f0863780_2, v0x5bc1f0863780_1, v0x5bc1f0863780_0, v0x5bc1f085e300_0;
E_0x5bc1f085d230 .event anyedge, v0x5bc1f0863640_2, v0x5bc1f0863640_1, v0x5bc1f0863640_0, v0x5bc1f085df40_0;
L_0x5bc1f08989b0 .part o0x7eb6514c9ae8, 4, 1;
L_0x5bc1f0898ac0 .part o0x7eb6514c9cc8, 4, 1;
L_0x5bc1f0898bd0 .concat8 [ 1 1 1 0], L_0x5bc1f0898a50, L_0x5bc1f0898b60, L_0x5bc1f0898d10;
L_0x5bc1f0898c70 .part v0x5bc1f076a2a0_0, 4, 1;
L_0x5bc1f0898d80 .part o0x7eb6514c9bd8, 4, 1;
L_0x5bc1f0898e90 .part o0x7eb6514c9db8, 4, 1;
L_0x5bc1f0898fe0 .concat8 [ 1 1 1 0], L_0x5bc1f0898e20, L_0x5bc1f0898f70, L_0x5bc1f0899170;
L_0x5bc1f0899080 .part v0x5bc1f07651e0_0, 4, 1;
L_0x5bc1f0899fb0 .concat [ 1 1 1 0], o0x7eb6514c9b78, o0x7eb6514c9d58, v0x5bc1f0767670_0;
L_0x5bc1f089a0a0 .concat [ 1 1 1 0], L_0x5bc1f089a2e0, L_0x5bc1f089b540, L_0x5bc1f089b820;
L_0x5bc1f089a1a0 .concat [ 1 1 1 0], o0x7eb6514c9c98, o0x7eb6514c9e78, v0x5bc1f07530d0_0;
L_0x5bc1f089a240 .concat [ 1 1 1 0], L_0x5bc1f089ba50, L_0x5bc1f089bd80, L_0x5bc1f089bf20;
L_0x5bc1f089a350 .concat [ 1 1 1 0], o0x7eb6514c9c08, o0x7eb6514c9de8, v0x5bc1f0763580_0;
L_0x5bc1f089a3f0 .part o0x7eb6514c9ae8, 0, 4;
L_0x5bc1f089a510 .concat [ 1 2 4 0], o0x7eb6514c9b78, o0x7eb6514c9b48, L_0x5bc1f089a3f0;
L_0x5bc1f089a640 .part o0x7eb6514c9cc8, 0, 4;
L_0x5bc1f089a770 .concat [ 1 2 4 0], o0x7eb6514c9d58, o0x7eb6514c9d28, L_0x5bc1f089a640;
L_0x5bc1f089a8a0 .part v0x5bc1f076a2a0_0, 0, 4;
L_0x5bc1f089a9e0 .concat [ 1 2 4 0], v0x5bc1f0767670_0, L_0x7eb6511b8140, L_0x5bc1f089a8a0;
L_0x5bc1f089ab00 .part o0x7eb6514c9bd8, 0, 4;
LS_0x5bc1f089a940_0_0 .concat [ 1 1 2 32], o0x7eb6514c9c98, o0x7eb6514c9c08, o0x7eb6514c9c68, o0x7eb6514c9ba8;
LS_0x5bc1f089a940_0_4 .concat [ 4 0 0 0], L_0x5bc1f089ab00;
L_0x5bc1f089a940 .concat [ 36 4 0 0], LS_0x5bc1f089a940_0_0, LS_0x5bc1f089a940_0_4;
L_0x5bc1f089ad10 .part o0x7eb6514c9db8, 0, 4;
LS_0x5bc1f089ae70_0_0 .concat [ 1 1 2 32], o0x7eb6514c9e78, o0x7eb6514c9de8, o0x7eb6514c9e48, o0x7eb6514c9d88;
LS_0x5bc1f089ae70_0_4 .concat [ 4 0 0 0], L_0x5bc1f089ad10;
L_0x5bc1f089ae70 .concat [ 36 4 0 0], LS_0x5bc1f089ae70_0_0, LS_0x5bc1f089ae70_0_4;
L_0x5bc1f089b060 .part v0x5bc1f07651e0_0, 0, 4;
LS_0x5bc1f089adb0_0_0 .concat [ 1 1 2 32], v0x5bc1f07530d0_0, v0x5bc1f0763580_0, L_0x7eb6511b8188, L_0x7eb6511b81d0;
LS_0x5bc1f089adb0_0_4 .concat [ 4 0 0 0], L_0x5bc1f089b060;
L_0x5bc1f089adb0 .concat [ 36 4 0 0], LS_0x5bc1f089adb0_0_0, LS_0x5bc1f089adb0_0_4;
L_0x5bc1f089b200 .part L_0x5bc1f0899dd0, 0, 1;
L_0x5bc1f089b410 .part L_0x5bc1f0899dd0, 1, 1;
L_0x5bc1f089b690 .part L_0x5bc1f0899dd0, 2, 1;
L_0x5bc1f089b9b0 .part L_0x5bc1f0899870, 0, 1;
L_0x5bc1f089bb50 .part L_0x5bc1f0899870, 1, 1;
L_0x5bc1f089be80 .part L_0x5bc1f0899870, 2, 1;
S_0x5bc1f085d2a0 .scope module, "u_axi_arbiter_stom_s2" "axi_arbiter_stom_s2" 2 2416, 2 1689 0, S_0x5bc1f085c3d0;
 .timescale 0 0;
    .port_info 0 /INPUT 1 "ARESETn";
    .port_info 1 /INPUT 1 "ACLK";
    .port_info 2 /INPUT 3 "BSELECT";
    .port_info 3 /INPUT 3 "BVALID";
    .port_info 4 /INPUT 3 "BREADY";
    .port_info 5 /OUTPUT 3 "BGRANT";
    .port_info 6 /INPUT 3 "RSELECT";
    .port_info 7 /INPUT 3 "RVALID";
    .port_info 8 /INPUT 3 "RREADY";
    .port_info 9 /INPUT 3 "RLAST";
    .port_info 10 /OUTPUT 3 "RGRANT";
P_0x5bc1f085d4a0 .param/l "NUM" 0 2 1690, +C4<00000000000000000000000000000010>;
P_0x5bc1f085d4e0 .param/l "STB_RUN" 1 2 1744, C4<00000000000000000000000000000000>;
P_0x5bc1f085d520 .param/l "STB_WAIT" 1 2 1745, C4<00000000000000000000000000000001>;
P_0x5bc1f085d560 .param/l "STR_RUN" 1 2 1711, C4<00000000000000000000000000000000>;
P_0x5bc1f085d5a0 .param/l "STR_WAIT" 1 2 1712, C4<00000000000000000000000000000001>;
L_0x5bc1f0893a20 .functor AND 3, L_0x5bc1f0898fe0, L_0x5bc1f089a1a0, C4<111>, C4<111>;
L_0x5bc1f0899c70 .functor AND 3, L_0x5bc1f0898bd0, L_0x5bc1f0899fb0, C4<111>, C4<111>;
v0x5bc1f085dbb0_0 .net "ACLK", 0 0, o0x7eb6514bc3d8;  alias, 0 drivers
v0x5bc1f085dc70_0 .net "ARESETn", 0 0, o0x7eb6514bc6d8;  alias, 0 drivers
v0x5bc1f085df40_0 .net "BGRANT", 2 0, L_0x5bc1f0899dd0;  alias, 1 drivers
v0x5bc1f085e010_0 .net "BREADY", 2 0, L_0x5bc1f089a0a0;  1 drivers
v0x5bc1f085e0f0_0 .net "BSELECT", 2 0, L_0x5bc1f0898bd0;  alias, 1 drivers
v0x5bc1f085e220_0 .net "BVALID", 2 0, L_0x5bc1f0899fb0;  1 drivers
v0x5bc1f085e300_0 .net "RGRANT", 2 0, L_0x5bc1f0899870;  alias, 1 drivers
v0x5bc1f085e3e0_0 .net "RLAST", 2 0, L_0x5bc1f089a350;  1 drivers
v0x5bc1f085e4c0_0 .net "RREADY", 2 0, L_0x5bc1f089a240;  1 drivers
v0x5bc1f085e5a0_0 .net "RSELECT", 2 0, L_0x5bc1f0898fe0;  alias, 1 drivers
v0x5bc1f085e680_0 .net "RVALID", 2 0, L_0x5bc1f089a1a0;  1 drivers
v0x5bc1f085e760_0 .net *"_ivl_0", 31 0, L_0x5bc1f0899690;  1 drivers
v0x5bc1f085e840_0 .net *"_ivl_11", 2 0, L_0x5bc1f08997d0;  1 drivers
v0x5bc1f085e920_0 .net *"_ivl_14", 31 0, L_0x5bc1f0899a00;  1 drivers
L_0x7eb6511b80b0 .functor BUFT 1, C4<0000000000000000000000000000000>, C4<0>, C4<0>, C4<0>;
v0x5bc1f085ea00_0 .net *"_ivl_17", 30 0, L_0x7eb6511b80b0;  1 drivers
L_0x7eb6511b80f8 .functor BUFT 1, C4<00000000000000000000000000000000>, C4<0>, C4<0>, C4<0>;
v0x5bc1f085eae0_0 .net/2u *"_ivl_18", 31 0, L_0x7eb6511b80f8;  1 drivers
v0x5bc1f085ebc0_0 .net *"_ivl_20", 0 0, L_0x5bc1f0899af0;  1 drivers
v0x5bc1f085ec80_0 .net *"_ivl_22", 2 0, L_0x5bc1f0899c70;  1 drivers
v0x5bc1f085ed60_0 .net *"_ivl_25", 2 0, L_0x5bc1f0899ce0;  1 drivers
L_0x7eb6511b8020 .functor BUFT 1, C4<0000000000000000000000000000000>, C4<0>, C4<0>, C4<0>;
v0x5bc1f085ee40_0 .net *"_ivl_3", 30 0, L_0x7eb6511b8020;  1 drivers
L_0x7eb6511b8068 .functor BUFT 1, C4<00000000000000000000000000000000>, C4<0>, C4<0>, C4<0>;
v0x5bc1f085ef20_0 .net/2u *"_ivl_4", 31 0, L_0x7eb6511b8068;  1 drivers
v0x5bc1f085f000_0 .net *"_ivl_6", 0 0, L_0x5bc1f0899730;  1 drivers
v0x5bc1f085f0c0_0 .net *"_ivl_8", 2 0, L_0x5bc1f0893a20;  1 drivers
v0x5bc1f085f1a0_0 .var "bgrant_reg", 2 0;
v0x5bc1f085f280_0 .var "rgrant_reg", 2 0;
v0x5bc1f085f360_0 .var "stateB", 0 0;
v0x5bc1f085f420_0 .var "stateR", 0 0;
L_0x5bc1f0899690 .concat [ 1 31 0 0], v0x5bc1f085f420_0, L_0x7eb6511b8020;
L_0x5bc1f0899730 .cmp/eq 32, L_0x5bc1f0899690, L_0x7eb6511b8068;
L_0x5bc1f08997d0 .ufunc/vec4 TD_amba_axi_m2s2.u_axi_stom_m1.u_axi_arbiter_stom_s2.priority_sel, 3, L_0x5bc1f0893a20 (v0x5bc1f085dad0_0) S_0x5bc1f085d870;
L_0x5bc1f0899870 .functor MUXZ 3, v0x5bc1f085f280_0, L_0x5bc1f08997d0, L_0x5bc1f0899730, C4<>;
L_0x5bc1f0899a00 .concat [ 1 31 0 0], v0x5bc1f085f360_0, L_0x7eb6511b80b0;
L_0x5bc1f0899af0 .cmp/eq 32, L_0x5bc1f0899a00, L_0x7eb6511b80f8;
L_0x5bc1f0899ce0 .ufunc/vec4 TD_amba_axi_m2s2.u_axi_stom_m1.u_axi_arbiter_stom_s2.priority_sel, 3, L_0x5bc1f0899c70 (v0x5bc1f085dad0_0) S_0x5bc1f085d870;
L_0x5bc1f0899dd0 .functor MUXZ 3, v0x5bc1f085f1a0_0, L_0x5bc1f0899ce0, L_0x5bc1f0899af0, C4<>;
S_0x5bc1f085d870 .scope function.vec4.s3, "priority_sel" "priority_sel" 2 1774, 2 1774 0, S_0x5bc1f085d2a0;
 .timescale 0 0;
; Variable priority_sel is vec4 return value of scope S_0x5bc1f085d870
v0x5bc1f085dad0_0 .var "request", 2 0;
TD_amba_axi_m2s2.u_axi_stom_m1.u_axi_arbiter_stom_s2.priority_sel ;
    %load/vec4 v0x5bc1f085dad0_0;
    %dup/vec4;
    %pushi/vec4 7, 6, 3;
    %cmp/x;
    %jmp/1 T_4.17, 4;
    %dup/vec4;
    %pushi/vec4 6, 4, 3;
    %cmp/x;
    %jmp/1 T_4.18, 4;
    %dup/vec4;
    %pushi/vec4 4, 0, 3;
    %cmp/x;
    %jmp/1 T_4.19, 4;
    %pushi/vec4 0, 0, 3;
    %ret/vec4 0, 0, 3;  Assign to priority_sel (store_vec4_to_lval)
    %jmp T_4.21;
T_4.17 ;
    %pushi/vec4 1, 0, 3;
    %ret/vec4 0, 0, 3;  Assign to priority_sel (store_vec4_to_lval)
    %jmp T_4.21;
T_4.18 ;
    %pushi/vec4 2, 0, 3;
    %ret/vec4 0, 0, 3;  Assign to priority_sel (store_vec4_to_lval)
    %jmp T_4.21;
T_4.19 ;
    %pushi/vec4 4, 0, 3;
    %ret/vec4 0, 0, 3;  Assign to priority_sel (store_vec4_to_lval)
    %jmp T_4.21;
T_4.21 ;
    %pop/vec4 1;
    %end;
    .scope S_0x5bc1f08216e0;
T_5 ;
    %pushi/vec4 0, 0, 5;
    %store/vec4 v0x5bc1f082ab20_0, 0, 5;
    %end;
    .thread T_5;
    .scope S_0x5bc1f08216e0;
T_6 ;
    %pushi/vec4 0, 0, 5;
    %store/vec4 v0x5bc1f082ac00_0, 0, 5;
    %end;
    .thread T_6;
    .scope S_0x5bc1f08216e0;
T_7 ;
    %pushi/vec4 0, 0, 5;
    %store/vec4 v0x5bc1f082af40_0, 0, 5;
    %end;
    .thread T_7;
    .scope S_0x5bc1f08216e0;
T_8 ;
    %pushi/vec4 0, 0, 5;
    %store/vec4 v0x5bc1f082b020_0, 0, 5;
    %end;
    .thread T_8;
    .scope S_0x5bc1f08216e0;
T_9 ;
    %wait E_0x5bc1f0827e90;
    %load/vec4 v0x5bc1f082b730_0;
    %cmpi/e 0, 0, 1;
    %jmp/0xz  T_9.0, 4;
    %pushi/vec4 0, 0, 5;
    %assign/vec4 v0x5bc1f082ac00_0, 0;
    %pushi/vec4 1, 0, 5;
    %assign/vec4 v0x5bc1f082b020_0, 0;
    %jmp T_9.1;
T_9.0 ;
    %load/vec4 v0x5bc1f082a900_0;
    %flag_set/vec4 8;
    %jmp/0xz  T_9.2, 8;
    %pushi/vec4 0, 0, 5;
    %assign/vec4 v0x5bc1f082ac00_0, 0;
    %pushi/vec4 1, 0, 5;
    %assign/vec4 v0x5bc1f082b020_0, 0;
    %jmp T_9.3;
T_9.2 ;
    %load/vec4 v0x5bc1f082ace0_0;
    %nor/r;
    %flag_set/vec4 9;
    %flag_get/vec4 9;
    %jmp/0 T_9.6, 9;
    %load/vec4 v0x5bc1f082b970_0;
    %and;
T_9.6;
    %flag_set/vec4 8;
    %jmp/0xz  T_9.4, 8;
    %load/vec4 v0x5bc1f082b020_0;
    %assign/vec4 v0x5bc1f082ac00_0, 0;
    %load/vec4 v0x5bc1f082b020_0;
    %addi 1, 0, 5;
    %assign/vec4 v0x5bc1f082b020_0, 0;
T_9.4 ;
T_9.3 ;
T_9.1 ;
    %jmp T_9;
    .thread T_9;
    .scope S_0x5bc1f08216e0;
T_10 ;
    %wait E_0x5bc1f0827e90;
    %load/vec4 v0x5bc1f082b730_0;
    %cmpi/e 0, 0, 1;
    %jmp/0xz  T_10.0, 4;
    %pushi/vec4 0, 0, 5;
    %assign/vec4 v0x5bc1f082ab20_0, 0;
    %pushi/vec4 1, 0, 5;
    %assign/vec4 v0x5bc1f082af40_0, 0;
    %jmp T_10.1;
T_10.0 ;
    %load/vec4 v0x5bc1f082a900_0;
    %flag_set/vec4 8;
    %jmp/0xz  T_10.2, 8;
    %pushi/vec4 0, 0, 5;
    %assign/vec4 v0x5bc1f082ab20_0, 0;
    %pushi/vec4 1, 0, 5;
    %assign/vec4 v0x5bc1f082af40_0, 0;
    %jmp T_10.3;
T_10.2 ;
    %load/vec4 v0x5bc1f082a9a0_0;
    %nor/r;
    %flag_set/vec4 9;
    %flag_get/vec4 9;
    %jmp/0 T_10.6, 9;
    %load/vec4 v0x5bc1f082b3f0_0;
    %and;
T_10.6;
    %flag_set/vec4 8;
    %jmp/0xz  T_10.4, 8;
    %load/vec4 v0x5bc1f082af40_0;
    %assign/vec4 v0x5bc1f082ab20_0, 0;
    %load/vec4 v0x5bc1f082af40_0;
    %addi 1, 0, 5;
    %assign/vec4 v0x5bc1f082af40_0, 0;
T_10.4 ;
T_10.3 ;
T_10.1 ;
    %jmp T_10;
    .thread T_10;
    .scope S_0x5bc1f08216e0;
T_11 ;
    %wait E_0x5bc1f0827e90;
    %load/vec4 v0x5bc1f082b730_0;
    %cmpi/e 0, 0, 1;
    %jmp/0xz  T_11.0, 4;
    %pushi/vec4 0, 0, 5;
    %assign/vec4 v0x5bc1f082ae60_0, 0;
    %jmp T_11.1;
T_11.0 ;
    %load/vec4 v0x5bc1f082a900_0;
    %flag_set/vec4 8;
    %jmp/0xz  T_11.2, 8;
    %pushi/vec4 0, 0, 5;
    %assign/vec4 v0x5bc1f082ae60_0, 0;
    %jmp T_11.3;
T_11.2 ;
    %load/vec4 v0x5bc1f082b970_0;
    %flag_set/vec4 10;
    %flag_get/vec4 10;
    %jmp/0 T_11.7, 10;
    %load/vec4 v0x5bc1f082ace0_0;
    %nor/r;
    %and;
T_11.7;
    %flag_set/vec4 9;
    %flag_get/vec4 9;
    %jmp/0 T_11.6, 9;
    %load/vec4 v0x5bc1f082b3f0_0;
    %nor/r;
    %flag_set/vec4 9;
    %flag_get/vec4 9;
    %jmp/1 T_11.8, 9;
    %load/vec4 v0x5bc1f082b3f0_0;
    %flag_set/vec4 9;
    %flag_get/vec4 9;
    %jmp/0 T_11.9, 9;
    %load/vec4 v0x5bc1f082a9a0_0;
    %and;
T_11.9;
    %or;
T_11.8;
    %and;
T_11.6;
    %flag_set/vec4 8;
    %jmp/0xz  T_11.4, 8;
    %load/vec4 v0x5bc1f082ae60_0;
    %addi 1, 0, 5;
    %assign/vec4 v0x5bc1f082ae60_0, 0;
    %jmp T_11.5;
T_11.4 ;
    %load/vec4 v0x5bc1f082b3f0_0;
    %flag_set/vec4 10;
    %flag_get/vec4 10;
    %jmp/0 T_11.13, 10;
    %load/vec4 v0x5bc1f082a9a0_0;
    %nor/r;
    %and;
T_11.13;
    %flag_set/vec4 9;
    %flag_get/vec4 9;
    %jmp/0 T_11.12, 9;
    %load/vec4 v0x5bc1f082b970_0;
    %nor/r;
    %flag_set/vec4 9;
    %flag_get/vec4 9;
    %jmp/1 T_11.14, 9;
    %load/vec4 v0x5bc1f082b970_0;
    %flag_set/vec4 9;
    %flag_get/vec4 9;
    %jmp/0 T_11.15, 9;
    %load/vec4 v0x5bc1f082ace0_0;
    %and;
T_11.15;
    %or;
T_11.14;
    %and;
T_11.12;
    %flag_set/vec4 8;
    %jmp/0xz  T_11.10, 8;
    %load/vec4 v0x5bc1f082ae60_0;
    %subi 1, 0, 5;
    %assign/vec4 v0x5bc1f082ae60_0, 0;
T_11.10 ;
T_11.5 ;
T_11.3 ;
T_11.1 ;
    %jmp T_11;
    .thread T_11;
    .scope S_0x5bc1f08216e0;
T_12 ;
    %wait E_0x5bc1f0827a10;
    %load/vec4 v0x5bc1f082ace0_0;
    %nor/r;
    %flag_set/vec4 9;
    %flag_get/vec4 9;
    %jmp/0 T_12.2, 9;
    %load/vec4 v0x5bc1f082b970_0;
    %and;
T_12.2;
    %flag_set/vec4 8;
    %jmp/0xz  T_12.0, 8;
    %load/vec4 v0x5bc1f082b7d0_0;
    %load/vec4 v0x5bc1f082ac00_0;
    %parti/s 4, 0, 2;
    %pad/u 6;
    %ix/vec4 3;
    %ix/load 4, 0, 0; Constant delay
    %assign/vec4/a/d v0x5bc1f0807e20, 0, 4;
T_12.0 ;
    %jmp T_12;
    .thread T_12;
    .scope S_0x5bc1f07dde10;
T_13 ;
    %pushi/vec4 0, 0, 2;
    %store/vec4 v0x5bc1f082fd40_0, 0, 2;
    %pushi/vec4 0, 0, 2;
    %store/vec4 v0x5bc1f082fe20_0, 0, 2;
    %end;
    .thread T_13;
    .scope S_0x5bc1f07dde10;
T_14 ;
    %wait E_0x5bc1f0827e90;
    %load/vec4 v0x5bc1f082bcd0_0;
    %cmpi/e 0, 0, 1;
    %jmp/0xz  T_14.0, 4;
    %pushi/vec4 0, 0, 1;
    %assign/vec4 v0x5bc1f082fbe0_0, 0;
    %pushi/vec4 0, 0, 5;
    %assign/vec4 v0x5bc1f082fc80_0, 0;
    %pushi/vec4 0, 0, 2;
    %assign/vec4 v0x5bc1f082f170_0, 0;
    %pushi/vec4 0, 0, 2;
    %assign/vec4 v0x5bc1f082fd40_0, 0;
    %jmp T_14.1;
T_14.0 ;
    %load/vec4 v0x5bc1f082fd40_0;
    %dup/vec4;
    %pushi/vec4 0, 0, 2;
    %cmp/u;
    %jmp/1 T_14.2, 6;
    %dup/vec4;
    %pushi/vec4 1, 0, 2;
    %cmp/u;
    %jmp/1 T_14.3, 6;
    %dup/vec4;
    %pushi/vec4 2, 0, 2;
    %cmp/u;
    %jmp/1 T_14.4, 6;
    %jmp T_14.5;
T_14.2 ;
    %load/vec4 v0x5bc1f082bd90_0;
    %load/vec4 v0x5bc1f082be60_0;
    %and;
    %or/r;
    %flag_set/vec4 8;
    %jmp/0xz  T_14.6, 8;
    %pushi/vec4 1, 0, 1;
    %assign/vec4 v0x5bc1f082fbe0_0, 0;
    %load/vec4 v0x5bc1f082fb40_0;
    %assign/vec4 v0x5bc1f082fc80_0, 0;
    %load/vec4 v0x5bc1f082bd90_0;
    %assign/vec4 v0x5bc1f082f170_0, 0;
    %pushi/vec4 2, 0, 2;
    %assign/vec4 v0x5bc1f082fd40_0, 0;
    %jmp T_14.7;
T_14.6 ;
    %load/vec4 v0x5bc1f082bd90_0;
    %or/r;
    %flag_set/vec4 8;
    %jmp/0xz  T_14.8, 8;
    %load/vec4 v0x5bc1f082bd90_0;
    %load/vec4 v0x5bc1f082bf40_0;
    %and;
    %nor/r;
    %flag_set/vec4 8;
    %jmp/0xz  T_14.10, 8;
    %load/vec4 v0x5bc1f082bd90_0;
    %assign/vec4 v0x5bc1f082f170_0, 0;
    %pushi/vec4 1, 0, 2;
    %assign/vec4 v0x5bc1f082fd40_0, 0;
T_14.10 ;
T_14.8 ;
T_14.7 ;
    %jmp T_14.5;
T_14.3 ;
    %load/vec4 v0x5bc1f082bd90_0;
    %load/vec4 v0x5bc1f082c2c0_0;
    %and;
    %load/vec4 v0x5bc1f082bf40_0;
    %and;
    %or/r;
    %flag_set/vec4 8;
    %jmp/0xz  T_14.12, 8;
    %pushi/vec4 0, 0, 2;
    %assign/vec4 v0x5bc1f082fd40_0, 0;
T_14.12 ;
    %jmp T_14.5;
T_14.4 ;
    %load/vec4 v0x5bc1f082ff00_0;
    %flag_set/vec4 8;
    %jmp/0xz  T_14.14, 8;
    %pushi/vec4 0, 0, 1;
    %assign/vec4 v0x5bc1f082fbe0_0, 0;
    %pushi/vec4 0, 0, 5;
    %assign/vec4 v0x5bc1f082fc80_0, 0;
    %pushi/vec4 0, 0, 2;
    %assign/vec4 v0x5bc1f082f170_0, 0;
    %pushi/vec4 0, 0, 2;
    %assign/vec4 v0x5bc1f082fd40_0, 0;
T_14.14 ;
    %jmp T_14.5;
T_14.5 ;
    %pop/vec4 1;
T_14.1 ;
    %jmp T_14;
    .thread T_14;
    .scope S_0x5bc1f07dde10;
T_15 ;
    %wait E_0x5bc1f0827e90;
    %load/vec4 v0x5bc1f082bcd0_0;
    %cmpi/e 0, 0, 1;
    %jmp/0xz  T_15.0, 4;
    %pushi/vec4 0, 0, 2;
    %assign/vec4 v0x5bc1f082f250_0, 0;
    %pushi/vec4 0, 0, 1;
    %assign/vec4 v0x5bc1f082ff00_0, 0;
    %pushi/vec4 0, 0, 2;
    %assign/vec4 v0x5bc1f082fe20_0, 0;
    %jmp T_15.1;
T_15.0 ;
    %load/vec4 v0x5bc1f082fe20_0;
    %dup/vec4;
    %pushi/vec4 0, 0, 2;
    %cmp/u;
    %jmp/1 T_15.2, 6;
    %dup/vec4;
    %pushi/vec4 1, 0, 2;
    %cmp/u;
    %jmp/1 T_15.3, 6;
    %dup/vec4;
    %pushi/vec4 2, 0, 2;
    %cmp/u;
    %jmp/1 T_15.4, 6;
    %pushi/vec4 0, 0, 2;
    %assign/vec4 v0x5bc1f082f250_0, 0;
    %pushi/vec4 0, 0, 1;
    %assign/vec4 v0x5bc1f082ff00_0, 0;
    %pushi/vec4 0, 0, 2;
    %assign/vec4 v0x5bc1f082fe20_0, 0;
    %jmp T_15.6;
T_15.2 ;
    %load/vec4 v0x5bc1f082fbe0_0;
    %inv;
    %flag_set/vec4 8;
    %jmp/0xz  T_15.7, 8;
    %load/vec4 v0x5bc1f082c3a0_0;
    %or/r;
    %flag_set/vec4 8;
    %jmp/0xz  T_15.9, 8;
    %load/vec4 v0x5bc1f082c3a0_0;
    %load/vec4 v0x5bc1f082c560_0;
    %and;
    %nor/r;
    %flag_set/vec4 8;
    %jmp/0xz  T_15.11, 8;
    %load/vec4 v0x5bc1f082c3a0_0;
    %assign/vec4 v0x5bc1f082f250_0, 0;
    %pushi/vec4 1, 0, 2;
    %assign/vec4 v0x5bc1f082fe20_0, 0;
T_15.11 ;
T_15.9 ;
    %jmp T_15.8;
T_15.7 ;
    %load/vec4 v0x5bc1f082fc80_0;
    %parti/s 1, 4, 4;
    %load/vec4 v0x5bc1f082c9c0_0;
    %cmp/e;
    %jmp/0xz  T_15.13, 4;
    %load/vec4 v0x5bc1f082c640_0;
    %parti/s 1, 0, 2;
    %load/vec4 v0x5bc1f082c8e0_0;
    %parti/s 1, 0, 2;
    %and;
    %flag_set/vec4 8;
    %jmp/0xz  T_15.15, 8;
    %load/vec4 v0x5bc1f082fc80_0;
    %parti/s 1, 4, 4;
    %load/vec4 v0x5bc1f082c720_0;
    %parti/s 1, 4, 4;
    %cmp/e;
    %jmp/0xz  T_15.17, 4;
    %pushi/vec4 1, 0, 2;
    %assign/vec4 v0x5bc1f082f250_0, 0;
    %load/vec4 v0x5bc1f082c480_0;
    %parti/s 1, 0, 2;
    %inv;
    %flag_set/vec4 8;
    %jmp/0xz  T_15.19, 8;
    %pushi/vec4 1, 0, 1;
    %assign/vec4 v0x5bc1f082ff00_0, 0;
    %jmp T_15.20;
T_15.19 ;
    %pushi/vec4 0, 0, 1;
    %assign/vec4 v0x5bc1f082ff00_0, 0;
T_15.20 ;
    %pushi/vec4 2, 0, 2;
    %assign/vec4 v0x5bc1f082fe20_0, 0;
T_15.17 ;
T_15.15 ;
    %jmp T_15.14;
T_15.13 ;
    %load/vec4 v0x5bc1f082fc80_0;
    %parti/s 1, 4, 4;
    %load/vec4 v0x5bc1f082caa0_0;
    %cmp/e;
    %jmp/0xz  T_15.21, 4;
    %load/vec4 v0x5bc1f082c640_0;
    %parti/s 1, 1, 2;
    %load/vec4 v0x5bc1f082c8e0_0;
    %parti/s 1, 1, 2;
    %and;
    %flag_set/vec4 8;
    %jmp/0xz  T_15.23, 8;
    %load/vec4 v0x5bc1f082fc80_0;
    %parti/s 1, 4, 4;
    %load/vec4 v0x5bc1f082c800_0;
    %parti/s 1, 4, 4;
    %cmp/e;
    %jmp/0xz  T_15.25, 4;
    %pushi/vec4 2, 0, 2;
    %assign/vec4 v0x5bc1f082f250_0, 0;
    %load/vec4 v0x5bc1f082c480_0;
    %parti/s 1, 1, 2;
    %inv;
    %flag_set/vec4 8;
    %jmp/0xz  T_15.27, 8;
    %pushi/vec4 1, 0, 1;
    %assign/vec4 v0x5bc1f082ff00_0, 0;
    %jmp T_15.28;
T_15.27 ;
    %pushi/vec4 0, 0, 1;
    %assign/vec4 v0x5bc1f082ff00_0, 0;
T_15.28 ;
    %pushi/vec4 2, 0, 2;
    %assign/vec4 v0x5bc1f082fe20_0, 0;
T_15.25 ;
T_15.23 ;
T_15.21 ;
T_15.14 ;
T_15.8 ;
    %jmp T_15.6;
T_15.3 ;
    %load/vec4 v0x5bc1f082c3a0_0;
    %load/vec4 v0x5bc1f082c8e0_0;
    %and;
    %load/vec4 v0x5bc1f082c560_0;
    %and;
    %or/r;
    %flag_set/vec4 8;
    %jmp/0xz  T_15.29, 8;
    %pushi/vec4 0, 0, 2;
    %assign/vec4 v0x5bc1f082f250_0, 0;
    %pushi/vec4 0, 0, 2;
    %assign/vec4 v0x5bc1f082fe20_0, 0;
T_15.29 ;
    %jmp T_15.6;
T_15.4 ;
    %load/vec4 v0x5bc1f082c3a0_0;
    %load/vec4 v0x5bc1f082c8e0_0;
    %and;
    %load/vec4 v0x5bc1f082c560_0;
    %and;
    %or/r;
    %flag_set/vec4 8;
    %jmp/0xz  T_15.31, 8;
    %pushi/vec4 0, 0, 2;
    %assign/vec4 v0x5bc1f082f250_0, 0;
    %pushi/vec4 0, 0, 1;
    %assign/vec4 v0x5bc1f082ff00_0, 0;
    %pushi/vec4 0, 0, 2;
    %assign/vec4 v0x5bc1f082fe20_0, 0;
T_15.31 ;
    %jmp T_15.6;
T_15.6 ;
    %pop/vec4 1;
T_15.1 ;
    %jmp T_15;
    .thread T_15;
    .scope S_0x5bc1f07dde10;
T_16 ;
    %wait E_0x5bc1f05846e0;
    %load/vec4 v0x5bc1f082f4c0_0;
    %inv;
    %flag_set/vec4 8;
    %jmp/0xz  T_16.0, 8;
    %pushi/vec4 0, 0, 2;
    %store/vec4 v0x5bc1f082cb80_0, 0, 2;
    %jmp T_16.1;
T_16.0 ;
    %load/vec4 v0x5bc1f082f330_0;
    %parti/s 1, 4, 4;
    %load/vec4 v0x5bc1f082c9c0_0;
    %cmp/e;
    %jmp/0xz  T_16.2, 4;
    %pushi/vec4 1, 0, 2;
    %store/vec4 v0x5bc1f082cb80_0, 0, 2;
    %jmp T_16.3;
T_16.2 ;
    %load/vec4 v0x5bc1f082f330_0;
    %parti/s 1, 4, 4;
    %load/vec4 v0x5bc1f082caa0_0;
    %cmp/e;
    %jmp/0xz  T_16.4, 4;
    %pushi/vec4 2, 0, 2;
    %store/vec4 v0x5bc1f082cb80_0, 0, 2;
    %jmp T_16.5;
T_16.4 ;
    %pushi/vec4 0, 0, 2;
    %store/vec4 v0x5bc1f082cb80_0, 0, 2;
T_16.5 ;
T_16.3 ;
T_16.1 ;
    %jmp T_16;
    .thread T_16, $push;
    .scope S_0x5bc1f07de110;
T_17 ;
    %wait E_0x5bc1f07771b0;
    %pushi/vec4 1, 0, 1;
    %load/vec4 v0x5bc1f08316f0_0;
    %parti/s 20, 12, 5;
    %pushi/vec4 0, 0, 20;
    %cmp/e;
    %flag_get/vec4 4;
    %and;
    %ix/load 4, 0, 0;
    %flag_set/imm 4, 0;
    %store/vec4 v0x5bc1f0830d20_0, 4, 1;
    %pushi/vec4 1, 0, 1;
    %load/vec4 v0x5bc1f0832980_0;
    %parti/s 20, 12, 5;
    %pushi/vec4 0, 0, 20;
    %cmp/e;
    %flag_get/vec4 4;
    %and;
    %ix/load 4, 1, 0;
    %flag_set/imm 4, 0;
    %store/vec4 v0x5bc1f0830d20_0, 4, 1;
    %pushi/vec4 1, 0, 1;
    %load/vec4 v0x5bc1f0831070_0;
    %parti/s 20, 12, 5;
    %pushi/vec4 0, 0, 20;
    %cmp/e;
    %flag_get/vec4 4;
    %and;
    %ix/load 4, 0, 0;
    %flag_set/imm 4, 0;
    %store/vec4 v0x5bc1f0830780_0, 4, 1;
    %pushi/vec4 1, 0, 1;
    %load/vec4 v0x5bc1f0832300_0;
    %parti/s 20, 12, 5;
    %pushi/vec4 0, 0, 20;
    %cmp/e;
    %flag_get/vec4 4;
    %and;
    %ix/load 4, 1, 0;
    %flag_set/imm 4, 0;
    %store/vec4 v0x5bc1f0830780_0, 4, 1;
    %jmp T_17;
    .thread T_17, $push;
    .scope S_0x5bc1f07de110;
T_18 ;
    %wait E_0x5bc1f0777150;
    %load/vec4 v0x5bc1f0830ab0_0;
    %parti/s 1, 0, 2;
    %replicate 52;
    %ix/load 4, 0, 0;
    %flag_set/imm 4, 0;
    %load/vec4a v0x5bc1f0835540, 4;
    %and;
    %load/vec4 v0x5bc1f0830ab0_0;
    %parti/s 1, 1, 2;
    %replicate 52;
    %ix/load 4, 1, 0;
    %flag_set/imm 4, 0;
    %load/vec4a v0x5bc1f0835540, 4;
    %and;
    %or;
    %split/vec4 1;
    %store/vec4 v0x5bc1f0834600_0, 0, 1;
    %split/vec4 2;
    %store/vec4 v0x5bc1f0834100_0, 0, 2;
    %split/vec4 3;
    %store/vec4 v0x5bc1f0834520_0, 0, 3;
    %split/vec4 1;
    %store/vec4 v0x5bc1f08343a0_0, 0, 1;
    %split/vec4 8;
    %store/vec4 v0x5bc1f08342c0_0, 0, 8;
    %split/vec4 32;
    %store/vec4 v0x5bc1f0834020_0, 0, 32;
    %store/vec4 v0x5bc1f08341e0_0, 0, 5;
    %jmp T_18;
    .thread T_18, $push;
    .scope S_0x5bc1f07de110;
T_19 ;
    %wait E_0x5bc1f07770f0;
    %load/vec4 v0x5bc1f0834ba0_0;
    %parti/s 1, 0, 2;
    %replicate 43;
    %ix/load 4, 0, 0;
    %flag_set/imm 4, 0;
    %load/vec4a v0x5bc1f0835660, 4;
    %and;
    %load/vec4 v0x5bc1f0834ba0_0;
    %parti/s 1, 1, 2;
    %replicate 43;
    %ix/load 4, 1, 0;
    %flag_set/imm 4, 0;
    %load/vec4a v0x5bc1f0835660, 4;
    %and;
    %or;
    %split/vec4 1;
    %store/vec4 v0x5bc1f0834ae0_0, 0, 1;
    %split/vec4 1;
    %store/vec4 v0x5bc1f0834880_0, 0, 1;
    %split/vec4 4;
    %store/vec4 v0x5bc1f0834a00_0, 0, 4;
    %split/vec4 32;
    %store/vec4 v0x5bc1f08346c0_0, 0, 32;
    %store/vec4 v0x5bc1f08347a0_0, 0, 5;
    %jmp T_19;
    .thread T_19, $push;
    .scope S_0x5bc1f07de110;
T_20 ;
    %wait E_0x5bc1f0827f60;
    %load/vec4 v0x5bc1f0830510_0;
    %parti/s 1, 0, 2;
    %replicate 52;
    %ix/load 4, 0, 0;
    %flag_set/imm 4, 0;
    %load/vec4a v0x5bc1f0835420, 4;
    %and;
    %load/vec4 v0x5bc1f0830510_0;
    %parti/s 1, 1, 2;
    %replicate 52;
    %ix/load 4, 1, 0;
    %flag_set/imm 4, 0;
    %load/vec4a v0x5bc1f0835420, 4;
    %and;
    %or;
    %split/vec4 1;
    %store/vec4 v0x5bc1f0833f60_0, 0, 1;
    %split/vec4 2;
    %store/vec4 v0x5bc1f0833650_0, 0, 2;
    %split/vec4 3;
    %store/vec4 v0x5bc1f0833e80_0, 0, 3;
    %split/vec4 1;
    %store/vec4 v0x5bc1f0833d00_0, 0, 1;
    %split/vec4 8;
    %store/vec4 v0x5bc1f0833c20_0, 0, 8;
    %split/vec4 32;
    %store/vec4 v0x5bc1f0833590_0, 0, 32;
    %store/vec4 v0x5bc1f0833730_0, 0, 5;
    %jmp T_20;
    .thread T_20, $push;
    .scope S_0x5bc1f0838600;
T_21 ;
    %pushi/vec4 0, 0, 5;
    %store/vec4 v0x5bc1f083a1a0_0, 0, 5;
    %end;
    .thread T_21;
    .scope S_0x5bc1f0838600;
T_22 ;
    %pushi/vec4 0, 0, 5;
    %store/vec4 v0x5bc1f083a280_0, 0, 5;
    %end;
    .thread T_22;
    .scope S_0x5bc1f0838600;
T_23 ;
    %pushi/vec4 0, 0, 5;
    %store/vec4 v0x5bc1f083a5c0_0, 0, 5;
    %end;
    .thread T_23;
    .scope S_0x5bc1f0838600;
T_24 ;
    %pushi/vec4 0, 0, 5;
    %store/vec4 v0x5bc1f083a6a0_0, 0, 5;
    %end;
    .thread T_24;
    .scope S_0x5bc1f0838600;
T_25 ;
    %wait E_0x5bc1f0827e90;
    %load/vec4 v0x5bc1f083aba0_0;
    %cmpi/e 0, 0, 1;
    %jmp/0xz  T_25.0, 4;
    %pushi/vec4 0, 0, 5;
    %assign/vec4 v0x5bc1f083a280_0, 0;
    %pushi/vec4 1, 0, 5;
    %assign/vec4 v0x5bc1f083a6a0_0, 0;
    %jmp T_25.1;
T_25.0 ;
    %load/vec4 v0x5bc1f0839f60_0;
    %flag_set/vec4 8;
    %jmp/0xz  T_25.2, 8;
    %pushi/vec4 0, 0, 5;
    %assign/vec4 v0x5bc1f083a280_0, 0;
    %pushi/vec4 1, 0, 5;
    %assign/vec4 v0x5bc1f083a6a0_0, 0;
    %jmp T_25.3;
T_25.2 ;
    %load/vec4 v0x5bc1f083a360_0;
    %nor/r;
    %flag_set/vec4 9;
    %flag_get/vec4 9;
    %jmp/0 T_25.6, 9;
    %load/vec4 v0x5bc1f083ade0_0;
    %and;
T_25.6;
    %flag_set/vec4 8;
    %jmp/0xz  T_25.4, 8;
    %load/vec4 v0x5bc1f083a6a0_0;
    %assign/vec4 v0x5bc1f083a280_0, 0;
    %load/vec4 v0x5bc1f083a6a0_0;
    %addi 1, 0, 5;
    %assign/vec4 v0x5bc1f083a6a0_0, 0;
T_25.4 ;
T_25.3 ;
T_25.1 ;
    %jmp T_25;
    .thread T_25;
    .scope S_0x5bc1f0838600;
T_26 ;
    %wait E_0x5bc1f0827e90;
    %load/vec4 v0x5bc1f083aba0_0;
    %cmpi/e 0, 0, 1;
    %jmp/0xz  T_26.0, 4;
    %pushi/vec4 0, 0, 5;
    %assign/vec4 v0x5bc1f083a1a0_0, 0;
    %pushi/vec4 1, 0, 5;
    %assign/vec4 v0x5bc1f083a5c0_0, 0;
    %jmp T_26.1;
T_26.0 ;
    %load/vec4 v0x5bc1f0839f60_0;
    %flag_set/vec4 8;
    %jmp/0xz  T_26.2, 8;
    %pushi/vec4 0, 0, 5;
    %assign/vec4 v0x5bc1f083a1a0_0, 0;
    %pushi/vec4 1, 0, 5;
    %assign/vec4 v0x5bc1f083a5c0_0, 0;
    %jmp T_26.3;
T_26.2 ;
    %load/vec4 v0x5bc1f083a020_0;
    %nor/r;
    %flag_set/vec4 9;
    %flag_get/vec4 9;
    %jmp/0 T_26.6, 9;
    %load/vec4 v0x5bc1f083a860_0;
    %and;
T_26.6;
    %flag_set/vec4 8;
    %jmp/0xz  T_26.4, 8;
    %load/vec4 v0x5bc1f083a5c0_0;
    %assign/vec4 v0x5bc1f083a1a0_0, 0;
    %load/vec4 v0x5bc1f083a5c0_0;
    %addi 1, 0, 5;
    %assign/vec4 v0x5bc1f083a5c0_0, 0;
T_26.4 ;
T_26.3 ;
T_26.1 ;
    %jmp T_26;
    .thread T_26;
    .scope S_0x5bc1f0838600;
T_27 ;
    %wait E_0x5bc1f0827e90;
    %load/vec4 v0x5bc1f083aba0_0;
    %cmpi/e 0, 0, 1;
    %jmp/0xz  T_27.0, 4;
    %pushi/vec4 0, 0, 5;
    %assign/vec4 v0x5bc1f083a4e0_0, 0;
    %jmp T_27.1;
T_27.0 ;
    %load/vec4 v0x5bc1f0839f60_0;
    %flag_set/vec4 8;
    %jmp/0xz  T_27.2, 8;
    %pushi/vec4 0, 0, 5;
    %assign/vec4 v0x5bc1f083a4e0_0, 0;
    %jmp T_27.3;
T_27.2 ;
    %load/vec4 v0x5bc1f083ade0_0;
    %flag_set/vec4 10;
    %flag_get/vec4 10;
    %jmp/0 T_27.7, 10;
    %load/vec4 v0x5bc1f083a360_0;
    %nor/r;
    %and;
T_27.7;
    %flag_set/vec4 9;
    %flag_get/vec4 9;
    %jmp/0 T_27.6, 9;
    %load/vec4 v0x5bc1f083a860_0;
    %nor/r;
    %flag_set/vec4 9;
    %flag_get/vec4 9;
    %jmp/1 T_27.8, 9;
    %load/vec4 v0x5bc1f083a860_0;
    %flag_set/vec4 9;
    %flag_get/vec4 9;
    %jmp/0 T_27.9, 9;
    %load/vec4 v0x5bc1f083a020_0;
    %and;
T_27.9;
    %or;
T_27.8;
    %and;
T_27.6;
    %flag_set/vec4 8;
    %jmp/0xz  T_27.4, 8;
    %load/vec4 v0x5bc1f083a4e0_0;
    %addi 1, 0, 5;
    %assign/vec4 v0x5bc1f083a4e0_0, 0;
    %jmp T_27.5;
T_27.4 ;
    %load/vec4 v0x5bc1f083a860_0;
    %flag_set/vec4 10;
    %flag_get/vec4 10;
    %jmp/0 T_27.13, 10;
    %load/vec4 v0x5bc1f083a020_0;
    %nor/r;
    %and;
T_27.13;
    %flag_set/vec4 9;
    %flag_get/vec4 9;
    %jmp/0 T_27.12, 9;
    %load/vec4 v0x5bc1f083ade0_0;
    %nor/r;
    %flag_set/vec4 9;
    %flag_get/vec4 9;
    %jmp/1 T_27.14, 9;
    %load/vec4 v0x5bc1f083ade0_0;
    %flag_set/vec4 9;
    %flag_get/vec4 9;
    %jmp/0 T_27.15, 9;
    %load/vec4 v0x5bc1f083a360_0;
    %and;
T_27.15;
    %or;
T_27.14;
    %and;
T_27.12;
    %flag_set/vec4 8;
    %jmp/0xz  T_27.10, 8;
    %load/vec4 v0x5bc1f083a4e0_0;
    %subi 1, 0, 5;
    %assign/vec4 v0x5bc1f083a4e0_0, 0;
T_27.10 ;
T_27.5 ;
T_27.3 ;
T_27.1 ;
    %jmp T_27;
    .thread T_27;
    .scope S_0x5bc1f0838600;
T_28 ;
    %wait E_0x5bc1f0827a10;
    %load/vec4 v0x5bc1f083a360_0;
    %nor/r;
    %flag_set/vec4 9;
    %flag_get/vec4 9;
    %jmp/0 T_28.2, 9;
    %load/vec4 v0x5bc1f083ade0_0;
    %and;
T_28.2;
    %flag_set/vec4 8;
    %jmp/0xz  T_28.0, 8;
    %load/vec4 v0x5bc1f083ac40_0;
    %load/vec4 v0x5bc1f083a280_0;
    %parti/s 4, 0, 2;
    %pad/u 6;
    %ix/vec4 3;
    %ix/load 4, 0, 0; Constant delay
    %assign/vec4/a/d v0x5bc1f08388d0, 0, 4;
T_28.0 ;
    %jmp T_28;
    .thread T_28;
    .scope S_0x5bc1f0837650;
T_29 ;
    %pushi/vec4 0, 0, 2;
    %store/vec4 v0x5bc1f083f240_0, 0, 2;
    %pushi/vec4 0, 0, 2;
    %store/vec4 v0x5bc1f083f320_0, 0, 2;
    %end;
    .thread T_29;
    .scope S_0x5bc1f0837650;
T_30 ;
    %wait E_0x5bc1f0827e90;
    %load/vec4 v0x5bc1f083b140_0;
    %cmpi/e 0, 0, 1;
    %jmp/0xz  T_30.0, 4;
    %pushi/vec4 0, 0, 1;
    %assign/vec4 v0x5bc1f083f0e0_0, 0;
    %pushi/vec4 0, 0, 5;
    %assign/vec4 v0x5bc1f083f180_0, 0;
    %pushi/vec4 0, 0, 2;
    %assign/vec4 v0x5bc1f083e6d0_0, 0;
    %pushi/vec4 0, 0, 2;
    %assign/vec4 v0x5bc1f083f240_0, 0;
    %jmp T_30.1;
T_30.0 ;
    %load/vec4 v0x5bc1f083f240_0;
    %dup/vec4;
    %pushi/vec4 0, 0, 2;
    %cmp/u;
    %jmp/1 T_30.2, 6;
    %dup/vec4;
    %pushi/vec4 1, 0, 2;
    %cmp/u;
    %jmp/1 T_30.3, 6;
    %dup/vec4;
    %pushi/vec4 2, 0, 2;
    %cmp/u;
    %jmp/1 T_30.4, 6;
    %jmp T_30.5;
T_30.2 ;
    %load/vec4 v0x5bc1f083b200_0;
    %load/vec4 v0x5bc1f083b2a0_0;
    %and;
    %or/r;
    %flag_set/vec4 8;
    %jmp/0xz  T_30.6, 8;
    %pushi/vec4 1, 0, 1;
    %assign/vec4 v0x5bc1f083f0e0_0, 0;
    %load/vec4 v0x5bc1f083f040_0;
    %assign/vec4 v0x5bc1f083f180_0, 0;
    %load/vec4 v0x5bc1f083b200_0;
    %assign/vec4 v0x5bc1f083e6d0_0, 0;
    %pushi/vec4 2, 0, 2;
    %assign/vec4 v0x5bc1f083f240_0, 0;
    %jmp T_30.7;
T_30.6 ;
    %load/vec4 v0x5bc1f083b200_0;
    %or/r;
    %flag_set/vec4 8;
    %jmp/0xz  T_30.8, 8;
    %load/vec4 v0x5bc1f083b200_0;
    %load/vec4 v0x5bc1f083b380_0;
    %and;
    %nor/r;
    %flag_set/vec4 8;
    %jmp/0xz  T_30.10, 8;
    %load/vec4 v0x5bc1f083b200_0;
    %assign/vec4 v0x5bc1f083e6d0_0, 0;
    %pushi/vec4 1, 0, 2;
    %assign/vec4 v0x5bc1f083f240_0, 0;
T_30.10 ;
T_30.8 ;
T_30.7 ;
    %jmp T_30.5;
T_30.3 ;
    %load/vec4 v0x5bc1f083b200_0;
    %load/vec4 v0x5bc1f083b700_0;
    %and;
    %load/vec4 v0x5bc1f083b380_0;
    %and;
    %or/r;
    %flag_set/vec4 8;
    %jmp/0xz  T_30.12, 8;
    %pushi/vec4 0, 0, 2;
    %assign/vec4 v0x5bc1f083f240_0, 0;
T_30.12 ;
    %jmp T_30.5;
T_30.4 ;
    %load/vec4 v0x5bc1f083f400_0;
    %flag_set/vec4 8;
    %jmp/0xz  T_30.14, 8;
    %pushi/vec4 0, 0, 1;
    %assign/vec4 v0x5bc1f083f0e0_0, 0;
    %pushi/vec4 0, 0, 5;
    %assign/vec4 v0x5bc1f083f180_0, 0;
    %pushi/vec4 0, 0, 2;
    %assign/vec4 v0x5bc1f083e6d0_0, 0;
    %pushi/vec4 0, 0, 2;
    %assign/vec4 v0x5bc1f083f240_0, 0;
T_30.14 ;
    %jmp T_30.5;
T_30.5 ;
    %pop/vec4 1;
T_30.1 ;
    %jmp T_30;
    .thread T_30;
    .scope S_0x5bc1f0837650;
T_31 ;
    %wait E_0x5bc1f0827e90;
    %load/vec4 v0x5bc1f083b140_0;
    %cmpi/e 0, 0, 1;
    %jmp/0xz  T_31.0, 4;
    %pushi/vec4 0, 0, 2;
    %assign/vec4 v0x5bc1f083e7b0_0, 0;
    %pushi/vec4 0, 0, 1;
    %assign/vec4 v0x5bc1f083f400_0, 0;
    %pushi/vec4 0, 0, 2;
    %assign/vec4 v0x5bc1f083f320_0, 0;
    %jmp T_31.1;
T_31.0 ;
    %load/vec4 v0x5bc1f083f320_0;
    %dup/vec4;
    %pushi/vec4 0, 0, 2;
    %cmp/u;
    %jmp/1 T_31.2, 6;
    %dup/vec4;
    %pushi/vec4 1, 0, 2;
    %cmp/u;
    %jmp/1 T_31.3, 6;
    %dup/vec4;
    %pushi/vec4 2, 0, 2;
    %cmp/u;
    %jmp/1 T_31.4, 6;
    %pushi/vec4 0, 0, 2;
    %assign/vec4 v0x5bc1f083e7b0_0, 0;
    %pushi/vec4 0, 0, 1;
    %assign/vec4 v0x5bc1f083f400_0, 0;
    %pushi/vec4 0, 0, 2;
    %assign/vec4 v0x5bc1f083f320_0, 0;
    %jmp T_31.6;
T_31.2 ;
    %load/vec4 v0x5bc1f083f0e0_0;
    %inv;
    %flag_set/vec4 8;
    %jmp/0xz  T_31.7, 8;
    %load/vec4 v0x5bc1f083b7e0_0;
    %or/r;
    %flag_set/vec4 8;
    %jmp/0xz  T_31.9, 8;
    %load/vec4 v0x5bc1f083b7e0_0;
    %load/vec4 v0x5bc1f083b9a0_0;
    %and;
    %nor/r;
    %flag_set/vec4 8;
    %jmp/0xz  T_31.11, 8;
    %load/vec4 v0x5bc1f083b7e0_0;
    %assign/vec4 v0x5bc1f083e7b0_0, 0;
    %pushi/vec4 1, 0, 2;
    %assign/vec4 v0x5bc1f083f320_0, 0;
T_31.11 ;
T_31.9 ;
    %jmp T_31.8;
T_31.7 ;
    %load/vec4 v0x5bc1f083f180_0;
    %parti/s 1, 4, 4;
    %load/vec4 v0x5bc1f083be00_0;
    %cmp/e;
    %jmp/0xz  T_31.13, 4;
    %load/vec4 v0x5bc1f083ba80_0;
    %parti/s 1, 0, 2;
    %load/vec4 v0x5bc1f083bd20_0;
    %parti/s 1, 0, 2;
    %and;
    %flag_set/vec4 8;
    %jmp/0xz  T_31.15, 8;
    %load/vec4 v0x5bc1f083f180_0;
    %parti/s 1, 4, 4;
    %load/vec4 v0x5bc1f083bb60_0;
    %parti/s 1, 4, 4;
    %cmp/e;
    %jmp/0xz  T_31.17, 4;
    %pushi/vec4 1, 0, 2;
    %assign/vec4 v0x5bc1f083e7b0_0, 0;
    %load/vec4 v0x5bc1f083b8c0_0;
    %parti/s 1, 0, 2;
    %inv;
    %flag_set/vec4 8;
    %jmp/0xz  T_31.19, 8;
    %pushi/vec4 1, 0, 1;
    %assign/vec4 v0x5bc1f083f400_0, 0;
    %jmp T_31.20;
T_31.19 ;
    %pushi/vec4 0, 0, 1;
    %assign/vec4 v0x5bc1f083f400_0, 0;
T_31.20 ;
    %pushi/vec4 2, 0, 2;
    %assign/vec4 v0x5bc1f083f320_0, 0;
T_31.17 ;
T_31.15 ;
    %jmp T_31.14;
T_31.13 ;
    %load/vec4 v0x5bc1f083f180_0;
    %parti/s 1, 4, 4;
    %load/vec4 v0x5bc1f083bfd0_0;
    %cmp/e;
    %jmp/0xz  T_31.21, 4;
    %load/vec4 v0x5bc1f083ba80_0;
    %parti/s 1, 1, 2;
    %load/vec4 v0x5bc1f083bd20_0;
    %parti/s 1, 1, 2;
    %and;
    %flag_set/vec4 8;
    %jmp/0xz  T_31.23, 8;
    %load/vec4 v0x5bc1f083f180_0;
    %parti/s 1, 4, 4;
    %load/vec4 v0x5bc1f083bc40_0;
    %parti/s 1, 4, 4;
    %cmp/e;
    %jmp/0xz  T_31.25, 4;
    %pushi/vec4 2, 0, 2;
    %assign/vec4 v0x5bc1f083e7b0_0, 0;
    %load/vec4 v0x5bc1f083b8c0_0;
    %parti/s 1, 1, 2;
    %inv;
    %flag_set/vec4 8;
    %jmp/0xz  T_31.27, 8;
    %pushi/vec4 1, 0, 1;
    %assign/vec4 v0x5bc1f083f400_0, 0;
    %jmp T_31.28;
T_31.27 ;
    %pushi/vec4 0, 0, 1;
    %assign/vec4 v0x5bc1f083f400_0, 0;
T_31.28 ;
    %pushi/vec4 2, 0, 2;
    %assign/vec4 v0x5bc1f083f320_0, 0;
T_31.25 ;
T_31.23 ;
T_31.21 ;
T_31.14 ;
T_31.8 ;
    %jmp T_31.6;
T_31.3 ;
    %load/vec4 v0x5bc1f083b7e0_0;
    %load/vec4 v0x5bc1f083bd20_0;
    %and;
    %load/vec4 v0x5bc1f083b9a0_0;
    %and;
    %or/r;
    %flag_set/vec4 8;
    %jmp/0xz  T_31.29, 8;
    %pushi/vec4 0, 0, 2;
    %assign/vec4 v0x5bc1f083e7b0_0, 0;
    %pushi/vec4 0, 0, 2;
    %assign/vec4 v0x5bc1f083f320_0, 0;
T_31.29 ;
    %jmp T_31.6;
T_31.4 ;
    %load/vec4 v0x5bc1f083b7e0_0;
    %load/vec4 v0x5bc1f083bd20_0;
    %and;
    %load/vec4 v0x5bc1f083b9a0_0;
    %and;
    %or/r;
    %flag_set/vec4 8;
    %jmp/0xz  T_31.31, 8;
    %pushi/vec4 0, 0, 2;
    %assign/vec4 v0x5bc1f083e7b0_0, 0;
    %pushi/vec4 0, 0, 1;
    %assign/vec4 v0x5bc1f083f400_0, 0;
    %pushi/vec4 0, 0, 2;
    %assign/vec4 v0x5bc1f083f320_0, 0;
T_31.31 ;
    %jmp T_31.6;
T_31.6 ;
    %pop/vec4 1;
T_31.1 ;
    %jmp T_31;
    .thread T_31;
    .scope S_0x5bc1f0837650;
T_32 ;
    %wait E_0x5bc1f0838230;
    %load/vec4 v0x5bc1f083e9f0_0;
    %inv;
    %flag_set/vec4 8;
    %jmp/0xz  T_32.0, 8;
    %pushi/vec4 0, 0, 2;
    %store/vec4 v0x5bc1f083c0e0_0, 0, 2;
    %jmp T_32.1;
T_32.0 ;
    %load/vec4 v0x5bc1f083e890_0;
    %parti/s 1, 4, 4;
    %load/vec4 v0x5bc1f083be00_0;
    %cmp/e;
    %jmp/0xz  T_32.2, 4;
    %pushi/vec4 1, 0, 2;
    %store/vec4 v0x5bc1f083c0e0_0, 0, 2;
    %jmp T_32.3;
T_32.2 ;
    %load/vec4 v0x5bc1f083e890_0;
    %parti/s 1, 4, 4;
    %load/vec4 v0x5bc1f083bfd0_0;
    %cmp/e;
    %jmp/0xz  T_32.4, 4;
    %pushi/vec4 2, 0, 2;
    %store/vec4 v0x5bc1f083c0e0_0, 0, 2;
    %jmp T_32.5;
T_32.4 ;
    %pushi/vec4 0, 0, 2;
    %store/vec4 v0x5bc1f083c0e0_0, 0, 2;
T_32.5 ;
T_32.3 ;
T_32.1 ;
    %jmp T_32;
    .thread T_32, $push;
    .scope S_0x5bc1f08360c0;
T_33 ;
    %wait E_0x5bc1f07771b0;
    %pushi/vec4 1, 0, 1;
    %load/vec4 v0x5bc1f0840c10_0;
    %parti/s 20, 12, 5;
    %pushi/vec4 2, 0, 20;
    %cmp/e;
    %flag_get/vec4 4;
    %and;
    %ix/load 4, 0, 0;
    %flag_set/imm 4, 0;
    %store/vec4 v0x5bc1f0840270_0, 4, 1;
    %pushi/vec4 1, 0, 1;
    %load/vec4 v0x5bc1f0841dd0_0;
    %parti/s 20, 12, 5;
    %pushi/vec4 2, 0, 20;
    %cmp/e;
    %flag_get/vec4 4;
    %and;
    %ix/load 4, 1, 0;
    %flag_set/imm 4, 0;
    %store/vec4 v0x5bc1f0840270_0, 4, 1;
    %pushi/vec4 1, 0, 1;
    %load/vec4 v0x5bc1f08405c0_0;
    %parti/s 20, 12, 5;
    %pushi/vec4 2, 0, 20;
    %cmp/e;
    %flag_get/vec4 4;
    %and;
    %ix/load 4, 0, 0;
    %flag_set/imm 4, 0;
    %store/vec4 v0x5bc1f083fcd0_0, 4, 1;
    %pushi/vec4 1, 0, 1;
    %load/vec4 v0x5bc1f08417e0_0;
    %parti/s 20, 12, 5;
    %pushi/vec4 2, 0, 20;
    %cmp/e;
    %flag_get/vec4 4;
    %and;
    %ix/load 4, 1, 0;
    %flag_set/imm 4, 0;
    %store/vec4 v0x5bc1f083fcd0_0, 4, 1;
    %jmp T_33;
    .thread T_33, $push;
    .scope S_0x5bc1f08360c0;
T_34 ;
    %wait E_0x5bc1f08375f0;
    %load/vec4 v0x5bc1f0840000_0;
    %parti/s 1, 0, 2;
    %replicate 52;
    %ix/load 4, 0, 0;
    %flag_set/imm 4, 0;
    %load/vec4a v0x5bc1f0844940, 4;
    %and;
    %load/vec4 v0x5bc1f0840000_0;
    %parti/s 1, 1, 2;
    %replicate 52;
    %ix/load 4, 1, 0;
    %flag_set/imm 4, 0;
    %load/vec4a v0x5bc1f0844940, 4;
    %and;
    %or;
    %split/vec4 1;
    %store/vec4 v0x5bc1f0843a60_0, 0, 1;
    %split/vec4 2;
    %store/vec4 v0x5bc1f0843560_0, 0, 2;
    %split/vec4 3;
    %store/vec4 v0x5bc1f0843980_0, 0, 3;
    %split/vec4 1;
    %store/vec4 v0x5bc1f0843800_0, 0, 1;
    %split/vec4 8;
    %store/vec4 v0x5bc1f0843720_0, 0, 8;
    %split/vec4 32;
    %store/vec4 v0x5bc1f0843480_0, 0, 32;
    %store/vec4 v0x5bc1f0843640_0, 0, 5;
    %jmp T_34;
    .thread T_34, $push;
    .scope S_0x5bc1f08360c0;
T_35 ;
    %wait E_0x5bc1f0837590;
    %load/vec4 v0x5bc1f0844000_0;
    %parti/s 1, 0, 2;
    %replicate 43;
    %ix/load 4, 0, 0;
    %flag_set/imm 4, 0;
    %load/vec4a v0x5bc1f0844a60, 4;
    %and;
    %load/vec4 v0x5bc1f0844000_0;
    %parti/s 1, 1, 2;
    %replicate 43;
    %ix/load 4, 1, 0;
    %flag_set/imm 4, 0;
    %load/vec4a v0x5bc1f0844a60, 4;
    %and;
    %or;
    %split/vec4 1;
    %store/vec4 v0x5bc1f0843f40_0, 0, 1;
    %split/vec4 1;
    %store/vec4 v0x5bc1f0843ce0_0, 0, 1;
    %split/vec4 4;
    %store/vec4 v0x5bc1f0843e60_0, 0, 4;
    %split/vec4 32;
    %store/vec4 v0x5bc1f0843b20_0, 0, 32;
    %store/vec4 v0x5bc1f0843c00_0, 0, 5;
    %jmp T_35;
    .thread T_35, $push;
    .scope S_0x5bc1f08360c0;
T_36 ;
    %wait E_0x5bc1f0807ef0;
    %load/vec4 v0x5bc1f083fa10_0;
    %parti/s 1, 0, 2;
    %replicate 52;
    %ix/load 4, 0, 0;
    %flag_set/imm 4, 0;
    %load/vec4a v0x5bc1f0844820, 4;
    %and;
    %load/vec4 v0x5bc1f083fa10_0;
    %parti/s 1, 1, 2;
    %replicate 52;
    %ix/load 4, 1, 0;
    %flag_set/imm 4, 0;
    %load/vec4a v0x5bc1f0844820, 4;
    %and;
    %or;
    %split/vec4 1;
    %store/vec4 v0x5bc1f08433c0_0, 0, 1;
    %split/vec4 2;
    %store/vec4 v0x5bc1f0842ab0_0, 0, 2;
    %split/vec4 3;
    %store/vec4 v0x5bc1f08432e0_0, 0, 3;
    %split/vec4 1;
    %store/vec4 v0x5bc1f0843160_0, 0, 1;
    %split/vec4 8;
    %store/vec4 v0x5bc1f0843080_0, 0, 8;
    %split/vec4 32;
    %store/vec4 v0x5bc1f08429f0_0, 0, 32;
    %store/vec4 v0x5bc1f0842b90_0, 0, 5;
    %jmp T_36;
    .thread T_36, $push;
    .scope S_0x5bc1f0847d50;
T_37 ;
    %pushi/vec4 0, 0, 5;
    %store/vec4 v0x5bc1f0849950_0, 0, 5;
    %end;
    .thread T_37;
    .scope S_0x5bc1f0847d50;
T_38 ;
    %pushi/vec4 0, 0, 5;
    %store/vec4 v0x5bc1f0849a30_0, 0, 5;
    %end;
    .thread T_38;
    .scope S_0x5bc1f0847d50;
T_39 ;
    %pushi/vec4 0, 0, 5;
    %store/vec4 v0x5bc1f0849d70_0, 0, 5;
    %end;
    .thread T_39;
    .scope S_0x5bc1f0847d50;
T_40 ;
    %pushi/vec4 0, 0, 5;
    %store/vec4 v0x5bc1f0849e50_0, 0, 5;
    %end;
    .thread T_40;
    .scope S_0x5bc1f0847d50;
T_41 ;
    %wait E_0x5bc1f0827e90;
    %load/vec4 v0x5bc1f084a350_0;
    %cmpi/e 0, 0, 1;
    %jmp/0xz  T_41.0, 4;
    %pushi/vec4 0, 0, 5;
    %assign/vec4 v0x5bc1f0849a30_0, 0;
    %pushi/vec4 1, 0, 5;
    %assign/vec4 v0x5bc1f0849e50_0, 0;
    %jmp T_41.1;
T_41.0 ;
    %load/vec4 v0x5bc1f0849710_0;
    %flag_set/vec4 8;
    %jmp/0xz  T_41.2, 8;
    %pushi/vec4 0, 0, 5;
    %assign/vec4 v0x5bc1f0849a30_0, 0;
    %pushi/vec4 1, 0, 5;
    %assign/vec4 v0x5bc1f0849e50_0, 0;
    %jmp T_41.3;
T_41.2 ;
    %load/vec4 v0x5bc1f0849b10_0;
    %nor/r;
    %flag_set/vec4 9;
    %flag_get/vec4 9;
    %jmp/0 T_41.6, 9;
    %load/vec4 v0x5bc1f084a590_0;
    %and;
T_41.6;
    %flag_set/vec4 8;
    %jmp/0xz  T_41.4, 8;
    %load/vec4 v0x5bc1f0849e50_0;
    %assign/vec4 v0x5bc1f0849a30_0, 0;
    %load/vec4 v0x5bc1f0849e50_0;
    %addi 1, 0, 5;
    %assign/vec4 v0x5bc1f0849e50_0, 0;
T_41.4 ;
T_41.3 ;
T_41.1 ;
    %jmp T_41;
    .thread T_41;
    .scope S_0x5bc1f0847d50;
T_42 ;
    %wait E_0x5bc1f0827e90;
    %load/vec4 v0x5bc1f084a350_0;
    %cmpi/e 0, 0, 1;
    %jmp/0xz  T_42.0, 4;
    %pushi/vec4 0, 0, 5;
    %assign/vec4 v0x5bc1f0849950_0, 0;
    %pushi/vec4 1, 0, 5;
    %assign/vec4 v0x5bc1f0849d70_0, 0;
    %jmp T_42.1;
T_42.0 ;
    %load/vec4 v0x5bc1f0849710_0;
    %flag_set/vec4 8;
    %jmp/0xz  T_42.2, 8;
    %pushi/vec4 0, 0, 5;
    %assign/vec4 v0x5bc1f0849950_0, 0;
    %pushi/vec4 1, 0, 5;
    %assign/vec4 v0x5bc1f0849d70_0, 0;
    %jmp T_42.3;
T_42.2 ;
    %load/vec4 v0x5bc1f08497d0_0;
    %nor/r;
    %flag_set/vec4 9;
    %flag_get/vec4 9;
    %jmp/0 T_42.6, 9;
    %load/vec4 v0x5bc1f084a010_0;
    %and;
T_42.6;
    %flag_set/vec4 8;
    %jmp/0xz  T_42.4, 8;
    %load/vec4 v0x5bc1f0849d70_0;
    %assign/vec4 v0x5bc1f0849950_0, 0;
    %load/vec4 v0x5bc1f0849d70_0;
    %addi 1, 0, 5;
    %assign/vec4 v0x5bc1f0849d70_0, 0;
T_42.4 ;
T_42.3 ;
T_42.1 ;
    %jmp T_42;
    .thread T_42;
    .scope S_0x5bc1f0847d50;
T_43 ;
    %wait E_0x5bc1f0827e90;
    %load/vec4 v0x5bc1f084a350_0;
    %cmpi/e 0, 0, 1;
    %jmp/0xz  T_43.0, 4;
    %pushi/vec4 0, 0, 5;
    %assign/vec4 v0x5bc1f0849c90_0, 0;
    %jmp T_43.1;
T_43.0 ;
    %load/vec4 v0x5bc1f0849710_0;
    %flag_set/vec4 8;
    %jmp/0xz  T_43.2, 8;
    %pushi/vec4 0, 0, 5;
    %assign/vec4 v0x5bc1f0849c90_0, 0;
    %jmp T_43.3;
T_43.2 ;
    %load/vec4 v0x5bc1f084a590_0;
    %flag_set/vec4 10;
    %flag_get/vec4 10;
    %jmp/0 T_43.7, 10;
    %load/vec4 v0x5bc1f0849b10_0;
    %nor/r;
    %and;
T_43.7;
    %flag_set/vec4 9;
    %flag_get/vec4 9;
    %jmp/0 T_43.6, 9;
    %load/vec4 v0x5bc1f084a010_0;
    %nor/r;
    %flag_set/vec4 9;
    %flag_get/vec4 9;
    %jmp/1 T_43.8, 9;
    %load/vec4 v0x5bc1f084a010_0;
    %flag_set/vec4 9;
    %flag_get/vec4 9;
    %jmp/0 T_43.9, 9;
    %load/vec4 v0x5bc1f08497d0_0;
    %and;
T_43.9;
    %or;
T_43.8;
    %and;
T_43.6;
    %flag_set/vec4 8;
    %jmp/0xz  T_43.4, 8;
    %load/vec4 v0x5bc1f0849c90_0;
    %addi 1, 0, 5;
    %assign/vec4 v0x5bc1f0849c90_0, 0;
    %jmp T_43.5;
T_43.4 ;
    %load/vec4 v0x5bc1f084a010_0;
    %flag_set/vec4 10;
    %flag_get/vec4 10;
    %jmp/0 T_43.13, 10;
    %load/vec4 v0x5bc1f08497d0_0;
    %nor/r;
    %and;
T_43.13;
    %flag_set/vec4 9;
    %flag_get/vec4 9;
    %jmp/0 T_43.12, 9;
    %load/vec4 v0x5bc1f084a590_0;
    %nor/r;
    %flag_set/vec4 9;
    %flag_get/vec4 9;
    %jmp/1 T_43.14, 9;
    %load/vec4 v0x5bc1f084a590_0;
    %flag_set/vec4 9;
    %flag_get/vec4 9;
    %jmp/0 T_43.15, 9;
    %load/vec4 v0x5bc1f0849b10_0;
    %and;
T_43.15;
    %or;
T_43.14;
    %and;
T_43.12;
    %flag_set/vec4 8;
    %jmp/0xz  T_43.10, 8;
    %load/vec4 v0x5bc1f0849c90_0;
    %subi 1, 0, 5;
    %assign/vec4 v0x5bc1f0849c90_0, 0;
T_43.10 ;
T_43.5 ;
T_43.3 ;
T_43.1 ;
    %jmp T_43;
    .thread T_43;
    .scope S_0x5bc1f0847d50;
T_44 ;
    %wait E_0x5bc1f0827a10;
    %load/vec4 v0x5bc1f0849b10_0;
    %nor/r;
    %flag_set/vec4 9;
    %flag_get/vec4 9;
    %jmp/0 T_44.2, 9;
    %load/vec4 v0x5bc1f084a590_0;
    %and;
T_44.2;
    %flag_set/vec4 8;
    %jmp/0xz  T_44.0, 8;
    %load/vec4 v0x5bc1f084a3f0_0;
    %load/vec4 v0x5bc1f0849a30_0;
    %parti/s 4, 0, 2;
    %pad/u 6;
    %ix/vec4 3;
    %ix/load 4, 0, 0; Constant delay
    %assign/vec4/a/d v0x5bc1f0848020, 0, 4;
T_44.0 ;
    %jmp T_44;
    .thread T_44;
    .scope S_0x5bc1f0846dc0;
T_45 ;
    %pushi/vec4 0, 0, 2;
    %store/vec4 v0x5bc1f084e8f0_0, 0, 2;
    %pushi/vec4 0, 0, 2;
    %store/vec4 v0x5bc1f084e9d0_0, 0, 2;
    %end;
    .thread T_45;
    .scope S_0x5bc1f0846dc0;
T_46 ;
    %wait E_0x5bc1f0827e90;
    %load/vec4 v0x5bc1f084a8f0_0;
    %cmpi/e 0, 0, 1;
    %jmp/0xz  T_46.0, 4;
    %pushi/vec4 0, 0, 1;
    %assign/vec4 v0x5bc1f084e790_0, 0;
    %pushi/vec4 0, 0, 5;
    %assign/vec4 v0x5bc1f084e830_0, 0;
    %pushi/vec4 0, 0, 2;
    %assign/vec4 v0x5bc1f084dd20_0, 0;
    %pushi/vec4 0, 0, 2;
    %assign/vec4 v0x5bc1f084e8f0_0, 0;
    %jmp T_46.1;
T_46.0 ;
    %load/vec4 v0x5bc1f084e8f0_0;
    %dup/vec4;
    %pushi/vec4 0, 0, 2;
    %cmp/u;
    %jmp/1 T_46.2, 6;
    %dup/vec4;
    %pushi/vec4 1, 0, 2;
    %cmp/u;
    %jmp/1 T_46.3, 6;
    %dup/vec4;
    %pushi/vec4 2, 0, 2;
    %cmp/u;
    %jmp/1 T_46.4, 6;
    %jmp T_46.5;
T_46.2 ;
    %load/vec4 v0x5bc1f084a9b0_0;
    %load/vec4 v0x5bc1f084aa50_0;
    %and;
    %or/r;
    %flag_set/vec4 8;
    %jmp/0xz  T_46.6, 8;
    %pushi/vec4 1, 0, 1;
    %assign/vec4 v0x5bc1f084e790_0, 0;
    %load/vec4 v0x5bc1f084e6f0_0;
    %assign/vec4 v0x5bc1f084e830_0, 0;
    %load/vec4 v0x5bc1f084a9b0_0;
    %assign/vec4 v0x5bc1f084dd20_0, 0;
    %pushi/vec4 2, 0, 2;
    %assign/vec4 v0x5bc1f084e8f0_0, 0;
    %jmp T_46.7;
T_46.6 ;
    %load/vec4 v0x5bc1f084a9b0_0;
    %or/r;
    %flag_set/vec4 8;
    %jmp/0xz  T_46.8, 8;
    %load/vec4 v0x5bc1f084a9b0_0;
    %load/vec4 v0x5bc1f084ab30_0;
    %and;
    %nor/r;
    %flag_set/vec4 8;
    %jmp/0xz  T_46.10, 8;
    %load/vec4 v0x5bc1f084a9b0_0;
    %assign/vec4 v0x5bc1f084dd20_0, 0;
    %pushi/vec4 1, 0, 2;
    %assign/vec4 v0x5bc1f084e8f0_0, 0;
T_46.10 ;
T_46.8 ;
T_46.7 ;
    %jmp T_46.5;
T_46.3 ;
    %load/vec4 v0x5bc1f084a9b0_0;
    %load/vec4 v0x5bc1f084aeb0_0;
    %and;
    %load/vec4 v0x5bc1f084ab30_0;
    %and;
    %or/r;
    %flag_set/vec4 8;
    %jmp/0xz  T_46.12, 8;
    %pushi/vec4 0, 0, 2;
    %assign/vec4 v0x5bc1f084e8f0_0, 0;
T_46.12 ;
    %jmp T_46.5;
T_46.4 ;
    %load/vec4 v0x5bc1f084eab0_0;
    %flag_set/vec4 8;
    %jmp/0xz  T_46.14, 8;
    %pushi/vec4 0, 0, 1;
    %assign/vec4 v0x5bc1f084e790_0, 0;
    %pushi/vec4 0, 0, 5;
    %assign/vec4 v0x5bc1f084e830_0, 0;
    %pushi/vec4 0, 0, 2;
    %assign/vec4 v0x5bc1f084dd20_0, 0;
    %pushi/vec4 0, 0, 2;
    %assign/vec4 v0x5bc1f084e8f0_0, 0;
T_46.14 ;
    %jmp T_46.5;
T_46.5 ;
    %pop/vec4 1;
T_46.1 ;
    %jmp T_46;
    .thread T_46;
    .scope S_0x5bc1f0846dc0;
T_47 ;
    %wait E_0x5bc1f0827e90;
    %load/vec4 v0x5bc1f084a8f0_0;
    %cmpi/e 0, 0, 1;
    %jmp/0xz  T_47.0, 4;
    %pushi/vec4 0, 0, 2;
    %assign/vec4 v0x5bc1f084de00_0, 0;
    %pushi/vec4 0, 0, 1;
    %assign/vec4 v0x5bc1f084eab0_0, 0;
    %pushi/vec4 0, 0, 2;
    %assign/vec4 v0x5bc1f084e9d0_0, 0;
    %jmp T_47.1;
T_47.0 ;
    %load/vec4 v0x5bc1f084e9d0_0;
    %dup/vec4;
    %pushi/vec4 0, 0, 2;
    %cmp/u;
    %jmp/1 T_47.2, 6;
    %dup/vec4;
    %pushi/vec4 1, 0, 2;
    %cmp/u;
    %jmp/1 T_47.3, 6;
    %dup/vec4;
    %pushi/vec4 2, 0, 2;
    %cmp/u;
    %jmp/1 T_47.4, 6;
    %pushi/vec4 0, 0, 2;
    %assign/vec4 v0x5bc1f084de00_0, 0;
    %pushi/vec4 0, 0, 1;
    %assign/vec4 v0x5bc1f084eab0_0, 0;
    %pushi/vec4 0, 0, 2;
    %assign/vec4 v0x5bc1f084e9d0_0, 0;
    %jmp T_47.6;
T_47.2 ;
    %load/vec4 v0x5bc1f084e790_0;
    %inv;
    %flag_set/vec4 8;
    %jmp/0xz  T_47.7, 8;
    %load/vec4 v0x5bc1f084af90_0;
    %or/r;
    %flag_set/vec4 8;
    %jmp/0xz  T_47.9, 8;
    %load/vec4 v0x5bc1f084af90_0;
    %load/vec4 v0x5bc1f084b150_0;
    %and;
    %nor/r;
    %flag_set/vec4 8;
    %jmp/0xz  T_47.11, 8;
    %load/vec4 v0x5bc1f084af90_0;
    %assign/vec4 v0x5bc1f084de00_0, 0;
    %pushi/vec4 1, 0, 2;
    %assign/vec4 v0x5bc1f084e9d0_0, 0;
T_47.11 ;
T_47.9 ;
    %jmp T_47.8;
T_47.7 ;
    %load/vec4 v0x5bc1f084e830_0;
    %parti/s 1, 4, 4;
    %load/vec4 v0x5bc1f084b5b0_0;
    %cmp/e;
    %jmp/0xz  T_47.13, 4;
    %load/vec4 v0x5bc1f084b230_0;
    %parti/s 1, 0, 2;
    %load/vec4 v0x5bc1f084b4d0_0;
    %parti/s 1, 0, 2;
    %and;
    %flag_set/vec4 8;
    %jmp/0xz  T_47.15, 8;
    %load/vec4 v0x5bc1f084e830_0;
    %parti/s 1, 4, 4;
    %load/vec4 v0x5bc1f084b310_0;
    %parti/s 1, 4, 4;
    %cmp/e;
    %jmp/0xz  T_47.17, 4;
    %pushi/vec4 1, 0, 2;
    %assign/vec4 v0x5bc1f084de00_0, 0;
    %load/vec4 v0x5bc1f084b070_0;
    %parti/s 1, 0, 2;
    %inv;
    %flag_set/vec4 8;
    %jmp/0xz  T_47.19, 8;
    %pushi/vec4 1, 0, 1;
    %assign/vec4 v0x5bc1f084eab0_0, 0;
    %jmp T_47.20;
T_47.19 ;
    %pushi/vec4 0, 0, 1;
    %assign/vec4 v0x5bc1f084eab0_0, 0;
T_47.20 ;
    %pushi/vec4 2, 0, 2;
    %assign/vec4 v0x5bc1f084e9d0_0, 0;
T_47.17 ;
T_47.15 ;
    %jmp T_47.14;
T_47.13 ;
    %load/vec4 v0x5bc1f084e830_0;
    %parti/s 1, 4, 4;
    %load/vec4 v0x5bc1f084b670_0;
    %cmp/e;
    %jmp/0xz  T_47.21, 4;
    %load/vec4 v0x5bc1f084b230_0;
    %parti/s 1, 1, 2;
    %load/vec4 v0x5bc1f084b4d0_0;
    %parti/s 1, 1, 2;
    %and;
    %flag_set/vec4 8;
    %jmp/0xz  T_47.23, 8;
    %load/vec4 v0x5bc1f084e830_0;
    %parti/s 1, 4, 4;
    %load/vec4 v0x5bc1f084b3f0_0;
    %parti/s 1, 4, 4;
    %cmp/e;
    %jmp/0xz  T_47.25, 4;
    %pushi/vec4 2, 0, 2;
    %assign/vec4 v0x5bc1f084de00_0, 0;
    %load/vec4 v0x5bc1f084b070_0;
    %parti/s 1, 1, 2;
    %inv;
    %flag_set/vec4 8;
    %jmp/0xz  T_47.27, 8;
    %pushi/vec4 1, 0, 1;
    %assign/vec4 v0x5bc1f084eab0_0, 0;
    %jmp T_47.28;
T_47.27 ;
    %pushi/vec4 0, 0, 1;
    %assign/vec4 v0x5bc1f084eab0_0, 0;
T_47.28 ;
    %pushi/vec4 2, 0, 2;
    %assign/vec4 v0x5bc1f084e9d0_0, 0;
T_47.25 ;
T_47.23 ;
T_47.21 ;
T_47.14 ;
T_47.8 ;
    %jmp T_47.6;
T_47.3 ;
    %load/vec4 v0x5bc1f084af90_0;
    %load/vec4 v0x5bc1f084b4d0_0;
    %and;
    %load/vec4 v0x5bc1f084b150_0;
    %and;
    %or/r;
    %flag_set/vec4 8;
    %jmp/0xz  T_47.29, 8;
    %pushi/vec4 0, 0, 2;
    %assign/vec4 v0x5bc1f084de00_0, 0;
    %pushi/vec4 0, 0, 2;
    %assign/vec4 v0x5bc1f084e9d0_0, 0;
T_47.29 ;
    %jmp T_47.6;
T_47.4 ;
    %load/vec4 v0x5bc1f084af90_0;
    %load/vec4 v0x5bc1f084b4d0_0;
    %and;
    %load/vec4 v0x5bc1f084b150_0;
    %and;
    %or/r;
    %flag_set/vec4 8;
    %jmp/0xz  T_47.31, 8;
    %pushi/vec4 0, 0, 2;
    %assign/vec4 v0x5bc1f084de00_0, 0;
    %pushi/vec4 0, 0, 1;
    %assign/vec4 v0x5bc1f084eab0_0, 0;
    %pushi/vec4 0, 0, 2;
    %assign/vec4 v0x5bc1f084e9d0_0, 0;
T_47.31 ;
    %jmp T_47.6;
T_47.6 ;
    %pop/vec4 1;
T_47.1 ;
    %jmp T_47;
    .thread T_47;
    .scope S_0x5bc1f0846dc0;
T_48 ;
    %wait E_0x5bc1f0847980;
    %load/vec4 v0x5bc1f084e070_0;
    %inv;
    %flag_set/vec4 8;
    %jmp/0xz  T_48.0, 8;
    %pushi/vec4 0, 0, 2;
    %store/vec4 v0x5bc1f084b730_0, 0, 2;
    %jmp T_48.1;
T_48.0 ;
    %load/vec4 v0x5bc1f084dee0_0;
    %parti/s 1, 4, 4;
    %load/vec4 v0x5bc1f084b5b0_0;
    %cmp/e;
    %jmp/0xz  T_48.2, 4;
    %pushi/vec4 1, 0, 2;
    %store/vec4 v0x5bc1f084b730_0, 0, 2;
    %jmp T_48.3;
T_48.2 ;
    %load/vec4 v0x5bc1f084dee0_0;
    %parti/s 1, 4, 4;
    %load/vec4 v0x5bc1f084b670_0;
    %cmp/e;
    %jmp/0xz  T_48.4, 4;
    %pushi/vec4 2, 0, 2;
    %store/vec4 v0x5bc1f084b730_0, 0, 2;
    %jmp T_48.5;
T_48.4 ;
    %pushi/vec4 0, 0, 2;
    %store/vec4 v0x5bc1f084b730_0, 0, 2;
T_48.5 ;
T_48.3 ;
T_48.1 ;
    %jmp T_48;
    .thread T_48, $push;
    .scope S_0x5bc1f0845720;
T_49 ;
    %wait E_0x5bc1f0846d10;
    %load/vec4 v0x5bc1f084f9b0_0;
    %inv;
    %load/vec4 v0x5bc1f0851e10_0;
    %load/vec4 v0x5bc1f0850980_0;
    %concat/vec4; draw_concat_vec4
    %and;
    %store/vec4 v0x5bc1f084f8e0_0, 0, 2;
    %load/vec4 v0x5bc1f084f400_0;
    %inv;
    %load/vec4 v0x5bc1f08516c0_0;
    %load/vec4 v0x5bc1f0850230_0;
    %concat/vec4; draw_concat_vec4
    %and;
    %store/vec4 v0x5bc1f084f330_0, 0, 2;
    %jmp T_49;
    .thread T_49, $push;
    .scope S_0x5bc1f0845720;
T_50 ;
    %wait E_0x5bc1f0846cb0;
    %load/vec4 v0x5bc1f084f670_0;
    %parti/s 1, 0, 2;
    %replicate 52;
    %ix/load 4, 0, 0;
    %flag_set/imm 4, 0;
    %load/vec4a v0x5bc1f0853de0, 4;
    %and;
    %load/vec4 v0x5bc1f084f670_0;
    %parti/s 1, 1, 2;
    %replicate 52;
    %ix/load 4, 1, 0;
    %flag_set/imm 4, 0;
    %load/vec4a v0x5bc1f0853de0, 4;
    %and;
    %or;
    %split/vec4 1;
    %store/vec4 v0x5bc1f08531e0_0, 0, 1;
    %split/vec4 2;
    %store/vec4 v0x5bc1f0852e20_0, 0, 2;
    %split/vec4 3;
    %store/vec4 v0x5bc1f0853140_0, 0, 3;
    %split/vec4 1;
    %store/vec4 v0x5bc1f0853000_0, 0, 1;
    %split/vec4 8;
    %store/vec4 v0x5bc1f0852f60_0, 0, 8;
    %split/vec4 32;
    %store/vec4 v0x5bc1f0852d80_0, 0, 32;
    %store/vec4 v0x5bc1f0852ec0_0, 0, 5;
    %jmp T_50;
    .thread T_50, $push;
    .scope S_0x5bc1f0845720;
T_51 ;
    %wait E_0x5bc1f0846c50;
    %load/vec4 v0x5bc1f0853640_0;
    %parti/s 1, 0, 2;
    %replicate 43;
    %ix/load 4, 0, 0;
    %flag_set/imm 4, 0;
    %load/vec4a v0x5bc1f0853f00, 4;
    %and;
    %load/vec4 v0x5bc1f0853640_0;
    %parti/s 1, 1, 2;
    %replicate 43;
    %ix/load 4, 1, 0;
    %flag_set/imm 4, 0;
    %load/vec4a v0x5bc1f0853f00, 4;
    %and;
    %or;
    %split/vec4 1;
    %store/vec4 v0x5bc1f08535a0_0, 0, 1;
    %split/vec4 1;
    %store/vec4 v0x5bc1f08533c0_0, 0, 1;
    %split/vec4 4;
    %store/vec4 v0x5bc1f0853500_0, 0, 4;
    %split/vec4 32;
    %store/vec4 v0x5bc1f0853280_0, 0, 32;
    %store/vec4 v0x5bc1f0853320_0, 0, 5;
    %jmp T_51;
    .thread T_51, $push;
    .scope S_0x5bc1f0845720;
T_52 ;
    %wait E_0x5bc1f0846bf0;
    %load/vec4 v0x5bc1f084f0c0_0;
    %parti/s 1, 0, 2;
    %replicate 52;
    %ix/load 4, 0, 0;
    %flag_set/imm 4, 0;
    %load/vec4a v0x5bc1f0853cc0, 4;
    %and;
    %load/vec4 v0x5bc1f084f0c0_0;
    %parti/s 1, 1, 2;
    %replicate 52;
    %ix/load 4, 1, 0;
    %flag_set/imm 4, 0;
    %load/vec4a v0x5bc1f0853cc0, 4;
    %and;
    %or;
    %split/vec4 1;
    %store/vec4 v0x5bc1f0852ce0_0, 0, 1;
    %split/vec4 2;
    %store/vec4 v0x5bc1f0852510_0, 0, 2;
    %split/vec4 3;
    %store/vec4 v0x5bc1f0852c40_0, 0, 3;
    %split/vec4 1;
    %store/vec4 v0x5bc1f0852b00_0, 0, 1;
    %split/vec4 8;
    %store/vec4 v0x5bc1f0852a60_0, 0, 8;
    %split/vec4 32;
    %store/vec4 v0x5bc1f0852450_0, 0, 32;
    %store/vec4 v0x5bc1f08525b0_0, 0, 5;
    %jmp T_52;
    .thread T_52, $push;
    .scope S_0x5bc1f0855ae0;
T_53 ;
    %pushi/vec4 0, 0, 1;
    %store/vec4 v0x5bc1f0857b60_0, 0, 1;
    %pushi/vec4 0, 0, 1;
    %store/vec4 v0x5bc1f0857aa0_0, 0, 1;
    %end;
    .thread T_53;
    .scope S_0x5bc1f0855ae0;
T_54 ;
    %wait E_0x5bc1f0827e90;
    %load/vec4 v0x5bc1f08564b0_0;
    %cmpi/e 0, 0, 1;
    %jmp/0xz  T_54.0, 4;
    %pushi/vec4 0, 0, 3;
    %assign/vec4 v0x5bc1f08579c0_0, 0;
    %pushi/vec4 0, 0, 1;
    %assign/vec4 v0x5bc1f0857b60_0, 0;
    %jmp T_54.1;
T_54.0 ;
    %load/vec4 v0x5bc1f0857b60_0;
    %dup/vec4;
    %pushi/vec4 0, 0, 1;
    %cmp/u;
    %jmp/1 T_54.2, 6;
    %dup/vec4;
    %pushi/vec4 1, 0, 1;
    %cmp/u;
    %jmp/1 T_54.3, 6;
    %jmp T_54.4;
T_54.2 ;
    %load/vec4 v0x5bc1f0856930_0;
    %or/r;
    %flag_set/vec4 8;
    %jmp/0xz  T_54.5, 8;
    %load/vec4 v0x5bc1f0856930_0;
    %load/vec4 v0x5bc1f0856af0_0;
    %and;
    %load/vec4 v0x5bc1f0856a10_0;
    %and;
    %nor/r;
    %flag_set/vec4 8;
    %jmp/0xz  T_54.7, 8;
    %load/vec4 v0x5bc1f0856930_0;
    %assign/vec4 v0x5bc1f08579c0_0, 0;
    %pushi/vec4 1, 0, 1;
    %assign/vec4 v0x5bc1f0857b60_0, 0;
T_54.7 ;
T_54.5 ;
    %jmp T_54.4;
T_54.3 ;
    %load/vec4 v0x5bc1f0856930_0;
    %load/vec4 v0x5bc1f0856cb0_0;
    %and;
    %load/vec4 v0x5bc1f0856af0_0;
    %and;
    %load/vec4 v0x5bc1f0856a10_0;
    %and;
    %or/r;
    %flag_set/vec4 8;
    %jmp/0xz  T_54.9, 8;
    %pushi/vec4 0, 0, 3;
    %assign/vec4 v0x5bc1f08579c0_0, 0;
    %pushi/vec4 0, 0, 1;
    %assign/vec4 v0x5bc1f0857b60_0, 0;
T_54.9 ;
    %jmp T_54.4;
T_54.4 ;
    %pop/vec4 1;
T_54.1 ;
    %jmp T_54;
    .thread T_54;
    .scope S_0x5bc1f0855ae0;
T_55 ;
    %wait E_0x5bc1f0827e90;
    %load/vec4 v0x5bc1f08564b0_0;
    %cmpi/e 0, 0, 1;
    %jmp/0xz  T_55.0, 4;
    %pushi/vec4 0, 0, 3;
    %assign/vec4 v0x5bc1f08578e0_0, 0;
    %pushi/vec4 0, 0, 1;
    %assign/vec4 v0x5bc1f0857aa0_0, 0;
    %jmp T_55.1;
T_55.0 ;
    %load/vec4 v0x5bc1f0857aa0_0;
    %dup/vec4;
    %pushi/vec4 0, 0, 1;
    %cmp/u;
    %jmp/1 T_55.2, 6;
    %dup/vec4;
    %pushi/vec4 1, 0, 1;
    %cmp/u;
    %jmp/1 T_55.3, 6;
    %jmp T_55.4;
T_55.2 ;
    %load/vec4 v0x5bc1f0856570_0;
    %or/r;
    %flag_set/vec4 8;
    %jmp/0xz  T_55.5, 8;
    %load/vec4 v0x5bc1f0856570_0;
    %load/vec4 v0x5bc1f0856640_0;
    %and;
    %nor/r;
    %flag_set/vec4 8;
    %jmp/0xz  T_55.7, 8;
    %load/vec4 v0x5bc1f0856570_0;
    %assign/vec4 v0x5bc1f08578e0_0, 0;
    %pushi/vec4 1, 0, 1;
    %assign/vec4 v0x5bc1f0857aa0_0, 0;
T_55.7 ;
T_55.5 ;
    %jmp T_55.4;
T_55.3 ;
    %load/vec4 v0x5bc1f0856570_0;
    %load/vec4 v0x5bc1f0856850_0;
    %and;
    %load/vec4 v0x5bc1f0856640_0;
    %and;
    %or/r;
    %flag_set/vec4 8;
    %jmp/0xz  T_55.9, 8;
    %pushi/vec4 0, 0, 3;
    %assign/vec4 v0x5bc1f08578e0_0, 0;
    %pushi/vec4 0, 0, 1;
    %assign/vec4 v0x5bc1f0857aa0_0, 0;
T_55.9 ;
    %jmp T_55.4;
T_55.4 ;
    %pop/vec4 1;
T_55.1 ;
    %jmp T_55;
    .thread T_55;
    .scope S_0x5bc1f0854bc0;
T_56 ;
    %wait E_0x5bc1f0855a70;
    %load/vec4 v0x5bc1f0857f00_0;
    %parti/s 1, 0, 2;
    %replicate 7;
    %ix/load 4, 0, 0;
    %flag_set/imm 4, 0;
    %load/vec4a v0x5bc1f085bbf0, 4;
    %and;
    %load/vec4 v0x5bc1f0857f00_0;
    %parti/s 1, 1, 2;
    %replicate 7;
    %ix/load 4, 1, 0;
    %flag_set/imm 4, 0;
    %load/vec4a v0x5bc1f085bbf0, 4;
    %and;
    %or;
    %load/vec4 v0x5bc1f0857f00_0;
    %parti/s 1, 2, 3;
    %replicate 7;
    %ix/load 4, 2, 0;
    %flag_set/imm 4, 0;
    %load/vec4a v0x5bc1f085bbf0, 4;
    %and;
    %or;
    %split/vec4 1;
    %store/vec4 v0x5bc1f08582e0_0, 0, 1;
    %split/vec4 2;
    %store/vec4 v0x5bc1f0858200_0, 0, 2;
    %store/vec4 v0x5bc1f08580a0_0, 0, 4;
    %jmp T_56;
    .thread T_56, $push;
    .scope S_0x5bc1f0854bc0;
T_57 ;
    %wait E_0x5bc1f08559e0;
    %load/vec4 v0x5bc1f0858940_0;
    %parti/s 1, 0, 2;
    %replicate 40;
    %ix/load 4, 0, 0;
    %flag_set/imm 4, 0;
    %load/vec4a v0x5bc1f085bd30, 4;
    %and;
    %load/vec4 v0x5bc1f0858940_0;
    %parti/s 1, 1, 2;
    %replicate 40;
    %ix/load 4, 1, 0;
    %flag_set/imm 4, 0;
    %load/vec4a v0x5bc1f085bd30, 4;
    %and;
    %or;
    %load/vec4 v0x5bc1f0858940_0;
    %parti/s 1, 2, 3;
    %replicate 40;
    %ix/load 4, 2, 0;
    %flag_set/imm 4, 0;
    %load/vec4a v0x5bc1f085bd30, 4;
    %and;
    %or;
    %split/vec4 1;
    %store/vec4 v0x5bc1f0858880_0, 0, 1;
    %split/vec4 1;
    %store/vec4 v0x5bc1f0858620_0, 0, 1;
    %split/vec4 2;
    %store/vec4 v0x5bc1f08587a0_0, 0, 2;
    %split/vec4 32;
    %store/vec4 v0x5bc1f0858460_0, 0, 32;
    %store/vec4 v0x5bc1f0858540_0, 0, 4;
    %jmp T_57;
    .thread T_57, $push;
    .scope S_0x5bc1f085d2a0;
T_58 ;
    %pushi/vec4 0, 0, 1;
    %store/vec4 v0x5bc1f085f420_0, 0, 1;
    %pushi/vec4 0, 0, 1;
    %store/vec4 v0x5bc1f085f360_0, 0, 1;
    %end;
    .thread T_58;
    .scope S_0x5bc1f085d2a0;
T_59 ;
    %wait E_0x5bc1f0827e90;
    %load/vec4 v0x5bc1f085dc70_0;
    %cmpi/e 0, 0, 1;
    %jmp/0xz  T_59.0, 4;
    %pushi/vec4 0, 0, 3;
    %assign/vec4 v0x5bc1f085f280_0, 0;
    %pushi/vec4 0, 0, 1;
    %assign/vec4 v0x5bc1f085f420_0, 0;
    %jmp T_59.1;
T_59.0 ;
    %load/vec4 v0x5bc1f085f420_0;
    %dup/vec4;
    %pushi/vec4 0, 0, 1;
    %cmp/u;
    %jmp/1 T_59.2, 6;
    %dup/vec4;
    %pushi/vec4 1, 0, 1;
    %cmp/u;
    %jmp/1 T_59.3, 6;
    %jmp T_59.4;
T_59.2 ;
    %load/vec4 v0x5bc1f085e300_0;
    %or/r;
    %flag_set/vec4 8;
    %jmp/0xz  T_59.5, 8;
    %load/vec4 v0x5bc1f085e300_0;
    %load/vec4 v0x5bc1f085e4c0_0;
    %and;
    %load/vec4 v0x5bc1f085e3e0_0;
    %and;
    %nor/r;
    %flag_set/vec4 8;
    %jmp/0xz  T_59.7, 8;
    %load/vec4 v0x5bc1f085e300_0;
    %assign/vec4 v0x5bc1f085f280_0, 0;
    %pushi/vec4 1, 0, 1;
    %assign/vec4 v0x5bc1f085f420_0, 0;
T_59.7 ;
T_59.5 ;
    %jmp T_59.4;
T_59.3 ;
    %load/vec4 v0x5bc1f085e300_0;
    %load/vec4 v0x5bc1f085e680_0;
    %and;
    %load/vec4 v0x5bc1f085e4c0_0;
    %and;
    %load/vec4 v0x5bc1f085e3e0_0;
    %and;
    %or/r;
    %flag_set/vec4 8;
    %jmp/0xz  T_59.9, 8;
    %pushi/vec4 0, 0, 3;
    %assign/vec4 v0x5bc1f085f280_0, 0;
    %pushi/vec4 0, 0, 1;
    %assign/vec4 v0x5bc1f085f420_0, 0;
T_59.9 ;
    %jmp T_59.4;
T_59.4 ;
    %pop/vec4 1;
T_59.1 ;
    %jmp T_59;
    .thread T_59;
    .scope S_0x5bc1f085d2a0;
T_60 ;
    %wait E_0x5bc1f0827e90;
    %load/vec4 v0x5bc1f085dc70_0;
    %cmpi/e 0, 0, 1;
    %jmp/0xz  T_60.0, 4;
    %pushi/vec4 0, 0, 3;
    %assign/vec4 v0x5bc1f085f1a0_0, 0;
    %pushi/vec4 0, 0, 1;
    %assign/vec4 v0x5bc1f085f360_0, 0;
    %jmp T_60.1;
T_60.0 ;
    %load/vec4 v0x5bc1f085f360_0;
    %dup/vec4;
    %pushi/vec4 0, 0, 1;
    %cmp/u;
    %jmp/1 T_60.2, 6;
    %dup/vec4;
    %pushi/vec4 1, 0, 1;
    %cmp/u;
    %jmp/1 T_60.3, 6;
    %jmp T_60.4;
T_60.2 ;
    %load/vec4 v0x5bc1f085df40_0;
    %or/r;
    %flag_set/vec4 8;
    %jmp/0xz  T_60.5, 8;
    %load/vec4 v0x5bc1f085df40_0;
    %load/vec4 v0x5bc1f085e010_0;
    %and;
    %nor/r;
    %flag_set/vec4 8;
    %jmp/0xz  T_60.7, 8;
    %load/vec4 v0x5bc1f085df40_0;
    %assign/vec4 v0x5bc1f085f1a0_0, 0;
    %pushi/vec4 1, 0, 1;
    %assign/vec4 v0x5bc1f085f360_0, 0;
T_60.7 ;
T_60.5 ;
    %jmp T_60.4;
T_60.3 ;
    %load/vec4 v0x5bc1f085df40_0;
    %load/vec4 v0x5bc1f085e220_0;
    %and;
    %load/vec4 v0x5bc1f085e010_0;
    %and;
    %or/r;
    %flag_set/vec4 8;
    %jmp/0xz  T_60.9, 8;
    %pushi/vec4 0, 0, 3;
    %assign/vec4 v0x5bc1f085f1a0_0, 0;
    %pushi/vec4 0, 0, 1;
    %assign/vec4 v0x5bc1f085f360_0, 0;
T_60.9 ;
    %jmp T_60.4;
T_60.4 ;
    %pop/vec4 1;
T_60.1 ;
    %jmp T_60;
    .thread T_60;
    .scope S_0x5bc1f085c3d0;
T_61 ;
    %wait E_0x5bc1f085d230;
    %load/vec4 v0x5bc1f085f7c0_0;
    %parti/s 1, 0, 2;
    %replicate 7;
    %ix/load 4, 0, 0;
    %flag_set/imm 4, 0;
    %load/vec4a v0x5bc1f0863640, 4;
    %and;
    %load/vec4 v0x5bc1f085f7c0_0;
    %parti/s 1, 1, 2;
    %replicate 7;
    %ix/load 4, 1, 0;
    %flag_set/imm 4, 0;
    %load/vec4a v0x5bc1f0863640, 4;
    %and;
    %or;
    %load/vec4 v0x5bc1f085f7c0_0;
    %parti/s 1, 2, 3;
    %replicate 7;
    %ix/load 4, 2, 0;
    %flag_set/imm 4, 0;
    %load/vec4a v0x5bc1f0863640, 4;
    %and;
    %or;
    %split/vec4 1;
    %store/vec4 v0x5bc1f085fba0_0, 0, 1;
    %split/vec4 2;
    %store/vec4 v0x5bc1f085fac0_0, 0, 2;
    %store/vec4 v0x5bc1f085f960_0, 0, 4;
    %jmp T_61;
    .thread T_61, $push;
    .scope S_0x5bc1f085c3d0;
T_62 ;
    %wait E_0x5bc1f085d1a0;
    %load/vec4 v0x5bc1f0860200_0;
    %parti/s 1, 0, 2;
    %replicate 40;
    %ix/load 4, 0, 0;
    %flag_set/imm 4, 0;
    %load/vec4a v0x5bc1f0863780, 4;
    %and;
    %load/vec4 v0x5bc1f0860200_0;
    %parti/s 1, 1, 2;
    %replicate 40;
    %ix/load 4, 1, 0;
    %flag_set/imm 4, 0;
    %load/vec4a v0x5bc1f0863780, 4;
    %and;
    %or;
    %load/vec4 v0x5bc1f0860200_0;
    %parti/s 1, 2, 3;
    %replicate 40;
    %ix/load 4, 2, 0;
    %flag_set/imm 4, 0;
    %load/vec4a v0x5bc1f0863780, 4;
    %and;
    %or;
    %split/vec4 1;
    %store/vec4 v0x5bc1f0860140_0, 0, 1;
    %split/vec4 1;
    %store/vec4 v0x5bc1f085fee0_0, 0, 1;
    %split/vec4 2;
    %store/vec4 v0x5bc1f0860060_0, 0, 2;
    %split/vec4 32;
    %store/vec4 v0x5bc1f085fd20_0, 0, 32;
    %store/vec4 v0x5bc1f085fe00_0, 0, 4;
    %jmp T_62;
    .thread T_62, $push;
    .scope S_0x5bc1f07e0470;
T_63 ;
    %pushi/vec4 0, 0, 2;
    %store/vec4 v0x5bc1f0737120_0, 0, 2;
    %pushi/vec4 0, 0, 2;
    %store/vec4 v0x5bc1f0737060_0, 0, 2;
    %end;
    .thread T_63;
    .scope S_0x5bc1f07e0470;
T_64 ;
    %wait E_0x5bc1f0827e90;
    %load/vec4 v0x5bc1f07950a0_0;
    %cmpi/e 0, 0, 1;
    %jmp/0xz  T_64.0, 4;
    %pushi/vec4 0, 0, 1;
    %assign/vec4 v0x5bc1f0781280_0, 0;
    %pushi/vec4 0, 0, 1;
    %assign/vec4 v0x5bc1f0751f00_0, 0;
    %pushi/vec4 0, 0, 5;
    %assign/vec4 v0x5bc1f076a2a0_0, 0;
    %pushi/vec4 0, 0, 1;
    %assign/vec4 v0x5bc1f0767670_0, 0;
    %pushi/vec4 0, 0, 9;
    %assign/vec4 v0x5bc1f0739e30_0, 0;
    %pushi/vec4 0, 0, 9;
    %assign/vec4 v0x5bc1f0747720_0, 0;
    %pushi/vec4 0, 0, 5;
    %assign/vec4 v0x5bc1f0747640_0, 0;
    %pushi/vec4 0, 0, 2;
    %assign/vec4 v0x5bc1f0737120_0, 0;
    %jmp T_64.1;
T_64.0 ;
    %load/vec4 v0x5bc1f0737120_0;
    %dup/vec4;
    %pushi/vec4 0, 0, 2;
    %cmp/u;
    %jmp/1 T_64.2, 6;
    %dup/vec4;
    %pushi/vec4 1, 0, 2;
    %cmp/u;
    %jmp/1 T_64.3, 6;
    %dup/vec4;
    %pushi/vec4 2, 0, 2;
    %cmp/u;
    %jmp/1 T_64.4, 6;
    %dup/vec4;
    %pushi/vec4 3, 0, 2;
    %cmp/u;
    %jmp/1 T_64.5, 6;
    %jmp T_64.6;
T_64.2 ;
    %load/vec4 v0x5bc1f0777c50_0;
    %cmpi/e 1, 0, 1;
    %jmp/0xz  T_64.7, 4;
    %pushi/vec4 1, 0, 1;
    %assign/vec4 v0x5bc1f0781280_0, 0;
    %pushi/vec4 1, 0, 2;
    %assign/vec4 v0x5bc1f0737120_0, 0;
T_64.7 ;
    %jmp T_64.6;
T_64.3 ;
    %load/vec4 v0x5bc1f0777c50_0;
    %cmpi/e 1, 0, 1;
    %flag_get/vec4 4;
    %jmp/0 T_64.11, 4;
    %load/vec4 v0x5bc1f0781280_0;
    %pushi/vec4 1, 0, 1;
    %cmp/e;
    %flag_get/vec4 4;
    %and;
T_64.11;
    %flag_set/vec4 8;
    %jmp/0xz  T_64.9, 8;
    %pushi/vec4 0, 0, 1;
    %assign/vec4 v0x5bc1f0781280_0, 0;
    %pushi/vec4 1, 0, 1;
    %assign/vec4 v0x5bc1f0751f00_0, 0;
    %pushi/vec4 0, 0, 1;
    %load/vec4 v0x5bc1f0781b70_0;
    %concat/vec4; draw_concat_vec4
    %assign/vec4 v0x5bc1f0747720_0, 0;
    %load/vec4 v0x5bc1f0781a90_0;
    %assign/vec4 v0x5bc1f0747640_0, 0;
    %pushi/vec4 2, 0, 2;
    %assign/vec4 v0x5bc1f0737120_0, 0;
T_64.9 ;
    %jmp T_64.6;
T_64.4 ;
    %load/vec4 v0x5bc1f0751600_0;
    %cmpi/e 1, 0, 1;
    %jmp/0xz  T_64.12, 4;
    %load/vec4 v0x5bc1f0747720_0;
    %load/vec4 v0x5bc1f0739e30_0;
    %cmp/u;
    %flag_or 5, 4;
    %jmp/1 T_64.16, 5;
    %flag_mov 8, 5;
    %load/vec4 v0x5bc1f0751e40_0;
    %cmpi/e 1, 0, 1;
    %flag_or 4, 8;
    %flag_mov 5, 4;
T_64.16;
    %jmp/0xz  T_64.14, 5;
    %load/vec4 v0x5bc1f0747640_0;
    %assign/vec4 v0x5bc1f076a2a0_0, 0;
    %pushi/vec4 1, 0, 1;
    %assign/vec4 v0x5bc1f0767670_0, 0;
    %pushi/vec4 0, 0, 1;
    %assign/vec4 v0x5bc1f0751f00_0, 0;
    %pushi/vec4 0, 0, 9;
    %assign/vec4 v0x5bc1f0739e30_0, 0;
    %pushi/vec4 3, 0, 2;
    %assign/vec4 v0x5bc1f0737120_0, 0;
    %load/vec4 v0x5bc1f0751e40_0;
    %cmpi/e 0, 0, 1;
    %jmp/0xz  T_64.17, 4;
    %vpi_call 2 2689 "$display", "%0t %m Error expecting WLAST", $time {0 0 0};
T_64.17 ;
    %jmp T_64.15;
T_64.14 ;
    %load/vec4 v0x5bc1f0739e30_0;
    %addi 1, 0, 9;
    %assign/vec4 v0x5bc1f0739e30_0, 0;
T_64.15 ;
T_64.12 ;
    %load/vec4 v0x5bc1f0751600_0;
    %cmpi/e 1, 0, 1;
    %flag_get/vec4 4;
    %jmp/0 T_64.21, 4;
    %load/vec4 v0x5bc1f07527d0_0;
    %load/vec4 v0x5bc1f0747640_0;
    %cmp/ne;
    %flag_get/vec4 4;
    %and;
T_64.21;
    %flag_set/vec4 8;
    %jmp/0xz  T_64.19, 8;
    %vpi_call 2 2698 "$display", "%0t %m Error AWID(0x%x):WID(0x%x) mismatch", $time, v0x5bc1f0747640_0, v0x5bc1f07527d0_0 {0 0 0};
T_64.19 ;
    %jmp T_64.6;
T_64.5 ;
    %load/vec4 v0x5bc1f076a360_0;
    %cmpi/e 1, 0, 1;
    %jmp/0xz  T_64.22, 4;
    %pushi/vec4 0, 0, 1;
    %assign/vec4 v0x5bc1f0767670_0, 0;
    %load/vec4 v0x5bc1f0777c50_0;
    %cmpi/e 1, 0, 1;
    %jmp/0xz  T_64.24, 4;
    %pushi/vec4 1, 0, 1;
    %assign/vec4 v0x5bc1f0781280_0, 0;
    %pushi/vec4 1, 0, 2;
    %assign/vec4 v0x5bc1f0737120_0, 0;
    %jmp T_64.25;
T_64.24 ;
    %pushi/vec4 0, 0, 2;
    %assign/vec4 v0x5bc1f0737120_0, 0;
T_64.25 ;
T_64.22 ;
    %jmp T_64.6;
T_64.6 ;
    %pop/vec4 1;
T_64.1 ;
    %jmp T_64;
    .thread T_64;
    .scope S_0x5bc1f07e0470;
T_65 ;
    %wait E_0x5bc1f0827e90;
    %load/vec4 v0x5bc1f07950a0_0;
    %cmpi/e 0, 0, 1;
    %jmp/0xz  T_65.0, 4;
    %pushi/vec4 0, 0, 1;
    %assign/vec4 v0x5bc1f0783620_0, 0;
    %pushi/vec4 0, 0, 5;
    %assign/vec4 v0x5bc1f07651e0_0, 0;
    %pushi/vec4 0, 0, 1;
    %assign/vec4 v0x5bc1f0763580_0, 0;
    %pushi/vec4 0, 0, 1;
    %assign/vec4 v0x5bc1f07530d0_0, 0;
    %pushi/vec4 0, 0, 5;
    %assign/vec4 v0x5bc1f0750c70_0, 0;
    %pushi/vec4 0, 0, 9;
    %assign/vec4 v0x5bc1f0750d30_0, 0;
    %pushi/vec4 0, 0, 9;
    %assign/vec4 v0x5bc1f0739d50_0, 0;
    %pushi/vec4 0, 0, 2;
    %assign/vec4 v0x5bc1f0737060_0, 0;
    %jmp T_65.1;
T_65.0 ;
    %load/vec4 v0x5bc1f0737060_0;
    %dup/vec4;
    %pushi/vec4 0, 0, 2;
    %cmp/u;
    %jmp/1 T_65.2, 6;
    %dup/vec4;
    %pushi/vec4 1, 0, 2;
    %cmp/u;
    %jmp/1 T_65.3, 6;
    %dup/vec4;
    %pushi/vec4 2, 0, 2;
    %cmp/u;
    %jmp/1 T_65.4, 6;
    %dup/vec4;
    %pushi/vec4 3, 0, 2;
    %cmp/u;
    %jmp/1 T_65.5, 6;
    %jmp T_65.6;
T_65.2 ;
    %load/vec4 v0x5bc1f0782d20_0;
    %cmpi/e 1, 0, 1;
    %jmp/0xz  T_65.7, 4;
    %pushi/vec4 1, 0, 1;
    %assign/vec4 v0x5bc1f0783620_0, 0;
    %pushi/vec4 1, 0, 2;
    %assign/vec4 v0x5bc1f0737060_0, 0;
T_65.7 ;
    %jmp T_65.6;
T_65.3 ;
    %load/vec4 v0x5bc1f0782d20_0;
    %cmpi/e 1, 0, 1;
    %flag_get/vec4 4;
    %jmp/0 T_65.11, 4;
    %load/vec4 v0x5bc1f0783620_0;
    %pushi/vec4 1, 0, 1;
    %cmp/e;
    %flag_get/vec4 4;
    %and;
T_65.11;
    %flag_set/vec4 8;
    %jmp/0xz  T_65.9, 8;
    %pushi/vec4 0, 0, 1;
    %assign/vec4 v0x5bc1f0783620_0, 0;
    %load/vec4 v0x5bc1f07934f0_0;
    %pad/u 9;
    %addi 1, 0, 9;
    %assign/vec4 v0x5bc1f0750d30_0, 0;
    %load/vec4 v0x5bc1f0795140_0;
    %assign/vec4 v0x5bc1f0750c70_0, 0;
    %load/vec4 v0x5bc1f0795140_0;
    %assign/vec4 v0x5bc1f07651e0_0, 0;
    %pushi/vec4 1, 0, 1;
    %assign/vec4 v0x5bc1f07530d0_0, 0;
    %load/vec4 v0x5bc1f07934f0_0;
    %pad/u 32;
    %cmpi/e 0, 0, 32;
    %flag_mov 8, 4;
    %jmp/0 T_65.12, 8;
    %pushi/vec4 1, 0, 1;
    %jmp/1 T_65.13, 8;
T_65.12 ; End of true expr.
    %pushi/vec4 0, 0, 1;
    %jmp/0 T_65.13, 8;
 ; End of false expr.
    %blend;
T_65.13;
    %assign/vec4 v0x5bc1f0763580_0, 0;
    %pushi/vec4 2, 0, 9;
    %assign/vec4 v0x5bc1f0739d50_0, 0;
    %pushi/vec4 2, 0, 2;
    %assign/vec4 v0x5bc1f0737060_0, 0;
T_65.9 ;
    %jmp T_65.6;
T_65.4 ;
    %load/vec4 v0x5bc1f0763640_0;
    %cmpi/e 1, 0, 1;
    %jmp/0xz  T_65.14, 4;
    %load/vec4 v0x5bc1f0750d30_0;
    %pad/u 32;
    %addi 1, 0, 32;
    %load/vec4 v0x5bc1f0739d50_0;
    %pad/u 32;
    %cmp/u;
    %flag_or 5, 4;
    %jmp/0xz  T_65.16, 5;
    %pushi/vec4 0, 0, 1;
    %assign/vec4 v0x5bc1f07530d0_0, 0;
    %pushi/vec4 0, 0, 1;
    %assign/vec4 v0x5bc1f0763580_0, 0;
    %pushi/vec4 0, 0, 9;
    %assign/vec4 v0x5bc1f0739d50_0, 0;
    %pushi/vec4 3, 0, 2;
    %assign/vec4 v0x5bc1f0737060_0, 0;
    %jmp T_65.17;
T_65.16 ;
    %load/vec4 v0x5bc1f0739d50_0;
    %load/vec4 v0x5bc1f0750d30_0;
    %cmp/e;
    %jmp/0xz  T_65.18, 4;
    %pushi/vec4 1, 0, 1;
    %assign/vec4 v0x5bc1f0763580_0, 0;
T_65.18 ;
    %load/vec4 v0x5bc1f0739d50_0;
    %addi 1, 0, 9;
    %assign/vec4 v0x5bc1f0739d50_0, 0;
T_65.17 ;
T_65.14 ;
    %jmp T_65.6;
T_65.5 ;
    %load/vec4 v0x5bc1f0782d20_0;
    %cmpi/e 1, 0, 1;
    %jmp/0xz  T_65.20, 4;
    %pushi/vec4 1, 0, 1;
    %assign/vec4 v0x5bc1f0783620_0, 0;
    %pushi/vec4 1, 0, 2;
    %assign/vec4 v0x5bc1f0737060_0, 0;
    %jmp T_65.21;
T_65.20 ;
    %pushi/vec4 0, 0, 2;
    %assign/vec4 v0x5bc1f0737060_0, 0;
T_65.21 ;
    %jmp T_65.6;
T_65.6 ;
    %pop/vec4 1;
T_65.1 ;
    %jmp T_65;
    .thread T_65;
    .scope S_0x5bc1f07c92a0;
T_66 ;
    %pushi/vec4 0, 0, 5;
    %store/vec4 v0x5bc1f078fc90_0, 0, 5;
    %end;
    .thread T_66;
    .scope S_0x5bc1f07c92a0;
T_67 ;
    %pushi/vec4 0, 0, 5;
    %store/vec4 v0x5bc1f078fd50_0, 0, 5;
    %end;
    .thread T_67;
    .scope S_0x5bc1f07c92a0;
T_68 ;
    %pushi/vec4 0, 0, 5;
    %store/vec4 v0x5bc1f07a6090_0, 0, 5;
    %end;
    .thread T_68;
    .scope S_0x5bc1f07c92a0;
T_69 ;
    %pushi/vec4 0, 0, 5;
    %store/vec4 v0x5bc1f079b820_0, 0, 5;
    %end;
    .thread T_69;
    .scope S_0x5bc1f07c92a0;
T_70 ;
    %wait E_0x5bc1f0827e90;
    %load/vec4 v0x5bc1f075ef20_0;
    %cmpi/e 0, 0, 1;
    %jmp/0xz  T_70.0, 4;
    %pushi/vec4 0, 0, 5;
    %assign/vec4 v0x5bc1f078fd50_0, 0;
    %pushi/vec4 1, 0, 5;
    %assign/vec4 v0x5bc1f079b820_0, 0;
    %jmp T_70.1;
T_70.0 ;
    %load/vec4 v0x5bc1f07906d0_0;
    %flag_set/vec4 8;
    %jmp/0xz  T_70.2, 8;
    %pushi/vec4 0, 0, 5;
    %assign/vec4 v0x5bc1f078fd50_0, 0;
    %pushi/vec4 1, 0, 5;
    %assign/vec4 v0x5bc1f079b820_0, 0;
    %jmp T_70.3;
T_70.2 ;
    %load/vec4 v0x5bc1f078f7d0_0;
    %nor/r;
    %flag_set/vec4 9;
    %flag_get/vec4 9;
    %jmp/0 T_70.6, 9;
    %load/vec4 v0x5bc1f075eb20_0;
    %and;
T_70.6;
    %flag_set/vec4 8;
    %jmp/0xz  T_70.4, 8;
    %load/vec4 v0x5bc1f079b820_0;
    %assign/vec4 v0x5bc1f078fd50_0, 0;
    %load/vec4 v0x5bc1f079b820_0;
    %addi 1, 0, 5;
    %assign/vec4 v0x5bc1f079b820_0, 0;
T_70.4 ;
T_70.3 ;
T_70.1 ;
    %jmp T_70;
    .thread T_70;
    .scope S_0x5bc1f07c92a0;
T_71 ;
    %wait E_0x5bc1f0827e90;
    %load/vec4 v0x5bc1f075ef20_0;
    %cmpi/e 0, 0, 1;
    %jmp/0xz  T_71.0, 4;
    %pushi/vec4 0, 0, 5;
    %assign/vec4 v0x5bc1f078fc90_0, 0;
    %pushi/vec4 1, 0, 5;
    %assign/vec4 v0x5bc1f07a6090_0, 0;
    %jmp T_71.1;
T_71.0 ;
    %load/vec4 v0x5bc1f07906d0_0;
    %flag_set/vec4 8;
    %jmp/0xz  T_71.2, 8;
    %pushi/vec4 0, 0, 5;
    %assign/vec4 v0x5bc1f078fc90_0, 0;
    %pushi/vec4 1, 0, 5;
    %assign/vec4 v0x5bc1f07a6090_0, 0;
    %jmp T_71.3;
T_71.2 ;
    %load/vec4 v0x5bc1f0790150_0;
    %nor/r;
    %flag_set/vec4 9;
    %flag_get/vec4 9;
    %jmp/0 T_71.6, 9;
    %load/vec4 v0x5bc1f079d280_0;
    %and;
T_71.6;
    %flag_set/vec4 8;
    %jmp/0xz  T_71.4, 8;
    %load/vec4 v0x5bc1f07a6090_0;
    %assign/vec4 v0x5bc1f078fc90_0, 0;
    %load/vec4 v0x5bc1f07a6090_0;
    %addi 1, 0, 5;
    %assign/vec4 v0x5bc1f07a6090_0, 0;
T_71.4 ;
T_71.3 ;
T_71.1 ;
    %jmp T_71;
    .thread T_71;
    .scope S_0x5bc1f07c92a0;
T_72 ;
    %wait E_0x5bc1f0827e90;
    %load/vec4 v0x5bc1f075ef20_0;
    %cmpi/e 0, 0, 1;
    %jmp/0xz  T_72.0, 4;
    %pushi/vec4 0, 0, 5;
    %assign/vec4 v0x5bc1f07a5fd0_0, 0;
    %jmp T_72.1;
T_72.0 ;
    %load/vec4 v0x5bc1f07906d0_0;
    %flag_set/vec4 8;
    %jmp/0xz  T_72.2, 8;
    %pushi/vec4 0, 0, 5;
    %assign/vec4 v0x5bc1f07a5fd0_0, 0;
    %jmp T_72.3;
T_72.2 ;
    %load/vec4 v0x5bc1f075eb20_0;
    %flag_set/vec4 10;
    %flag_get/vec4 10;
    %jmp/0 T_72.7, 10;
    %load/vec4 v0x5bc1f078f7d0_0;
    %nor/r;
    %and;
T_72.7;
    %flag_set/vec4 9;
    %flag_get/vec4 9;
    %jmp/0 T_72.6, 9;
    %load/vec4 v0x5bc1f079d280_0;
    %nor/r;
    %flag_set/vec4 9;
    %flag_get/vec4 9;
    %jmp/1 T_72.8, 9;
    %load/vec4 v0x5bc1f079d280_0;
    %flag_set/vec4 9;
    %flag_get/vec4 9;
    %jmp/0 T_72.9, 9;
    %load/vec4 v0x5bc1f0790150_0;
    %and;
T_72.9;
    %or;
T_72.8;
    %and;
T_72.6;
    %flag_set/vec4 8;
    %jmp/0xz  T_72.4, 8;
    %load/vec4 v0x5bc1f07a5fd0_0;
    %addi 1, 0, 5;
    %assign/vec4 v0x5bc1f07a5fd0_0, 0;
    %jmp T_72.5;
T_72.4 ;
    %load/vec4 v0x5bc1f079d280_0;
    %flag_set/vec4 10;
    %flag_get/vec4 10;
    %jmp/0 T_72.13, 10;
    %load/vec4 v0x5bc1f0790150_0;
    %nor/r;
    %and;
T_72.13;
    %flag_set/vec4 9;
    %flag_get/vec4 9;
    %jmp/0 T_72.12, 9;
    %load/vec4 v0x5bc1f075eb20_0;
    %nor/r;
    %flag_set/vec4 9;
    %flag_get/vec4 9;
    %jmp/1 T_72.14, 9;
    %load/vec4 v0x5bc1f075eb20_0;
    %flag_set/vec4 9;
    %flag_get/vec4 9;
    %jmp/0 T_72.15, 9;
    %load/vec4 v0x5bc1f078f7d0_0;
    %and;
T_72.15;
    %or;
T_72.14;
    %and;
T_72.12;
    %flag_set/vec4 8;
    %jmp/0xz  T_72.10, 8;
    %load/vec4 v0x5bc1f07a5fd0_0;
    %subi 1, 0, 5;
    %assign/vec4 v0x5bc1f07a5fd0_0, 0;
T_72.10 ;
T_72.5 ;
T_72.3 ;
T_72.1 ;
    %jmp T_72;
    .thread T_72;
    .scope S_0x5bc1f07c92a0;
T_73 ;
    %wait E_0x5bc1f0827a10;
    %load/vec4 v0x5bc1f078f7d0_0;
    %nor/r;
    %flag_set/vec4 9;
    %flag_get/vec4 9;
    %jmp/0 T_73.2, 9;
    %load/vec4 v0x5bc1f075eb20_0;
    %and;
T_73.2;
    %flag_set/vec4 8;
    %jmp/0xz  T_73.0, 8;
    %load/vec4 v0x5bc1f075efe0_0;
    %load/vec4 v0x5bc1f078fd50_0;
    %parti/s 4, 0, 2;
    %pad/u 6;
    %ix/vec4 3;
    %ix/load 4, 0, 0; Constant delay
    %assign/vec4/a/d v0x5bc1f08180c0, 0, 4;
T_73.0 ;
    %jmp T_73;
    .thread T_73;
    .scope S_0x5bc1f07e0e90;
T_74 ;
    %pushi/vec4 0, 0, 5;
    %store/vec4 v0x5bc1f0813320_0, 0, 5;
    %end;
    .thread T_74;
    .scope S_0x5bc1f07e0e90;
T_75 ;
    %pushi/vec4 0, 0, 5;
    %store/vec4 v0x5bc1f08133e0_0, 0, 5;
    %end;
    .thread T_75;
    .scope S_0x5bc1f07e0e90;
T_76 ;
    %pushi/vec4 0, 0, 5;
    %store/vec4 v0x5bc1f08113e0_0, 0, 5;
    %end;
    .thread T_76;
    .scope S_0x5bc1f07e0e90;
T_77 ;
    %pushi/vec4 0, 0, 5;
    %store/vec4 v0x5bc1f07f99e0_0, 0, 5;
    %end;
    .thread T_77;
    .scope S_0x5bc1f07e0e90;
T_78 ;
    %wait E_0x5bc1f0827e90;
    %load/vec4 v0x5bc1f07a1c90_0;
    %cmpi/e 0, 0, 1;
    %jmp/0xz  T_78.0, 4;
    %pushi/vec4 0, 0, 5;
    %assign/vec4 v0x5bc1f08133e0_0, 0;
    %pushi/vec4 1, 0, 5;
    %assign/vec4 v0x5bc1f07f99e0_0, 0;
    %jmp T_78.1;
T_78.0 ;
    %load/vec4 v0x5bc1f073f3e0_0;
    %flag_set/vec4 8;
    %jmp/0xz  T_78.2, 8;
    %pushi/vec4 0, 0, 5;
    %assign/vec4 v0x5bc1f08133e0_0, 0;
    %pushi/vec4 1, 0, 5;
    %assign/vec4 v0x5bc1f07f99e0_0, 0;
    %jmp T_78.3;
T_78.2 ;
    %load/vec4 v0x5bc1f0812580_0;
    %nor/r;
    %flag_set/vec4 9;
    %flag_get/vec4 9;
    %jmp/0 T_78.6, 9;
    %load/vec4 v0x5bc1f0771ca0_0;
    %and;
T_78.6;
    %flag_set/vec4 8;
    %jmp/0xz  T_78.4, 8;
    %load/vec4 v0x5bc1f07f99e0_0;
    %assign/vec4 v0x5bc1f08133e0_0, 0;
    %load/vec4 v0x5bc1f07f99e0_0;
    %addi 1, 0, 5;
    %assign/vec4 v0x5bc1f07f99e0_0, 0;
T_78.4 ;
T_78.3 ;
T_78.1 ;
    %jmp T_78;
    .thread T_78;
    .scope S_0x5bc1f07e0e90;
T_79 ;
    %wait E_0x5bc1f0827e90;
    %load/vec4 v0x5bc1f07a1c90_0;
    %cmpi/e 0, 0, 1;
    %jmp/0xz  T_79.0, 4;
    %pushi/vec4 0, 0, 5;
    %assign/vec4 v0x5bc1f0813320_0, 0;
    %pushi/vec4 1, 0, 5;
    %assign/vec4 v0x5bc1f08113e0_0, 0;
    %jmp T_79.1;
T_79.0 ;
    %load/vec4 v0x5bc1f073f3e0_0;
    %flag_set/vec4 8;
    %jmp/0xz  T_79.2, 8;
    %pushi/vec4 0, 0, 5;
    %assign/vec4 v0x5bc1f0813320_0, 0;
    %pushi/vec4 1, 0, 5;
    %assign/vec4 v0x5bc1f08113e0_0, 0;
    %jmp T_79.3;
T_79.2 ;
    %load/vec4 v0x5bc1f073e0c0_0;
    %nor/r;
    %flag_set/vec4 9;
    %flag_get/vec4 9;
    %jmp/0 T_79.6, 9;
    %load/vec4 v0x5bc1f07c6ce0_0;
    %and;
T_79.6;
    %flag_set/vec4 8;
    %jmp/0xz  T_79.4, 8;
    %load/vec4 v0x5bc1f08113e0_0;
    %assign/vec4 v0x5bc1f0813320_0, 0;
    %load/vec4 v0x5bc1f08113e0_0;
    %addi 1, 0, 5;
    %assign/vec4 v0x5bc1f08113e0_0, 0;
T_79.4 ;
T_79.3 ;
T_79.1 ;
    %jmp T_79;
    .thread T_79;
    .scope S_0x5bc1f07e0e90;
T_80 ;
    %wait E_0x5bc1f0827e90;
    %load/vec4 v0x5bc1f07a1c90_0;
    %cmpi/e 0, 0, 1;
    %jmp/0xz  T_80.0, 4;
    %pushi/vec4 0, 0, 5;
    %assign/vec4 v0x5bc1f0811300_0, 0;
    %jmp T_80.1;
T_80.0 ;
    %load/vec4 v0x5bc1f073f3e0_0;
    %flag_set/vec4 8;
    %jmp/0xz  T_80.2, 8;
    %pushi/vec4 0, 0, 5;
    %assign/vec4 v0x5bc1f0811300_0, 0;
    %jmp T_80.3;
T_80.2 ;
    %load/vec4 v0x5bc1f0771ca0_0;
    %flag_set/vec4 10;
    %flag_get/vec4 10;
    %jmp/0 T_80.7, 10;
    %load/vec4 v0x5bc1f0812580_0;
    %nor/r;
    %and;
T_80.7;
    %flag_set/vec4 9;
    %flag_get/vec4 9;
    %jmp/0 T_80.6, 9;
    %load/vec4 v0x5bc1f07c6ce0_0;
    %nor/r;
    %flag_set/vec4 9;
    %flag_get/vec4 9;
    %jmp/1 T_80.8, 9;
    %load/vec4 v0x5bc1f07c6ce0_0;
    %flag_set/vec4 9;
    %flag_get/vec4 9;
    %jmp/0 T_80.9, 9;
    %load/vec4 v0x5bc1f073e0c0_0;
    %and;
T_80.9;
    %or;
T_80.8;
    %and;
T_80.6;
    %flag_set/vec4 8;
    %jmp/0xz  T_80.4, 8;
    %load/vec4 v0x5bc1f0811300_0;
    %addi 1, 0, 5;
    %assign/vec4 v0x5bc1f0811300_0, 0;
    %jmp T_80.5;
T_80.4 ;
    %load/vec4 v0x5bc1f07c6ce0_0;
    %flag_set/vec4 10;
    %flag_get/vec4 10;
    %jmp/0 T_80.13, 10;
    %load/vec4 v0x5bc1f073e0c0_0;
    %nor/r;
    %and;
T_80.13;
    %flag_set/vec4 9;
    %flag_get/vec4 9;
    %jmp/0 T_80.12, 9;
    %load/vec4 v0x5bc1f0771ca0_0;
    %nor/r;
    %flag_set/vec4 9;
    %flag_get/vec4 9;
    %jmp/1 T_80.14, 9;
    %load/vec4 v0x5bc1f0771ca0_0;
    %flag_set/vec4 9;
    %flag_get/vec4 9;
    %jmp/0 T_80.15, 9;
    %load/vec4 v0x5bc1f0812580_0;
    %and;
T_80.15;
    %or;
T_80.14;
    %and;
T_80.12;
    %flag_set/vec4 8;
    %jmp/0xz  T_80.10, 8;
    %load/vec4 v0x5bc1f0811300_0;
    %subi 1, 0, 5;
    %assign/vec4 v0x5bc1f0811300_0, 0;
T_80.10 ;
T_80.5 ;
T_80.3 ;
T_80.1 ;
    %jmp T_80;
    .thread T_80;
    .scope S_0x5bc1f07e0e90;
T_81 ;
    %wait E_0x5bc1f0827a10;
    %load/vec4 v0x5bc1f0812580_0;
    %nor/r;
    %flag_set/vec4 9;
    %flag_get/vec4 9;
    %jmp/0 T_81.2, 9;
    %load/vec4 v0x5bc1f0771ca0_0;
    %and;
T_81.2;
    %flag_set/vec4 8;
    %jmp/0xz  T_81.0, 8;
    %load/vec4 v0x5bc1f075e6e0_0;
    %load/vec4 v0x5bc1f08133e0_0;
    %parti/s 4, 0, 2;
    %pad/u 6;
    %ix/vec4 3;
    %ix/load 4, 0, 0; Constant delay
    %assign/vec4/a/d v0x5bc1f0728eb0, 0, 4;
T_81.0 ;
    %jmp T_81;
    .thread T_81;
    .scope S_0x5bc1f07dfa60;
T_82 ;
T_82.0 ;
    %load/vec4 v0x5bc1f0864040_0;
    %pushi/vec4 0, 0, 1;
    %cmp/e;
    %flag_get/vec4 4;
    %cmpi/ne 1, 0, 1;
    %jmp/0xz T_82.1, 6;
    %wait E_0x5bc1f08279d0;
    %jmp T_82.0;
T_82.1 ;
T_82.2 ;
    %load/vec4 v0x5bc1f0864040_0;
    %pushi/vec4 1, 0, 1;
    %cmp/e;
    %flag_get/vec4 4;
    %cmpi/ne 1, 0, 1;
    %jmp/0xz T_82.3, 6;
    %wait E_0x5bc1f08279d0;
    %jmp T_82.2;
T_82.3 ;
    %pushi/vec4 2, 0, 32;
T_82.4 %dup/vec4;
    %pushi/vec4 0, 0, 32;
    %cmp/s;
    %jmp/1xz T_82.5, 5;
    %jmp/1 T_82.5, 4;
    %pushi/vec4 1, 0, 32;
    %sub;
    %wait E_0x5bc1f0827a10;
    %jmp T_82.4;
T_82.5 ;
    %pop/vec4 1;
    %load/vec4 v0x5bc1f08656d0_0;
    %load/vec4 v0x5bc1f0867af0_0;
    %cmp/e;
    %jmp/0xz  T_82.6, 6;
    %vpi_call 2 1235 "$display", "%m ERROR each master should have unique ID, but M0_MID:%d M1_MID:%d", v0x5bc1f08656d0_0, v0x5bc1f0867af0_0 {0 0 0};
T_82.6 ;
    %end;
    .thread T_82;
    .scope S_0x5bc1f07dfa60;
T_83 ;
    %end;
    .thread T_83;
# The file index is used to find the file name in the following table.
:file_names 3;
    "N/A";
    "<interactive>";
    "axi.v";
